CustomerID,Gender,SeniorCitizen,Tenure,Contract,PaymentMethod,MonthlyCharges,TotalCharges,Churn
7590-VHVEG,Female,0,1,Month-to-month,UPI,298.5,298.5,No
5575-GNVDE,Male,0,34,One year,Debit Card,569.5,18895,No
3668-QPYBK,Male,0,2,Month-to-month,Debit Card,538.5,1081.5,Yes
7795-CFOCW,Male,0,45,One year,UPI,423,18407.5,No
9237-HQITU,Female,0,2,Month-to-month,UPI,707,1516.5,Yes
9305-CDSKC,Female,0,8,Month-to-month,UPI,996.5,8205,Yes
1452-KIOVK,Male,0,22,Month-to-month,Credit card (automatic),891,19494,No
6713-OKOMC,Female,0,10,Month-to-month,Debit Card,297.5,3019,No
7892-POOKP,Female,0,28,Month-to-month,UPI,1048,30460.5,Yes
6388-TABGU,Male,0,62,One year,UPI,561.5,34879.5,No
9763-GRSKD,Male,0,13,Month-to-month,Debit Card,499.5,5874.5,No
7469-LKBCI,Male,0,16,Two year,Credit card (automatic),189.5,3268,No
8091-TTVAX,Male,0,58,One year,Credit card (automatic),1003.5,56811,No
0280-XJGEX,Male,0,49,Month-to-month,UPI,1037,50363,Yes
5129-JLPIS,Male,0,25,Month-to-month,UPI,1055,26860.5,No
3655-SNQYZ,Female,0,69,Two year,Credit card (automatic),1132.5,78951.5,No
8191-XWSZG,Female,0,52,One year,Debit Card,206.5,10229.5,No
9959-WOFKT,Male,0,71,Two year,UPI,1067,73822.5,No
4190-MFLUW,Female,0,10,Month-to-month,Credit card (automatic),552,5283.5,Yes
4183-MYFRB,Female,0,21,Month-to-month,UPI,900.5,18629,No
8779-QRDMV,Male,1,1,Month-to-month,UPI,396.5,396.5,Yes
1680-VDCWW,Male,0,12,One year,UPI,198,2022.5,No
1066-JKSGK,Male,0,1,Month-to-month,Debit Card,201.5,201.5,Yes
3638-WEABW,Female,0,58,Two year,Credit card (automatic),599,35051,No
6322-HRPFA,Male,0,49,Month-to-month,Credit card (automatic),596,29703,No
6865-JZNKO,Female,0,30,Month-to-month,UPI,553,15306,No
6467-CHFZW,Male,0,47,Month-to-month,UPI,993.5,47491.5,Yes
8665-UTDHZ,Male,0,1,Month-to-month,UPI,302,302,Yes
5248-YGIJN,Male,0,72,Two year,Credit card (automatic),902.5,63694.5,No
8773-HHUOZ,Female,0,17,Month-to-month,Debit Card,647,10931,Yes
3841-NFECX,Female,1,71,Two year,Credit card (automatic),963.5,67669.5,No
4929-XIHVW,Male,1,2,Month-to-month,Credit card (automatic),955,1816.5,No
6827-IEAUQ,Female,0,27,One year,Debit Card,661.5,18744.5,No
7310-EGVHZ,Male,0,1,Month-to-month,UPI,202,202,No
3413-BMNZE,Male,1,1,Month-to-month,UPI,452.5,452.5,No
6234-RAAPL,Female,0,72,Two year,UPI,999,72517,No
6047-YHPVI,Male,0,5,Month-to-month,UPI,697,3169,Yes
6572-ADKRS,Female,0,46,Month-to-month,Credit card (automatic),748,35483,No
5380-WJKOV,Male,0,34,Month-to-month,UPI,1063.5,35492.5,Yes
8168-UQWWF,Female,0,11,Month-to-month,UPI,978.5,11054,Yes
8865-TNMNX,Male,0,10,One year,Debit Card,495.5,4757,No
9489-DEDVP,Female,0,70,Two year,Credit card (automatic),692,48723.5,No
9867-JCZSP,Female,0,17,One year,Debit Card,207.5,4182.5,No
4671-VJLCL,Female,0,63,Two year,Credit card (automatic),798.5,48614.5,No
4080-IIARD,Female,0,13,Month-to-month,UPI,762,9814.5,No
3714-NTNFO,Female,0,49,Month-to-month,UPI,845,39067,No
5948-UJZLF,Male,0,2,Month-to-month,Debit Card,492.5,970,No
7760-OYPDY,Female,0,2,Month-to-month,UPI,806.5,1441.5,Yes
7639-LIAYI,Male,0,52,Two year,Credit card (automatic),797.5,42178,No
2954-PIBKO,Female,0,69,Two year,Credit card (automatic),641.5,42541,No
8012-SOUDQ,Female,1,43,Month-to-month,UPI,902.5,38387.5,No
9420-LOJKX,Female,0,15,Month-to-month,Credit card (automatic),991,14264,Yes
6575-SUVOI,Female,1,25,Month-to-month,Credit card (automatic),695,17526.5,No
7495-OOKFY,Female,1,8,Month-to-month,Credit card (automatic),806.5,6333,Yes
4667-QONEA,Female,1,60,One year,Credit card (automatic),748.5,44563.5,No
1658-BYGOY,Male,1,18,Month-to-month,UPI,954.5,17525.5,Yes
8769-KKTPH,Female,0,63,One year,Credit card (automatic),996.5,63112,No
5067-XJQFU,Male,1,66,One year,UPI,1084.5,70763.5,No
3957-SQXML,Female,0,34,Two year,Credit card (automatic),249.5,8943,No
5954-BDFSG,Female,0,72,Two year,Credit card (automatic),1075,78537,No
0434-CSFON,Female,0,47,Month-to-month,UPI,1005,47071,No
1215-FIGMP,Male,0,60,Month-to-month,UPI,899,54507,No
0526-SXDJP,Male,0,72,Two year,UPI,421,29620,No
0557-ASKVU,Female,0,18,One year,Credit card (automatic),544,9571,No
5698-BQJOH,Female,0,9,Month-to-month,UPI,944,8572.5,Yes
5122-CYFXA,Female,0,3,Month-to-month,UPI,753,2441,No
8627-ZYGSZ,Male,0,47,One year,UPI,789,36503.5,No
3410-YOQBQ,Female,0,31,Two year,Debit Card,792,24972,No
3170-NMYVV,Female,0,50,Two year,UPI,201.5,9309,No
7410-OIEDU,Male,0,10,Month-to-month,Debit Card,798.5,8873.5,No
2273-QCKXA,Male,0,1,Month-to-month,Debit Card,490.5,490.5,No
0731-EBJQB,Female,0,52,One year,UPI,204,10906.5,No
1891-QRQSA,Male,1,64,Two year,UPI,1116,70990,No
8028-PNXHQ,Male,0,62,Two year,UPI,242.5,14246,No
5630-AHZIL,Female,0,3,Month-to-month,UPI,645,1774,No
2673-CXQEU,Female,1,56,One year,UPI,1105,61395,No
6416-JNVRK,Female,0,46,One year,Credit card (automatic),556.5,26888.5,No
5590-ZSKRV,Female,0,8,Month-to-month,Debit Card,546.5,4822.5,No
0191-ZHSKZ,Male,1,30,Month-to-month,UPI,747.5,21113,No
3887-PBQAO,Female,0,45,One year,Credit card (automatic),259,12166,No
5919-TMRGD,Female,0,1,Month-to-month,UPI,793.5,793.5,Yes
8108-UXRQN,Female,0,11,Month-to-month,UPI,505.5,5653.5,No
9191-MYQKX,Female,0,7,Month-to-month,UPI,751.5,4969,Yes
9919-YLNNG,Female,0,42,Month-to-month,UPI,1038,43275,No
0318-ZOPWS,Female,0,49,Two year,UPI,201.5,9733.5,No
4445-ZJNMU,Male,0,9,Month-to-month,Credit card (automatic),993,9187.5,No
4808-YNLEU,Female,0,35,One year,UPI,621.5,22154.5,No
1862-QRWPE,Female,0,48,Two year,UPI,206.5,10570,No
2796-NNUFI,Female,0,46,Two year,Debit Card,199.5,9271,No
3016-KSVCP,Male,0,29,Month-to-month,Debit Card,337.5,10092.5,No
4767-HZZHQ,Male,0,30,Month-to-month,UPI,820.5,25702,No
2424-WVHPL,Male,1,1,Month-to-month,UPI,747,747,No
7233-PAHHL,Male,0,66,Two year,Debit Card,840,57142.5,No
6067-NGCEU,Female,0,65,Month-to-month,Credit card (automatic),1110.5,71070,No
9848-JQJTX,Male,0,72,Two year,UPI,1009,74590.5,No
8637-XJIVR,Female,0,12,Month-to-month,UPI,789.5,9273.5,Yes
9803-FTJCG,Male,0,71,One year,Credit card (automatic),668.5,47487,No
0278-YXOOG,Male,0,5,Month-to-month,Debit Card,210.5,1138.5,Yes
3212-KXOCR,Male,0,52,Two year,UPI,210,11072,No
4598-XLKNJ,Female,1,25,Month-to-month,UPI,985,25145,Yes
6380-ARCEH,Male,0,1,Month-to-month,Debit Card,202,202,No
3679-XASPY,Female,0,1,Month-to-month,UPI,194.5,194.5,No
7123-WQUHX,Male,0,38,One year,UPI,950,36056,No
5386-THSLQ,Female,1,66,One year,UPI,455.5,30272.5,No
3192-NQECA,Male,0,68,Two year,UPI,1100,76118.5,Yes
6180-YBIQI,Male,0,5,Month-to-month,Debit Card,243,1002,No
6728-DKUCO,Female,0,72,One year,UPI,1041.5,73030.5,No
9750-BOOHV,Female,0,32,One year,Debit Card,301.5,9276.5,No
8597-CWYHH,Male,0,43,One year,Debit Card,943.5,39213,No
2848-YXSMW,Male,0,72,Two year,Credit card (automatic),194,13632.5,No
0486-HECZI,Male,0,55,Month-to-month,UPI,967.5,52389,Yes
4549-ZDQYY,Female,0,52,One year,Credit card (automatic),579.5,30422.5,No
5712-AHQNN,Female,0,43,Month-to-month,UPI,916.5,39541,No
4846-WHAFZ,Female,1,37,Month-to-month,UPI,765,28681.5,Yes
5256-SKJGO,Female,0,64,Two year,UPI,546,34235,No
3071-VBYPO,Male,0,3,Month-to-month,UPI,898.5,2484,No
9560-BBZXK,Female,0,36,Two year,UPI,310.5,11263.5,No
5299-RULOA,Female,0,10,Month-to-month,UPI,1002.5,10646.5,Yes
8402-OOOHJ,Female,0,41,Two year,Debit Card,206.5,8351.5,No
9445-ZUEQE,Male,0,27,Month-to-month,Credit card (automatic),852,21516,No
1091-SOZGA,Female,0,56,One year,Credit card (automatic),998,55154.5,No
2928-HLDBA,Female,0,6,Month-to-month,Debit Card,207,1127.5,No
0404-SWRVG,Male,0,3,Month-to-month,UPI,744,2295.5,Yes
6497-TILVL,Female,0,7,Month-to-month,Debit Card,507,3503.5,No
7219-TLZHO,Female,0,4,Month-to-month,Debit Card,208.5,629,No
4622-YNKIJ,Male,0,33,Two year,UPI,889.5,30276.5,No
4412-YLTKF,Female,1,27,Month-to-month,UPI,780.5,21355,Yes
6734-PSBAW,Male,0,72,Two year,UPI,235.5,17239.5,No
3930-ZGWVE,Male,0,1,Month-to-month,Debit Card,197.5,197.5,No
2639-UGMAZ,Male,1,71,One year,UPI,564.5,39853.5,No
2876-GZYZC,Female,0,13,Month-to-month,UPI,859.5,12156.5,No
6207-WIOLX,Female,0,25,Month-to-month,Credit card (automatic),586,15026.5,Yes
8587-XYZSF,Male,0,67,Two year,UPI,505.5,32601,No
3091-FYHKI,Male,0,1,Month-to-month,UPI,354.5,354.5,Yes
2372-HWUHI,Male,0,2,Month-to-month,UPI,443.5,812.5,Yes
7799-LGRDP,Female,0,43,Two year,Credit card (automatic),257,11882,No
7850-VWJUU,Female,0,23,Month-to-month,UPI,750,17785,No
3774-VBNXY,Female,0,64,Two year,Debit Card,202,12777.5,No
6217-KDYWC,Male,0,57,Two year,Debit Card,196,11705.5,No
0390-DCFDQ,Female,1,1,Month-to-month,Debit Card,704.5,704.5,Yes
3146-MSEGF,Female,1,72,Two year,Credit card (automatic),880.5,64256.5,No
4080-OGPJL,Female,0,8,Month-to-month,UPI,711.5,5636.5,Yes
1095-WGNGG,Female,0,61,Two year,UPI,1010.5,59712.5,No
2636-SJDOU,Male,0,64,One year,Credit card (automatic),843,52890.5,No
1131-QQZEB,Male,1,71,Two year,UPI,239.5,17562,No
5716-EZXZN,Female,0,65,Two year,Credit card (automatic),990.5,64167,No
6837-BJYDQ,Male,0,3,One year,Debit Card,196,613.5,No
2135-RXIHG,Male,0,1,Month-to-month,UPI,456.5,456.5,Yes
6440-DKQGE,Male,0,30,One year,Credit card (automatic),645,19299.5,No
3466-BYAVD,Male,0,15,Month-to-month,Debit Card,695,10714,No
3780-YVMFA,Female,0,8,Month-to-month,UPI,685.5,5643.5,No
3874-EQOEP,Male,0,7,Month-to-month,Debit Card,950,6555,Yes
1679-JRFBR,Female,0,70,One year,Credit card (automatic),1081.5,79305.5,No
9073-ZZIAY,Male,0,62,Two year,UPI,861,52152.5,No
3077-RSNTJ,Female,0,6,Month-to-month,Debit Card,197,1135,No
6551-GNYDG,Female,0,14,Month-to-month,UPI,809,11528,No
9167-APMXZ,Female,0,22,Month-to-month,UPI,841.5,18219.5,No
2749-CTKAJ,Male,0,22,One year,Debit Card,201.5,4199,No
6371-NZYEG,Male,0,16,Two year,Debit Card,642.5,10240,No
7554-NEWDD,Male,0,10,Two year,UPI,257,2516,No
8992-VONJD,Female,0,13,Month-to-month,UPI,560,7645.5,No
0867-MKZVY,Female,0,20,Month-to-month,UPI,824,15923.5,Yes
4482-EWFMI,Female,0,2,Month-to-month,UPI,697,1352,No
4648-YPBTM,Male,0,53,Two year,UPI,739,39582.5,No
2907-ILJBN,Female,0,11,One year,Debit Card,206,2339,No
6345-FZOQH,Male,0,69,Two year,Debit Card,199,13634.5,No
3376-BMGFE,Female,0,4,Month-to-month,UPI,709,2730,Yes
5997-OPVFA,Male,0,72,Two year,UPI,890.5,62544.5,No
3445-HXXGF,Male,1,58,Month-to-month,UPI,453,26512,Yes
1159-WFSGR,Female,0,16,Month-to-month,UPI,204,3214,No
7654-YWJUF,Male,0,43,One year,UPI,842.5,35392.5,No
1875-QIVME,Female,0,2,Month-to-month,UPI,1044,2428,Yes
6727-IOTLZ,Male,0,14,Two year,Debit Card,819.5,11817.5,No
0691-JVSYA,Female,0,53,One year,UPI,948.5,50002,Yes
5918-VUKWP,Female,0,32,One year,UPI,205.5,6545.5,No
1744-JHKYS,Female,0,34,Month-to-month,UPI,247,7802,No
2656-FMOKZ,Female,1,15,Month-to-month,Debit Card,744.5,11457,Yes
2070-FNEXE,Female,1,7,Month-to-month,UPI,764.5,5036,Yes
5947-SGKCL,Female,0,15,Month-to-month,UPI,1053.5,15592.5,No
3712-PKXZA,Male,0,61,One year,Credit card (automatic),205.5,12520,No
6317-YPKDH,Female,0,1,Month-to-month,UPI,299.5,299.5,Yes
6582-OIVSP,Female,0,1,Month-to-month,Debit Card,453,453,No
9367-WXLCH,Male,0,8,Month-to-month,UPI,845,6626.5,Yes
5524-KHNJP,Male,0,33,One year,Credit card (automatic),747.5,24533,No
1918-ZBFQJ,Female,0,13,Month-to-month,UPI,792.5,11116.5,Yes
1024-GUALD,Female,0,1,Month-to-month,UPI,248,248,Yes
4827-USJHP,Male,0,20,Month-to-month,Debit Card,518,10238.5,No
8167-GJLRN,Male,0,3,Month-to-month,UPI,304,821.5,No
0956-SYCWG,Female,0,13,One year,UPI,196.5,2448,No
8017-UVSZU,Female,0,40,Month-to-month,Credit card (automatic),566,23791,No
7100-FQPRV,Male,0,43,One year,Credit card (automatic),719,31733.5,No
2472-OVKUP,Male,0,6,Month-to-month,UPI,910,5310,Yes
2984-RGEYA,Female,0,69,Two year,UPI,197.5,13754,No
9680-NIAUV,Female,0,72,Two year,Credit card (automatic),1097,81293,No
2146-EGVDT,Male,0,59,Two year,Credit card (automatic),193,11927,No
2604-IJPDU,Female,0,20,Month-to-month,UPI,965.5,19016.5,No
9178-JHUVJ,Male,0,24,Two year,UPI,241,5874,No
6168-YBYNP,Male,0,59,Month-to-month,UPI,1113.5,65197.5,No
7255-SSFBC,Male,0,72,Two year,UPI,1122.5,80416.5,No
3645-DEYGF,Male,0,1,Month-to-month,Debit Card,207.5,207.5,No
9323-HGFWY,Female,0,27,One year,Credit card (automatic),1019,26811.5,No
8544-GOQSH,Female,0,14,Month-to-month,Credit card (automatic),800.5,11123,No
3363-DTIVD,Male,0,71,Two year,UPI,1055.5,74055,No
7018-WBJNK,Male,0,13,Month-to-month,Credit card (automatic),783,10339.5,No
9142-KZXOP,Male,0,44,Month-to-month,Credit card (automatic),688.5,29589.5,No
7674-YTAFD,Female,0,33,One year,UPI,799.5,26848.5,No
6348-SNFUS,Male,0,72,Two year,Credit card (automatic),554.5,41792,No
1285-OKIPP,Male,0,1,Month-to-month,UPI,799,799,Yes
7825-ECJRF,Female,0,19,Month-to-month,UPI,1066,19344.5,Yes
1347-KTTTA,Male,0,64,One year,Credit card (automatic),1024.5,66541,No
7841-TZDMQ,Male,0,2,Month-to-month,Credit card (automatic),460,845,Yes
4195-NZGTA,Female,0,1,Month-to-month,UPI,252.5,252.5,No
7157-SMCFK,Male,0,61,Two year,Debit Card,197.5,11242,No
4709-LKHYG,Female,0,29,One year,UPI,200,5400.5,No
2504-DSHIH,Male,1,23,Month-to-month,UPI,868,19758.5,No
0699-NDKJM,Female,0,57,Month-to-month,UPI,587.5,34374.5,No
9286-BHDQG,Male,0,72,Two year,Credit card (automatic),452.5,31398,No
0230-WEQUW,Male,0,66,Two year,UPI,566,37892,No
2040-LDIWQ,Male,0,65,Two year,UPI,842,53245,No
6496-JDSSB,Female,0,8,Month-to-month,UPI,800,6246,No
9408-SSNVZ,Female,0,4,Month-to-month,UPI,701.5,2683.5,Yes
4443-EMBNA,Female,0,71,Two year,UPI,247.5,18369,No
6469-MRVET,Male,0,1,One year,UPI,202,202,No
0742-MOABM,Male,0,4,Month-to-month,Debit Card,500.5,1793.5,Yes
5961-VUSRV,Female,0,12,One year,UPI,193.5,2193.5,No
6778-JFCMK,Male,0,24,One year,Debit Card,506,12887.5,No
6341-JVQGF,Female,0,31,One year,Debit Card,811.5,25457.5,No
2232-DMLXU,Female,0,1,Month-to-month,Debit Card,552,552,Yes
4811-JBUVU,Male,0,30,Month-to-month,Credit card (automatic),899,27231.5,No
0945-TSONX,Female,0,47,Two year,Credit card (automatic),853,41072.5,No
2651-ZCBXV,Male,0,54,Two year,Credit card (automatic),1080,57606.5,No
3316-UWXUY,Male,0,50,Month-to-month,Credit card (automatic),935,47475,No
8937-RDTHP,Male,0,1,Month-to-month,Debit Card,846,846,Yes
7083-MIOPC,Female,0,72,Two year,Credit card (automatic),202.5,15669,No
1984-GPTEH,Female,0,29,Month-to-month,UPI,251.5,7020,No
1251-KRREG,Male,0,2,Month-to-month,Debit Card,544,1141,Yes
0621-JFHOL,Female,0,10,Two year,Debit Card,296,2990.5,No
9903-LYSAB,Male,0,18,Month-to-month,UPI,731.5,13059.5,No
0094-OIFMO,Female,1,11,Month-to-month,UPI,950,11203,Yes
9227-UAQFT,Male,0,16,Two year,Debit Card,197.5,2843.5,No
7301-ABVAD,Female,0,72,Two year,UPI,866,63505,No
6614-FHDBO,Male,0,72,Two year,UPI,1092,78783,No
7576-ASEJU,Female,0,41,One year,Credit card (automatic),747,31876.5,No
9058-HRZSV,Female,1,65,Month-to-month,UPI,944,61261.5,No
4522-AKYLR,Female,1,13,Month-to-month,UPI,548,7313,No
0221-WMXNQ,Male,1,4,Month-to-month,UPI,753.5,2734,No
0303-UNCIP,Male,0,41,One year,Debit Card,650,25318,No
9947-OTFQU,Male,1,15,Month-to-month,UPI,744,10743,Yes
0322-YINQP,Male,0,1,Month-to-month,Debit Card,485.5,485.5,Yes
0959-WHOKV,Male,0,42,One year,UPI,990,42984.5,No
4075-JFPGR,Female,0,51,One year,UPI,935,46195.5,No
4629-NRXKX,Female,0,2,Month-to-month,UPI,704,1471.5,Yes
9514-JDSKI,Male,1,1,Month-to-month,UPI,402,402,Yes
3282-ZISZV,Male,0,32,One year,Credit card (automatic),837,26333,No
3675-YDUPJ,Male,0,10,Month-to-month,Debit Card,198.5,1930.5,No
4111-BNXIF,Female,0,67,Two year,UPI,595.5,41039,No
7017-VFHAY,Female,0,61,Two year,Credit card (automatic),1151,70081.5,No
6655-LHBYW,Male,0,50,One year,Credit card (automatic),1143.5,57911,No
4959-JOSRX,Female,0,2,Month-to-month,Credit card (automatic),446,805.5,Yes
5046-NUHWD,Female,1,29,Month-to-month,UPI,450,12286.5,No
7273-TEFQD,Male,1,3,Month-to-month,UPI,411.5,1322,Yes
3606-TWKGI,Male,1,13,Month-to-month,UPI,1069,13643,Yes
7529-ZDFXI,Male,1,57,Month-to-month,UPI,898.5,49253.5,No
7605-BDWDC,Female,0,31,Two year,UPI,498.5,15201,No
1950-KSVVJ,Female,0,45,One year,Debit Card,1133,50322.5,No
0123-CRBRT,Female,0,61,Two year,Debit Card,881,55267.5,No
6292-TOSSS,Male,0,50,Two year,UPI,249,11952.5,No
3197-ARFOY,Female,1,19,Month-to-month,Debit Card,1050,20072.5,No
6323-AYBRX,Male,0,59,Two year,Debit Card,193.5,10996,Yes
7014-ZZXAW,Female,0,71,Two year,Credit card (automatic),242.5,17329.5,No
4385-GZQXV,Female,1,16,Month-to-month,UPI,944.5,15112,Yes
7633-MVPUY,Male,0,57,Two year,UPI,597.5,34501.5,No
6366-ZGQGL,Male,0,1,Month-to-month,UPI,248,248,Yes
4716-HHKQH,Male,1,20,Month-to-month,UPI,1070.5,21720.5,No
5940-AHUHD,Male,0,1,Month-to-month,Debit Card,706,706,Yes
6432-TWQLB,Male,0,5,Month-to-month,UPI,854,4011,Yes
4484-GLZOU,Female,0,52,Month-to-month,UPI,1050.5,56248.5,Yes
3179-GBRWV,Male,1,21,Month-to-month,UPI,649.5,13398,No
8645-KWHJO,Male,0,14,Month-to-month,UPI,550,7719.5,No
4130-MZLCC,Female,0,5,Month-to-month,UPI,505.5,2447.5,No
0314-TKOSI,Female,0,6,Month-to-month,Debit Card,551.5,3229,No
8229-MYEJZ,Female,0,10,Month-to-month,UPI,512,4982.5,No
2080-SRCDE,Female,0,1,Month-to-month,Debit Card,254,254,No
9577-WJVCQ,Female,0,68,Month-to-month,Debit Card,544.5,36877.5,No
9512-UIBFX,Male,0,18,Month-to-month,Debit Card,951.5,17799.5,Yes
6202-DYYFX,Female,0,22,One year,Credit card (automatic),760,17836,No
3808-HFKDE,Female,0,20,Month-to-month,UPI,443.5,9271.5,No
5583-SXDAG,Male,0,1,Month-to-month,UPI,700,700,Yes
3488-PGMQJ,Male,1,8,Month-to-month,UPI,745,6065.5,Yes
3580-REOAC,Male,0,10,Month-to-month,Credit card (automatic),448.5,4354,Yes
7534-BFESC,Male,1,24,Month-to-month,UPI,761,17127,Yes
3727-OWVYD,Male,0,35,One year,Debit Card,612,20212,No
2294-SALNE,Male,0,23,One year,Debit Card,868,19408,No
4847-TAJYI,Female,1,6,Month-to-month,UPI,893.5,5678,No
1563-IWQEX,Female,0,12,Month-to-month,Debit Card,197,2203.5,No
8203-XJZRC,Male,0,1,Month-to-month,Debit Card,202.5,202.5,No
6556-DBKZF,Female,0,71,Two year,UPI,760.5,54364.5,No
6851-WEFYX,Male,1,35,Month-to-month,UPI,1008,34375,No
2985-JUUBZ,Male,0,40,Month-to-month,UPI,745.5,30157.5,No
6390-DSAZX,Female,0,1,Month-to-month,Debit Card,736,736,Yes
0895-LMRSF,Male,0,23,One year,UPI,649,15098,No
8098-LLAZX,Female,1,4,Month-to-month,UPI,954.5,3961,Yes
8266-VBFQL,Male,0,4,Month-to-month,UPI,904,3566.5,No
8181-YHCMF,Female,0,68,Two year,Credit card (automatic),603,41090,No
2240-HSJQD,Male,0,38,Month-to-month,Debit Card,818.5,31417,No
1248-DYXUB,Male,0,52,Two year,Debit Card,248,12291,No
0265-EDXBD,Male,1,32,Month-to-month,UPI,749,23033.5,Yes
4115-BNPJY,Male,0,29,Two year,Debit Card,755.5,20544,No
3167-SNQPL,Male,1,38,Month-to-month,UPI,1011.5,37418.5,No
4091-TVOCN,Male,0,48,One year,Credit card (automatic),787.5,36824.5,No
1098-TDVUQ,Female,0,1,Month-to-month,UPI,192.5,192.5,No
7277-OZCGZ,Female,0,22,Month-to-month,UPI,890.5,18862.5,No
1557-EMYVT,Female,0,43,Two year,Credit card (automatic),1150.5,48951,No
2799-ARNLO,Female,1,5,Month-to-month,UPI,693.5,3416,No
7563-BIUPC,Male,0,5,Month-to-month,UPI,806,4155.5,Yes
5027-YOCXN,Male,0,51,One year,Credit card (automatic),1100.5,56864,No
3973-SKMLN,Male,0,71,Two year,Credit card (automatic),199,13551,No
2321-OMBXY,Female,0,38,One year,Credit card (automatic),803,30586.5,Yes
2840-XANRC,Male,1,24,Month-to-month,UPI,931.5,22310.5,Yes
6745-JEFZB,Male,0,35,Month-to-month,Credit card (automatic),915,32363.5,No
5020-ZSTTY,Female,1,54,One year,UPI,824.5,43501,Yes
9880-TDQAC,Female,0,72,Two year,UPI,600,42640,No
8705-WZCYL,Male,0,1,Month-to-month,UPI,448,448,No
7102-JJVTX,Female,0,9,One year,Debit Card,486,4223,No
8626-PTQGE,Male,0,69,Two year,UPI,600.5,41767,No
4983-CLMLV,Female,0,52,Month-to-month,Credit card (automatic),1027,51381,No
5701-YVSVF,Female,1,11,Month-to-month,UPI,829,8800.5,No
5804-LEPIM,Female,1,2,Month-to-month,UPI,703.5,1390.5,Yes
5697-GOMBF,Female,1,28,Month-to-month,UPI,359,9736.5,No
2739-CACDQ,Female,1,17,Month-to-month,Credit card (automatic),826.5,14700.5,No
9385-EHGDO,Female,0,35,Two year,Debit Card,198.5,7393.5,No
9498-FIMXL,Female,0,8,One year,Debit Card,192,1619.5,No
2379-GYFLQ,Male,0,46,One year,Credit card (automatic),949,44229.5,No
0122-OAHPZ,Female,0,7,Month-to-month,UPI,738.5,5112.5,Yes
2868-SNELZ,Female,0,2,Month-to-month,Debit Card,806,1558,Yes
4322-RCYMT,Male,0,68,One year,UPI,758,52939.5,Yes
6680-NENYN,Female,0,43,Two year,UPI,1046,47598.5,Yes
2088-IEBAU,Female,0,68,Two year,UPI,881.5,61484.5,No
7982-VCELR,Female,0,36,Month-to-month,Credit card (automatic),948,35656.5,No
1343-EHPYB,Male,0,63,Month-to-month,UPI,1034,66030,Yes
6035-BXTTY,Female,1,32,Month-to-month,UPI,546.5,18301,No
6885-PKOAM,Female,0,71,Two year,Credit card (automatic),857.5,62238,No
7520-HQWJU,Female,0,66,Month-to-month,UPI,674.5,45086.5,No
9639-BUJXT,Male,0,63,One year,Debit Card,205,13281.5,No
5924-SNGKP,Female,0,41,One year,Credit card (automatic),202.5,8650,No
0021-IKXGC,Female,1,1,Month-to-month,UPI,721,721,No
2034-GDRCN,Female,0,2,Month-to-month,UPI,904,1682,Yes
8966-SNIZF,Female,0,70,Two year,UPI,194.5,13035,No
6243-OZGFH,Female,0,23,Month-to-month,UPI,449.5,9968.5,No
4654-DLAMQ,Female,1,64,One year,UPI,970,64309,No
0513-RBGPE,Male,0,37,Two year,Credit card (automatic),628,22787.5,No
5160-UXJED,Male,0,17,One year,Debit Card,446,6814,No
4115-NZRKS,Female,1,7,Month-to-month,UPI,891.5,5743.5,No
0219-YTZUE,Male,0,4,Month-to-month,UPI,848,3719,Yes
0623-IIHUG,Female,1,21,Month-to-month,UPI,419,8401,Yes
4572-DVCGN,Female,0,10,Month-to-month,UPI,802.5,8460,Yes
3351-NGXYI,Female,1,16,Month-to-month,UPI,541,8890,No
8984-EYLLL,Male,0,64,Two year,UPI,1052.5,68234,No
9057-MSWCO,Male,1,27,Month-to-month,Credit card (automatic),307.5,8051,Yes
9833-TGFHX,Male,0,42,One year,UPI,971,40167.5,No
9294-TDIPC,Male,0,5,Month-to-month,Debit Card,202,837.5,No
5229-DTFYB,Female,0,41,Two year,UPI,988,39591.5,No
0104-PPXDV,Male,0,58,One year,Credit card (automatic),503,28785.5,No
5176-LMJXE,Female,0,47,Two year,Debit Card,205.5,9457,No
3583-KRKMD,Male,0,18,Month-to-month,UPI,759,13730.5,No
1010-DIAUQ,Male,0,5,Month-to-month,UPI,965,4925.5,Yes
9069-LGEUL,Male,0,23,Month-to-month,UPI,599.5,14060,No
7302-ZHMHP,Female,0,1,Month-to-month,Debit Card,191.5,191.5,No
9571-EDEBV,Male,0,71,One year,Credit card (automatic),986.5,69628.5,No
3520-FJGCV,Male,0,72,Two year,Credit card (automatic),1126,81266.5,No
6563-VRERX,Male,0,33,One year,Debit Card,206,6902.5,No
0259-GBZSH,Male,0,2,Month-to-month,UPI,856.5,1815,Yes
6122-EFVKN,Male,0,24,Two year,Debit Card,357.5,8308,No
2805-EDJPQ,Female,0,56,One year,Credit card (automatic),997.5,56084,No
6862-CQUMB,Male,0,37,Month-to-month,Credit card (automatic),961,36468,No
7156-MXBJE,Female,0,43,One year,Credit card (automatic),851,36622.5,No
6158-HDPXZ,Male,0,1,Month-to-month,Debit Card,253.5,253.5,No
9601-BRXPO,Female,0,25,Month-to-month,UPI,1049.5,25665,Yes
2863-IMQDR,Female,0,61,Two year,UPI,896.5,53087,No
5686-CMAWK,Male,0,17,One year,UPI,867.5,14102.5,No
5651-CRHKQ,Female,0,41,One year,UPI,862,33390.5,No
6905-NIQIN,Male,0,1,Month-to-month,Debit Card,506.5,506.5,Yes
8204-YJCLA,Male,1,72,Two year,UPI,648,47323.5,No
5167-ZFFMM,Male,0,1,Month-to-month,Credit card (automatic),908.5,908.5,Yes
6583-SZVGP,Male,0,48,Two year,UPI,1081,50674.5,No
4895-TMWIR,Male,1,11,Month-to-month,Debit Card,199.5,2147.5,Yes
0533-BNWKF,Female,1,55,Month-to-month,UPI,854.5,48747,Yes
1708-PBBOA,Female,0,42,One year,UPI,547.5,23484.5,No
8782-LKFPK,Male,0,44,Month-to-month,Debit Card,904,40630,No
5522-JBWMO,Male,0,1,Month-to-month,UPI,440,440,No
3597-MVHJT,Female,0,27,Month-to-month,UPI,956,25952.5,No
9774-NRNAU,Male,1,27,Month-to-month,UPI,848,23095.5,No
0224-RLWWD,Female,1,2,Month-to-month,UPI,443,893,No
9967-ATRFS,Female,0,19,Month-to-month,Debit Card,199,3675.5,No
3951-NJCVI,Female,1,42,Month-to-month,UPI,950.5,39445,No
2977-CEBSX,Female,0,66,Two year,Credit card (automatic),900.5,59659.5,No
0177-PXBAT,Male,1,33,Month-to-month,UPI,1099,36947,No
6599-CEBNN,Female,0,34,Month-to-month,Credit card (automatic),739.5,25244.5,Yes
2519-ERQOJ,Male,1,33,Month-to-month,UPI,546,18037,No
5876-QMYLD,Female,0,23,One year,Debit Card,200.5,4151,No
2277-AXSDC,Female,0,32,One year,UPI,197.5,6241.5,No
9442-JTWDL,Female,0,11,One year,Credit card (automatic),200.5,2377,No
0979-PHULV,Male,0,69,Month-to-month,Credit card (automatic),994.5,70076,Yes
3067-SVMTC,Female,0,68,One year,UPI,559,38488,No
5495-GPSRW,Male,0,20,Two year,Debit Card,197,4194,No
7606-BPHHN,Male,0,72,Two year,Credit card (automatic),198,14687.5,No
4742-DRORA,Male,0,60,One year,UPI,954,58120,No
0111-KLBQG,Male,1,32,Month-to-month,Debit Card,939.5,28614.5,No
4800-VHZKI,Female,0,1,Month-to-month,Debit Card,199,199,Yes
7989-CHGTL,Male,0,1,Month-to-month,Debit Card,196,196,Yes
0334-GDDSO,Male,1,3,Month-to-month,UPI,813.5,2337,Yes
4163-NCJAK,Female,0,46,One year,UPI,244.5,10661.5,No
5233-AOZUF,Female,0,29,Month-to-month,UPI,749.5,21490.5,No
5973-EJGDP,Male,0,51,Month-to-month,UPI,873.5,44730,No
1996-DBMUS,Female,1,48,Month-to-month,UPI,706.5,35450.5,No
7916-VCCPB,Female,0,16,Month-to-month,UPI,732.5,11957.5,No
4686-GEFRM,Male,0,70,Two year,UPI,987,68589,No
5249-QYHEX,Female,0,40,Two year,Debit Card,248,10247,No
0578-SKVMF,Female,0,22,Month-to-month,UPI,833,18459,Yes
5564-NEMQO,Female,1,1,Month-to-month,UPI,753,753,Yes
2233-FAGXV,Female,0,5,Month-to-month,Debit Card,243,1322.5,No
5605-IYGFG,Female,0,7,Month-to-month,UPI,698.5,5154.5,No
7663-ZTEGJ,Male,0,29,One year,Credit card (automatic),1005.5,28304.5,No
3935-TBRZZ,Male,0,44,One year,Debit Card,257,11105,No
8111-BKVDS,Female,0,10,Month-to-month,UPI,407,4493,No
2055-SIFSS,Female,1,55,Month-to-month,UPI,516.5,28385.5,No
2806-MLNTI,Male,1,52,One year,UPI,1051,53764,No
8734-DKSTZ,Female,0,10,Month-to-month,UPI,859.5,8586,No
4360-PNRQB,Male,0,18,Month-to-month,UPI,756,13950.5,No
6152-ONASV,Female,0,68,One year,UPI,582.5,39757,No
9063-ZGTUY,Female,0,61,Month-to-month,Debit Card,194,11825.5,Yes
7781-HVGMK,Female,0,72,Two year,Credit card (automatic),652,47844.5,No
2181-UAESM,Male,0,2,Month-to-month,UPI,534.5,1195,No
2957-LOLHO,Male,0,12,Month-to-month,UPI,454,5189,Yes
6048-NJXHX,Male,0,41,Two year,UPI,197.5,8994.5,No
2320-SLKMB,Female,0,26,Month-to-month,Credit card (automatic),444.5,11838,No
4980-URKXC,Male,0,36,One year,UPI,208.5,7200.5,No
4376-KFVRS,Male,0,72,Two year,Credit card (automatic),1140.5,84682,No
5886-VLQVU,Male,0,35,Month-to-month,UPI,898.5,31612,No
3577-AMVUX,Male,0,1,Month-to-month,Debit Card,550.5,550.5,No
0771-WLCLA,Female,0,16,Month-to-month,UPI,1129.5,18825.5,No
5628-RKIFK,Female,1,49,Month-to-month,Credit card (automatic),1015.5,50704,No
0206-TBWLC,Female,0,54,One year,Debit Card,1146.5,60495,No
2937-FTHUR,Female,0,18,Month-to-month,UPI,648,11667,No
1910-FMXJM,Female,0,36,Month-to-month,UPI,804,29376.5,No
7752-XUSCI,Female,0,60,Month-to-month,UPI,1059,63964.5,Yes
4110-PFEUZ,Female,0,1,Month-to-month,Debit Card,695.5,695.5,Yes
0732-OCQOC,Female,0,52,Two year,UPI,250.5,12702.5,No
5168-MSWXT,Male,0,8,Month-to-month,UPI,947.5,7595.5,No
1090-ESELR,Male,0,72,Two year,UPI,1055,76115.5,No
8592-PLTMQ,Female,0,64,One year,Debit Card,247,16427.5,No
5760-WRAHC,Female,1,22,Month-to-month,Debit Card,697.5,15454,No
8847-GEOOQ,Male,0,60,Month-to-month,UPI,602,35824,No
0256-LTHVJ,Female,0,28,Month-to-month,UPI,810.5,22271,Yes
4785-FCIFB,Female,0,61,Two year,Debit Card,244,14179,No
8313-NDOIA,Female,0,24,Month-to-month,UPI,1041.5,24946.5,No
5149-CUZUJ,Male,0,28,One year,UPI,929,27683.5,No
0942-KOWSM,Female,0,30,Two year,UPI,808,23693,No
4237-CLSMM,Male,0,2,Month-to-month,Debit Card,200,380,No
1452-VOQCH,Male,0,1,Month-to-month,UPI,751,751,No
4719-UMSIY,Male,0,6,Month-to-month,Debit Card,196.5,1009,No
6614-VBEGU,Female,0,24,Month-to-month,UPI,694.5,16140.5,No
0880-TKATG,Male,0,4,Month-to-month,UPI,1011.5,3859,Yes
3811-VBYBZ,Male,0,7,Month-to-month,UPI,998,6732.5,Yes
1480-BKXGA,Male,1,72,Two year,UPI,1160.5,84049,No
2996-XAUVF,Male,0,70,Two year,Debit Card,400.5,27997.5,No
9076-AXYIK,Male,1,64,Two year,UPI,1021,65384.5,No
5968-XQIVE,Male,0,72,One year,UPI,897,65889.5,No
8896-RAZCR,Female,0,44,Two year,Debit Card,199,8681,No
4640-UHDOS,Female,0,13,Month-to-month,UPI,559.5,7343.5,Yes
4933-IKULF,Female,1,17,One year,Debit Card,206.5,3306,No
3583-EKAPL,Male,0,1,Month-to-month,UPI,550,550,Yes
1304-BCCFO,Male,0,9,Month-to-month,Debit Card,700.5,5644,No
4104-PVRPS,Male,0,24,Month-to-month,Debit Card,536,13153.5,No
9399-APLBT,Female,0,1,Month-to-month,UPI,747,747,Yes
2359-KMGLI,Male,0,24,Month-to-month,UPI,802.5,18615,Yes
3780-DDGSE,Male,1,35,Month-to-month,UPI,760.5,27472,No
4431-EDMIQ,Female,0,7,Month-to-month,UPI,757,5540.5,No
0306-JAELE,Male,0,5,Month-to-month,UPI,961,4534,Yes
6227-HWPWX,Female,0,15,Month-to-month,UPI,690,9948,Yes
0486-LGCCH,Male,0,11,Two year,Debit Card,196.5,2257.5,No
0447-BEMNG,Female,0,48,Month-to-month,UPI,453,21450,Yes
4612-SSVHJ,Female,1,20,Month-to-month,UPI,814.5,16716,No
5168-MQQCA,Female,0,72,One year,UPI,1085,80038,No
5949-XIKAE,Female,0,8,Month-to-month,UPI,835.5,6800.5,Yes
7971-HLVXI,Male,0,72,Two year,Credit card (automatic),845,61308.5,No
9094-AZPHK,Female,0,15,Month-to-month,UPI,1001.5,14150,No
3649-JPUGY,Male,0,72,Two year,UPI,886,62019.5,No
4472-LVYGI,Female,0,1,Two year,UPI,525.5,0,No
8372-JUXUI,Male,0,1,Month-to-month,UPI,743.5,743.5,Yes
3552-CTCYF,Male,0,63,Two year,UPI,1048,65972.5,No
6778-YSNIH,Female,0,2,Month-to-month,UPI,590,1141.5,No
0388-EOPEX,Female,0,2,Month-to-month,UPI,744,1394,Yes
5756-OZRIO,Male,1,61,One year,UPI,640.5,39026,No
6579-JPICP,Male,0,1,Month-to-month,Debit Card,204,204,No
8205-OTCHB,Male,0,22,One year,UPI,437.5,9036,Yes
4134-BSXLX,Male,0,28,Month-to-month,Debit Card,609,17856.5,No
0505-SPOOW,Female,0,70,Two year,UPI,198,13976.5,No
6235-VDHOM,Female,1,5,Month-to-month,UPI,284.5,1310.5,Yes
7783-YKGDV,Female,0,12,Month-to-month,UPI,997,12384.5,Yes
4374-YMUSQ,Male,0,34,One year,Credit card (automatic),1162.5,38990.5,No
4513-CXYIX,Female,1,71,Two year,Credit card (automatic),807,56760,No
3957-HHLMR,Female,0,70,One year,UPI,652,45431.5,No
7803-XOCCZ,Female,0,52,Month-to-month,UPI,840.5,43268,No
5736-YEJAX,Male,0,69,Two year,Credit card (automatic),794.5,55025.5,No
5609-CEBID,Female,1,20,Month-to-month,UPI,941,17824,Yes
8981-FJGLA,Male,0,11,Month-to-month,Debit Card,780,8518,No
7218-HKQFK,Male,0,2,Month-to-month,UPI,942,1675,Yes
4636-QRJKY,Female,0,6,Month-to-month,UPI,805,5028.5,Yes
1135-LMECX,Female,0,1,Month-to-month,Debit Card,198.5,198.5,No
4332-MUOEZ,Male,1,20,One year,Credit card (automatic),943,18183,No
8535-SFUTN,Male,0,61,Month-to-month,UPI,1064.5,63001.5,No
5956-VKDTT,Female,1,5,Month-to-month,UPI,743.5,3348,Yes
8677-HDZEE,Female,0,56,Month-to-month,UPI,1054.5,59169.5,No
2475-MROZF,Male,0,30,Month-to-month,Credit card (automatic),950,28524,No
9412-GHEEC,Male,0,40,Month-to-month,UPI,1048,41319.5,Yes
3482-ABPKK,Female,0,28,One year,Debit Card,543,15463,No
6705-LXORM,Female,1,5,Month-to-month,UPI,700.5,3026,No
0257-ZESQC,Female,1,27,Month-to-month,UPI,752,19293.5,Yes
7531-GQHME,Male,0,12,Month-to-month,Credit card (automatic),200.5,2654.5,No
5174-ITUMV,Male,0,67,One year,UPI,1054,69894.5,No
4109-CYRBD,Male,1,29,Month-to-month,UPI,516,14420,No
0913-XWSCN,Male,0,55,Month-to-month,UPI,855,47134,No
6825-UYPFK,Female,0,23,Month-to-month,UPI,756,17586,Yes
8397-MVTAZ,Male,0,34,Month-to-month,UPI,1000.5,34800,Yes
0750-EBAIU,Male,0,52,One year,UPI,912.5,47383,No
8606-CIQUL,Male,1,72,Two year,Credit card (automatic),1157.5,83991.5,No
3571-DPYUH,Male,0,58,One year,Credit card (automatic),947,54303.5,No
7601-GNDYK,Male,0,35,Two year,Debit Card,196,6869.5,No
0356-OBMAC,Female,1,56,Two year,UPI,999,57063,No
8067-NIOYM,Female,0,24,Two year,Credit card (automatic),211,4906.5,No
1403-GYAFU,Male,0,70,Two year,Credit card (automatic),200.5,13602.5,No
4234-XTNEA,Male,0,2,Month-to-month,UPI,799.5,1744.5,No
1297-VQDRP,Male,1,68,One year,Credit card (automatic),1071.5,73798,No
9282-IZGQK,Female,0,1,Month-to-month,UPI,850,850,Yes
5348-CAGXB,Male,0,12,Month-to-month,UPI,895.5,10217.5,No
0621-HJWXJ,Female,0,63,Month-to-month,UPI,815.5,50290.5,No
5844-QVTAT,Female,0,33,One year,Debit Card,584.5,19554,No
8905-IAZPF,Female,0,69,One year,Credit card (automatic),956.5,67442,No
5394-MEITZ,Female,0,60,Two year,UPI,806,49467,No
6859-QNXIQ,Female,0,72,Two year,UPI,1131,82485,No
2782-LFZVW,Female,0,11,Month-to-month,Debit Card,589.5,6016,No
2866-IKBTM,Female,0,1,Month-to-month,Debit Card,195.5,195.5,No
1342-JPNKI,Male,0,10,Month-to-month,UPI,860.5,8341,Yes
2817-NTQDO,Male,0,13,Month-to-month,Credit card (automatic),455.5,5970,Yes
7129-AZJDE,Male,0,34,One year,UPI,789.5,26472,No
6986-IJDHX,Male,0,39,Month-to-month,Debit Card,863,32660,Yes
2560-PPCHE,Female,0,65,One year,UPI,1050.5,67442.5,No
4676-MQUEA,Male,1,50,One year,UPI,1019,52655,No
8138-EALND,Male,0,15,Month-to-month,Debit Card,197.5,3116,No
3580-HYCSP,Male,0,72,Two year,UPI,1103,79669,No
1352-HNSAW,Female,0,72,Two year,UPI,1156,82204,No
2075-PUEPR,Male,0,55,Two year,UPI,193.5,11532.5,No
1982-FEBTD,Female,0,23,Two year,Credit card (automatic),256,5147.5,No
5301-GAUUY,Male,0,32,Month-to-month,UPI,803.5,25961.5,Yes
5791-KAJFD,Female,0,56,One year,UPI,687.5,38080,No
2654-VBVPB,Female,0,1,Month-to-month,UPI,199,199,No
1154-HYWWO,Male,0,38,One year,Debit Card,706,27082,No
2501-XWWTZ,Male,0,11,Month-to-month,UPI,702,7600.5,No
3716-UVSPD,Male,0,1,Month-to-month,UPI,493,493,No
6815-ABQFQ,Male,0,56,One year,UPI,1072.5,60333,No
7343-EOBEU,Male,0,3,Month-to-month,Debit Card,236,890.5,No
3701-SFMUH,Male,0,7,Month-to-month,Credit card (automatic),697,5161.5,No
6103-LIANB,Male,0,59,Two year,Credit card (automatic),995,58617.5,No
7319-VENRZ,Male,0,7,Month-to-month,UPI,643,4459.5,No
5846-NEQVZ,Male,0,71,Two year,Credit card (automatic),708.5,49734,No
6967-QIQRV,Male,0,15,One year,UPI,1019,16672.5,No
5781-RFZRP,Male,0,71,Two year,Credit card (automatic),735,53577.5,No
0939-YAPAF,Female,0,35,Month-to-month,UPI,1002.5,35276,Yes
0308-IVGOK,Female,0,11,One year,Credit card (automatic),404,4226,No
7293-LSCDV,Female,0,60,Two year,Credit card (automatic),192.5,11032.5,No
7025-WCBNE,Male,1,47,Two year,UPI,596,27540,No
5756-JYOJT,Female,0,11,One year,Credit card (automatic),649,6972.5,No
4710-FDUIZ,Male,0,56,One year,Credit card (automatic),1003,56144.5,Yes
6030-REHUX,Female,1,28,Month-to-month,UPI,1108.5,32044,No
9548-LIGTA,Male,0,61,Two year,Debit Card,810.5,47476.5,No
5150-LJNSR,Male,0,31,One year,UPI,980.5,30821,No
8270-RKSAP,Male,0,9,Month-to-month,UPI,705,5979,No
6522-YRBXD,Male,1,35,Month-to-month,UPI,945.5,33654,No
2640-LYMOV,Male,0,2,Month-to-month,Debit Card,196.5,388,No
1218-VKFPE,Female,0,12,Month-to-month,Debit Card,190,2335.5,Yes
3627-FHKBK,Female,0,1,Month-to-month,Debit Card,753,753,Yes
2865-TCHJW,Female,1,4,Month-to-month,UPI,892,3462,Yes
1423-BMPBQ,Female,0,1,Month-to-month,Debit Card,190,190,No
2393-DIVAI,Female,0,3,Month-to-month,Debit Card,200,617,No
5192-EBGOV,Female,1,1,Month-to-month,UPI,857,857,Yes
4568-KNYWR,Male,0,52,Two year,Credit card (automatic),632.5,33424.5,No
8752-IMQOS,Male,0,5,One year,Debit Card,201,851,No
0742-LAFQK,Male,0,72,Two year,UPI,991.5,74221,No
0795-LAFGP,Male,0,71,Two year,UPI,904,66680.5,No
0619-OLYUR,Male,0,72,Two year,Credit card (automatic),1119,80710.5,No
5512-IDZEI,Male,0,46,One year,UPI,249,11748,No
0459-SPZHJ,Male,0,63,Two year,Credit card (automatic),835,54350,No
0215-BQKGS,Male,0,30,Month-to-month,Credit card (automatic),843,24386,No
9244-ZVAPM,Male,0,1,Month-to-month,Debit Card,456,456,No
0719-SYFRB,Female,0,12,Month-to-month,Debit Card,616.5,7137.5,Yes
8208-EUMTE,Male,0,16,Two year,Debit Card,548.5,9161.5,No
5172-MIGPM,Male,0,4,Month-to-month,Debit Card,655.5,2372,No
1710-RCXUS,Male,0,51,One year,Credit card (automatic),903.5,46145.5,No
0374-FIUCA,Male,0,65,Two year,Credit card (automatic),204,14144.5,No
5839-SUYVZ,Male,0,16,Month-to-month,Credit card (automatic),745.5,11705,No
5173-ZXXXL,Male,0,2,One year,Debit Card,199.5,477,No
1096-ADRUX,Female,0,66,One year,UPI,742.5,48592.5,No
2001-MCUUW,Male,0,46,Two year,UPI,1086.5,49032,No
2731-GJRDG,Female,0,32,One year,UPI,1095.5,36080,No
4723-BEGSG,Male,0,72,Two year,Credit card (automatic),866.5,60942.5,No
6516-NKQBO,Male,0,38,Two year,Credit card (automatic),810,30849,No
8672-OAUPW,Male,0,51,One year,Credit card (automatic),478.5,23567.5,No
8207-DMRVL,Male,0,72,Two year,UPI,1145.5,83060.5,No
3419-SNJJD,Female,1,65,Month-to-month,UPI,1052.5,67864,Yes
6543-CPZMK,Male,0,9,Month-to-month,UPI,299.5,2489.5,Yes
4765-OXPPD,Female,0,9,Month-to-month,Debit Card,650,6630.5,Yes
2804-ETQDK,Male,0,66,Two year,Debit Card,205.5,13571,No
6689-VRRTK,Female,1,44,One year,Credit card (automatic),1098,48603.5,No
7138-GIRSH,Male,0,50,Two year,UPI,695,34182,No
9396-ZSFLL,Female,0,15,Month-to-month,Debit Card,488.5,6314,No
6464-KEXXH,Male,0,8,Month-to-month,Credit card (automatic),252.5,1863,No
7134-MJPDY,Female,1,66,One year,Credit card (automatic),1028.5,69767.5,No
5240-CAOYT,Female,0,57,Month-to-month,UPI,875.5,48848.5,No
4059-IIEBK,Female,0,7,Month-to-month,UPI,785.5,5229.5,No
4881-JVQOD,Male,1,10,Month-to-month,UPI,345.5,3626,No
0516-UXRMT,Female,0,62,One year,UPI,920.5,57558,No
4851-BQDNX,Male,0,40,One year,UPI,850.5,33556.5,No
5148-HKFIR,Female,0,20,Two year,Debit Card,197,4069.5,No
1009-IRMNA,Female,0,7,Month-to-month,UPI,200,1376,Yes
3003-CMDUU,Female,0,25,Month-to-month,UPI,951.5,23957,No
5016-IBERQ,Male,0,23,Month-to-month,UPI,842.5,19681,No
6797-UCJHZ,Female,1,66,One year,Credit card (automatic),1046,68194.5,No
2469-DTSGX,Female,1,72,Two year,UPI,1116.5,79434.5,No
4554-YGZIH,Male,1,49,Month-to-month,Credit card (automatic),900.5,45472.5,Yes
5099-BAILX,Male,1,43,Month-to-month,UPI,1107.5,46879,Yes
9931-KGHOA,Female,0,46,Month-to-month,UPI,550,24739.5,No
1775-KWJKQ,Male,0,72,Two year,Credit card (automatic),898.5,65629,No
7665-VIGUD,Male,0,10,One year,Debit Card,203.5,1763,No
9411-TPQQV,Female,0,40,One year,UPI,545.5,22362,No
7207-RMRDB,Female,0,65,Month-to-month,UPI,1055,69856.5,Yes
7954-MLBUN,Male,0,31,Two year,UPI,994.5,31099,No
2077-DDHJK,Female,0,68,Two year,Credit card (automatic),709,49113.5,No
4913-EHYUI,Male,1,56,One year,UPI,1045.5,57946.5,Yes
0195-IESCP,Male,0,10,Month-to-month,UPI,852.5,8553,Yes
9574-BOSMD,Male,0,68,Two year,UPI,254,16202,No
4580-TMHJU,Female,0,43,Month-to-month,UPI,561.5,24993,Yes
0970-ETWGE,Male,0,1,Month-to-month,UPI,895.5,895.5,Yes
4908-XAXAY,Female,1,49,One year,UPI,898.5,42872,No
8404-VLQFB,Female,0,15,Month-to-month,UPI,252.5,3948.5,No
1626-ERCMM,Male,1,20,Month-to-month,UPI,945.5,18996.5,Yes
0887-HJGAR,Male,0,1,Month-to-month,Debit Card,457,457,Yes
2391-IPLOP,Male,0,50,One year,UPI,696.5,34421.5,No
5644-PDMZC,Female,1,2,Month-to-month,UPI,895,1615,Yes
3509-GWQGF,Male,1,24,Month-to-month,Credit card (automatic),700,17326,No
9576-ANLXO,Female,0,3,Month-to-month,UPI,695.5,2223,Yes
2024-BASKD,Female,0,1,Month-to-month,Debit Card,746,746,Yes
5845-BZZIB,Male,0,35,Two year,Debit Card,201,6553,No
1140-UKVZG,Female,0,17,Month-to-month,Debit Card,248,4752.5,No
4160-AMJTL,Female,1,8,Month-to-month,UPI,196.5,1643,Yes
5183-SNMJQ,Male,0,10,Month-to-month,Credit card (automatic),951,8651,No
8100-PNJMH,Male,0,68,Two year,Credit card (automatic),888.5,61327,No
7838-LAZFO,Male,0,45,One year,UPI,788,35975,No
4464-JCOLN,Male,0,2,One year,Debit Card,198.5,359,Yes
2085-JVGAD,Male,0,37,Month-to-month,UPI,203.5,6976.5,No
5650-VDUDS,Female,0,4,Month-to-month,Debit Card,242.5,960.5,Yes
8095-WANWK,Female,0,10,Month-to-month,Debit Card,452.5,4287,No
3030-ZKIWL,Male,0,1,Month-to-month,Debit Card,200.5,200.5,No
9565-FLVCG,Male,0,65,Two year,Debit Card,695.5,44591.5,No
8755-OGKNA,Female,0,57,Two year,UPI,195,11676,No
2800-VEQXM,Female,0,3,Month-to-month,Debit Card,747.5,2381,No
7538-GWHML,Female,0,2,Month-to-month,UPI,696.5,1451.5,Yes
5533-RJFTJ,Male,0,49,Month-to-month,UPI,302,14531,No
3859-CVCET,Female,0,4,Month-to-month,Debit Card,456.5,1910.5,Yes
0214-JHPFW,Female,0,70,Two year,UPI,578,40393,No
5642-MHDQT,Female,0,53,One year,UPI,198.5,10394.5,No
3088-FVYWK,Male,0,53,Two year,Credit card (automatic),255.5,13361,No
3276-HDUEG,Female,0,1,Month-to-month,Debit Card,750.5,750.5,Yes
9092-GDZKO,Male,0,22,Month-to-month,Credit card (automatic),248.5,4934,No
0823-HSCDJ,Male,1,52,Month-to-month,UPI,491.5,25509,Yes
3729-OWRVL,Male,1,65,Two year,UPI,1103.5,72461.5,No
2324-AALNO,Female,0,48,One year,UPI,245.5,12039.5,No
0822-GAVAP,Female,0,2,Month-to-month,UPI,347,622.5,Yes
5760-IFJOZ,Male,0,3,Month-to-month,Debit Card,1079.5,3136,No
2826-UWHIS,Male,0,45,Month-to-month,UPI,814,37758.5,No
1448-PWKYE,Male,0,1,Month-to-month,UPI,800,800,Yes
7501-IWUNG,Female,0,61,Two year,UPI,738,46160.5,No
4957-TREIR,Male,0,3,Month-to-month,Credit card (automatic),644,1956.5,No
7251-LJBQN,Female,1,40,One year,Credit card (automatic),1037.5,41884,No
8040-MNRTF,Female,0,1,Month-to-month,Debit Card,711,711,No
1536-HBSWP,Female,0,1,Month-to-month,UPI,499,499,No
5313-FPXWG,Male,0,51,One year,UPI,246,12664,No
0067-DKWBL,Male,1,2,Month-to-month,UPI,492.5,911,Yes
0946-FKYTX,Male,0,52,One year,Debit Card,301,16234,No
5076-YVXCM,Male,0,51,Month-to-month,UPI,834,41494.5,No
8262-COGGB,Male,0,1,Month-to-month,Debit Card,204.5,204.5,No
6663-JOCQO,Male,0,31,One year,UPI,752.5,23445,No
9620-QJREV,Male,0,47,One year,Credit card (automatic),205.5,10130.5,No
2276-YDAVZ,Female,0,3,Month-to-month,Credit card (automatic),751,2707,Yes
2682-KEVRP,Female,1,22,One year,Debit Card,200.5,4170,No
2480-JZOSN,Female,0,1,Month-to-month,Debit Card,206.5,206.5,No
0078-XZMHT,Male,0,72,Two year,UPI,851.5,63162,No
5896-NPFWW,Male,0,3,Month-to-month,UPI,501.5,1681.5,Yes
9978-HYCIN,Male,1,47,One year,UPI,849.5,40180.5,No
8338-QIUNR,Male,0,72,Two year,Credit card (automatic),665,48116,No
1525-LNLOJ,Male,0,66,Two year,UPI,633,41897,No
9450-TRJUU,Male,0,35,Month-to-month,UPI,831.5,28484.5,No
1766-GKNMI,Male,0,29,Month-to-month,UPI,849,25162,No
6942-LBFDP,Female,0,2,Month-to-month,Debit Card,205.5,336,No
1456-TWCGB,Male,0,4,Month-to-month,Debit Card,492.5,2084.5,No
7133-VBDCG,Female,0,25,Month-to-month,UPI,798.5,20153.5,Yes
7596-ZYWBB,Female,0,65,Two year,Debit Card,596,37398,No
8329-UTMVM,Male,1,27,One year,UPI,1046.5,29640,No
3014-WJKSM,Male,0,29,Month-to-month,Credit card (automatic),753,22634,No
3347-YJZZE,Male,0,29,Month-to-month,Credit card (automatic),801,22118,No
1029-QFBEN,Male,0,1,Month-to-month,Debit Card,195.5,195.5,Yes
7929-DMBCV,Female,0,20,Month-to-month,Debit Card,810,16837,No
9661-JALZV,Female,0,58,Two year,Credit card (automatic),247,15190,No
5433-KYGHE,Female,0,14,Month-to-month,Debit Card,860,11640.5,No
4312-KFRXN,Male,0,72,Two year,Debit Card,254,17109,No
5575-TPIZQ,Male,0,46,Month-to-month,Credit card (automatic),891.5,42455.5,No
0114-IGABW,Female,0,71,Two year,UPI,582.5,41459,No
9944-AEXBM,Male,0,32,Month-to-month,UPI,856.5,26643,No
1853-ARAAQ,Female,0,26,Month-to-month,Credit card (automatic),503.5,12775,No
6952-OMNWB,Male,1,68,Month-to-month,Credit card (automatic),803.5,55893,No
4697-LUPSU,Male,0,2,One year,Debit Card,202,347.5,No
8434-VGEQQ,Male,0,61,Two year,Credit card (automatic),205.5,13059.5,No
4952-YSOGZ,Female,0,4,Month-to-month,UPI,859.5,3813,Yes
1589-AGTLK,Male,0,3,Month-to-month,UPI,453.5,1415,Yes
5244-IRFIH,Male,1,33,Month-to-month,UPI,945,31055.5,Yes
6549-YMFAW,Male,1,9,Month-to-month,Debit Card,212.5,2045.5,No
4950-HKQTE,Female,0,22,Two year,Debit Card,262.5,6059,No
6786-OBWQR,Female,0,5,Month-to-month,UPI,808.5,3561,No
2684-EIWEO,Female,1,30,Month-to-month,Credit card (automatic),917,27581.5,Yes
2753-JMMCV,Male,0,65,Two year,Credit card (automatic),742,48056.5,No
6439-GTPCA,Female,0,45,Month-to-month,UPI,872.5,39417,Yes
6621-YOBKI,Male,0,5,Month-to-month,Debit Card,203.5,927.5,No
1216-JWVUX,Male,0,25,Month-to-month,UPI,755,19010.5,No
7564-GHCVB,Female,0,72,Two year,UPI,790.5,57307,No
1173-NOEYG,Female,0,27,Month-to-month,UPI,901.5,24234,No
7595-EHCDL,Male,0,32,Month-to-month,Credit card (automatic),506,16534.5,No
6647-ZEDXT,Female,0,30,One year,Credit card (automatic),1104.5,33270.5,No
2521-NPUZR,Male,0,70,Two year,Credit card (automatic),1010,70855,No
1307-TVUFB,Male,1,42,Month-to-month,UPI,793.5,33441,No
7503-MIOGA,Female,1,72,Two year,UPI,898.5,66973.5,No
4381-MHQDC,Female,0,47,Two year,Debit Card,650,28799,No
6923-JHPMP,Female,0,2,Month-to-month,UPI,804.5,1371,No
5138-WVKYJ,Male,0,10,Month-to-month,UPI,985.5,10085.5,Yes
4018-PPNDW,Female,0,61,Two year,Debit Card,241,15516,No
1635-FJFCC,Female,0,5,Month-to-month,Credit card (automatic),440.5,2021.5,No
2499-AJYUA,Female,1,72,Two year,Credit card (automatic),1108,78822.5,No
6919-ELBGL,Male,1,72,Two year,UPI,1149.5,81964,No
3966-HRMZA,Female,1,3,Month-to-month,Debit Card,750.5,2029,No
6425-JWTDV,Male,0,48,Two year,Debit Card,192.5,8551,No
8405-IGQFX,Female,0,63,One year,Credit card (automatic),900.5,58170,No
8224-IVVPA,Female,0,27,Month-to-month,Debit Card,567,16529.5,No
9477-LGWQI,Male,0,70,Two year,Credit card (automatic),801.5,56001.5,No
1410-RSCMR,Male,0,7,Month-to-month,Credit card (automatic),713.5,5157.5,No
3115-CZMZD,Male,0,1,Two year,Debit Card,202.5,0,No
0139-IVFJG,Female,0,2,Month-to-month,UPI,903.5,1905,No
6683-VLCTZ,Male,1,20,Month-to-month,UPI,985.5,18428,Yes
5730-DBDSI,Male,0,66,Two year,UPI,197,12538,No
0030-FNXPP,Female,0,3,Month-to-month,Debit Card,198.5,572,No
2189-WWOEW,Female,0,15,Month-to-month,UPI,859,12695.5,Yes
5684-FJVYR,Female,0,72,Two year,UPI,903.5,65634,No
4013-GUXND,Male,0,1,Month-to-month,Debit Card,208,208,No
1894-IGFSG,Female,0,22,Month-to-month,UPI,892.5,19078.5,Yes
7379-POKDZ,Male,0,3,Month-to-month,UPI,703,2088.5,Yes
1266-NZYUI,Female,0,72,Two year,UPI,668.5,47588,No
7969-FFOWG,Male,0,65,Two year,Debit Card,199,12926,No
4718-DHSMV,Female,0,11,Month-to-month,Debit Card,358,3631.5,No
5175-WLYXL,Male,0,22,Month-to-month,Debit Card,788.5,16002.5,No
7817-OMJNA,Male,0,14,One year,UPI,204,2757,No
8728-SKJLR,Male,0,41,Month-to-month,UPI,742.5,30891,No
3137-NYQQI,Male,0,17,One year,Debit Card,648,11756,No
7706-DZNKK,Male,0,11,Month-to-month,Credit card (automatic),204.5,2373,No
0236-HFWSV,Male,0,15,Month-to-month,UPI,933.5,14446.5,Yes
3900-AQPHZ,Female,0,1,Month-to-month,Debit Card,199,199,Yes
5842-POCOP,Female,0,5,Month-to-month,Debit Card,889,4541.5,Yes
2037-XJFUP,Male,0,33,One year,UPI,958,30367.5,Yes
8823-RLPWL,Female,0,72,Two year,Credit card (automatic),1106.5,80656.5,No
9505-SQFSW,Female,0,3,Month-to-month,Debit Card,403,925,No
7314-OXENN,Male,0,2,Month-to-month,UPI,820,1846.5,Yes
3758-CKOQL,Female,0,59,One year,Credit card (automatic),1070,61523,No
0322-CHQRU,Male,0,2,Month-to-month,UPI,453.5,895,Yes
5676-CFLYY,Male,0,71,Two year,Credit card (automatic),733.5,51545,No
7521-AFHAB,Female,0,5,Month-to-month,Debit Card,448,2204.5,No
0285-INHLN,Male,0,27,Month-to-month,Credit card (automatic),547.5,15103,No
4678-DVQEO,Female,0,1,Month-to-month,UPI,522,522,Yes
5125-CNDSP,Male,0,63,One year,UPI,406,25889.5,No
0691-IFBQW,Female,1,46,One year,UPI,1100,48748,Yes
4992-LTJNE,Male,0,72,Two year,UPI,553,39836,No
2202-OUTMO,Female,0,34,Month-to-month,UPI,608.5,20036,No
0810-BDHAW,Female,0,24,One year,UPI,784,18324,No
0229-LFJAF,Male,0,72,Two year,UPI,696.5,49082.5,No
7131-ZQZNK,Female,0,60,Two year,Credit card (automatic),598.5,35902,No
3442-ZHHCC,Male,0,68,One year,Credit card (automatic),769,50230,No
5726-CVNYA,Female,0,8,Two year,Debit Card,198.5,1466,No
9871-ELEYA,Female,0,34,Two year,Credit card (automatic),676.5,23393,No
4257-GAESD,Female,0,6,Month-to-month,Credit card (automatic),450,2987,No
5173-WXOQV,Male,0,2,Month-to-month,Debit Card,642,1436.5,No
2040-OBMLJ,Male,0,31,One year,Credit card (automatic),817,25486.5,No
6286-ZHAOK,Female,0,20,Month-to-month,UPI,255.5,5074,No
3807-XHCJH,Female,0,1,Month-to-month,UPI,200,200,No
3009-JWMPU,Male,0,62,One year,UPI,967.5,61254,Yes
5671-RQRLP,Female,1,70,Two year,Credit card (automatic),756.5,54114,No
1450-GALXR,Female,0,10,Month-to-month,UPI,985,10582.5,Yes
8859-AXJZP,Male,0,39,Two year,Debit Card,238,9038,No
3174-AKMAS,Female,0,46,Two year,Credit card (automatic),642,30095,No
3138-BKYAV,Male,0,6,Month-to-month,UPI,853.5,4894.5,Yes
9926-PJHDQ,Female,0,72,Two year,UPI,768,54684.5,No
7382-DFJTU,Male,0,18,Month-to-month,Credit card (automatic),552,10581,No
2798-NYLMZ,Male,0,71,Two year,Credit card (automatic),1085.5,76160,No
4289-DTDKW,Male,0,40,Month-to-month,UPI,1013,41131,Yes
1820-TQVEV,Male,0,1,Month-to-month,UPI,695.5,695.5,Yes
2239-JALAW,Male,0,58,One year,UPI,1032.5,60176.5,Yes
4853-RULSV,Male,0,70,Two year,Credit card (automatic),1040,72501.5,Yes
8098-TDCBU,Female,0,42,Two year,UPI,252.5,11082,No
3551-GAEGL,Male,0,34,One year,UPI,304,9386.5,No
4785-NKHCX,Male,1,5,Month-to-month,UPI,200.5,941.5,No
3196-NVXLZ,Female,0,25,Month-to-month,Debit Card,846,20880.5,No
6275-YDUVO,Female,0,2,Month-to-month,Debit Card,862,1787,Yes
0036-IHMOT,Female,0,55,One year,UPI,1037,56567.5,No
0115-TFERT,Male,0,21,Month-to-month,UPI,1112,23171,Yes
4178-EGMON,Male,0,70,Two year,Credit card (automatic),880,59864.5,No
4220-TINQT,Female,0,61,Month-to-month,UPI,1063.5,67513.5,No
5318-YKDPV,Male,0,43,Two year,Credit card (automatic),791.5,35666,No
7975-TZMLR,Male,0,47,One year,UPI,1031,48893,No
0295-QVKPB,Male,0,5,Month-to-month,Credit card (automatic),639.5,3181,No
4335-BSMJS,Female,0,62,Two year,Credit card (automatic),258,15639.5,No
2311-QYMUQ,Female,0,16,Month-to-month,Credit card (automatic),894.5,14302.5,Yes
3643-AHCFP,Male,1,7,Month-to-month,UPI,956,6443.5,Yes
9146-JRIOX,Female,0,14,Month-to-month,Debit Card,255.5,3724.5,No
3104-OWCGK,Male,0,60,One year,UPI,909.5,54534,Yes
5337-IIWKZ,Male,0,34,Month-to-month,UPI,448.5,14426,No
9101-BWFSS,Female,0,50,One year,UPI,1085.5,56107,Yes
9650-VBUOG,Male,0,38,Two year,Credit card (automatic),250.5,9639.5,No
3487-EARAT,Female,0,70,One year,Credit card (automatic),741,52223,No
2672-TGEFF,Female,0,37,Month-to-month,UPI,888,33405.5,No
9231-ZJYAM,Female,1,4,Month-to-month,UPI,788.5,2928,Yes
4250-WAROZ,Male,1,60,Month-to-month,UPI,932.5,57745.5,No
8184-WMOFI,Male,0,62,One year,Credit card (automatic),714,44873,No
6982-SSHFK,Male,0,1,Month-to-month,Debit Card,444,444,Yes
6092-QZVPP,Male,0,36,Month-to-month,Credit card (automatic),792,28549.5,No
4625-LAMOB,Male,0,44,Two year,Credit card (automatic),204,9055.5,No
0727-BMPLR,Female,1,55,One year,UPI,1000,55093,Yes
0392-BZIUW,Female,0,72,Two year,Credit card (automatic),1050,75898,No
1038-ZAGBI,Female,0,12,One year,UPI,198,2296,Yes
6549-NNDYT,Female,0,13,Month-to-month,UPI,308.5,3941,No
3027-ZTDHO,Male,0,1,Month-to-month,UPI,899,899,Yes
0422-OHQHQ,Female,0,15,One year,Debit Card,205.5,2959.5,No
6916-HIJSE,Female,0,65,Two year,UPI,848.5,54592,No
2316-ESMLS,Female,0,12,One year,Credit card (automatic),331.5,4447.5,No
9778-OGKQZ,Male,0,72,Two year,Credit card (automatic),920,67821.5,No
7408-OFWXJ,Female,0,72,Two year,Credit card (automatic),898,65104.5,No
6007-TCTST,Female,0,72,Two year,UPI,1158,84765,No
2252-NKNSI,Male,0,52,Two year,Debit Card,851.5,44618.5,No
8713-IGZSO,Male,0,2,Month-to-month,Debit Card,248.5,620,No
7905-TVXTA,Female,0,5,Month-to-month,UPI,643.5,3526.5,No
7695-PKLCZ,Female,0,68,Two year,Credit card (automatic),205,14249,No
2382-BCKQJ,Female,0,62,One year,UPI,1001.5,64136.5,Yes
8374-UULRV,Male,0,72,Two year,Credit card (automatic),860.5,63096.5,No
2207-NHRJK,Male,0,1,Month-to-month,UPI,508,508,Yes
3224-DFQNQ,Female,0,66,One year,UPI,890,58986,No
5275-PMFUT,Male,0,72,Two year,Credit card (automatic),648,47197.5,No
4795-UXVCJ,Male,0,26,One year,Credit card (automatic),198,4573,No
9777-IQHWP,Male,0,64,Two year,UPI,934,58223,No
0947-MUGVO,Male,1,20,Month-to-month,UPI,736.5,14635,Yes
9944-HKVVB,Female,0,3,Month-to-month,UPI,951,3074,Yes
4124-MMETB,Male,0,22,Month-to-month,Credit card (automatic),946.5,21045.5,Yes
3671-SHRSP,Male,0,4,Month-to-month,Debit Card,806,3191.5,Yes
0979-MOZQI,Male,0,62,Two year,UPI,390,23374.5,No
2732-ISEZX,Female,0,5,Month-to-month,Debit Card,205,1043,No
3313-QKNKB,Male,0,59,One year,UPI,855.5,50846.5,Yes
0323-XWWTN,Male,0,3,Two year,Debit Card,264,1212.5,No
1937-OTUKY,Female,0,72,Two year,UPI,982,70159,No
1573-LGXBA,Male,0,57,One year,Credit card (automatic),975.5,55980,No
1764-VUUMT,Male,0,66,Two year,Credit card (automatic),199.5,12691,No
5073-WXOYN,Female,0,60,Month-to-month,UPI,508,30274,Yes
4713-ZBURT,Male,0,45,Two year,UPI,997,46343.5,No
3050-GBUSH,Female,0,3,Month-to-month,Credit card (automatic),348,1139.5,No
0207-MDKNV,Female,0,15,Month-to-month,UPI,1051,15827.5,Yes
7876-AEHIG,Female,0,51,One year,UPI,601.5,30770,No
7945-HLKEA,Female,0,60,One year,UPI,647.5,40395,No
9342-VNIMQ,Male,0,33,Month-to-month,UPI,546.5,16652,No
9851-KIELU,Male,0,10,Month-to-month,UPI,1101,10433,Yes
3523-BRGUW,Male,1,26,One year,Credit card (automatic),193,5042,No
3908-BLSYF,Female,0,6,Month-to-month,UPI,839,4975.5,Yes
3199-NPKCN,Female,0,67,One year,UPI,1112.5,75116.5,No
5170-PTRKA,Female,0,49,One year,Credit card (automatic),358,17820,No
4661-NJEUX,Male,0,1,Month-to-month,Debit Card,200.5,200.5,No
2123-AGEEN,Female,1,7,Month-to-month,UPI,843.5,6096.5,No
1258-YMZNM,Female,1,27,One year,UPI,1105,28576,No
0048-LUMLS,Male,0,37,One year,Credit card (automatic),912,32475.5,No
7549-MYGPK,Female,0,63,Month-to-month,UPI,1005.5,62153.5,Yes
5898-IGSLP,Male,0,31,Month-to-month,UPI,893,28230,No
3804-RVTGV,Male,0,50,Month-to-month,UPI,1038.5,50179,Yes
6259-WJQLC,Male,1,32,Month-to-month,Credit card (automatic),811,26192.5,No
9227-LUNBG,Female,0,1,Month-to-month,UPI,246,246,Yes
7997-EASSD,Female,0,63,One year,Credit card (automatic),812,49651,No
0730-KOAVE,Male,0,30,Month-to-month,Credit card (automatic),943,26797,No
8975-SKGRX,Male,0,71,Two year,UPI,1161,83105.5,No
0678-RLHVP,Female,0,53,Two year,UPI,1055.5,56822.5,No
4315-MURBD,Female,0,12,Month-to-month,UPI,989,11209.5,Yes
2267-FPIMA,Male,0,50,Month-to-month,Credit card (automatic),944,49149,No
1051-GEJLJ,Female,0,2,Month-to-month,Debit Card,195,275.5,No
9734-YWGEX,Female,0,9,Month-to-month,Credit card (automatic),983,9235,Yes
2719-BDAQO,Male,0,17,Month-to-month,UPI,938.5,16256.5,Yes
5285-MVEHD,Female,0,56,One year,Credit card (automatic),1056,60686.5,No
0379-DJQHR,Male,0,67,Two year,Credit card (automatic),813.5,53986,No
0781-LKXBR,Male,1,9,Month-to-month,UPI,1005,9186,Yes
5543-QDCRY,Male,0,4,Month-to-month,UPI,564,2348.5,No
0297-RBCSG,Male,0,19,One year,UPI,653.5,12318.5,No
4694-PHWFW,Female,0,8,Month-to-month,Debit Card,199.5,1709,No
0835-JKADZ,Female,0,71,Two year,UPI,1112.5,79841.5,No
1907-UBQFC,Male,1,10,Month-to-month,UPI,728.5,6886.5,Yes
7508-SMHXL,Female,1,15,Month-to-month,Credit card (automatic),890,12883,No
3865-YIOTT,Male,0,72,One year,UPI,1061,78485,No
5993-BQHEA,Male,0,12,One year,Credit card (automatic),200.5,2670,No
6024-RUGGH,Male,0,72,Two year,UPI,252,17989,No
6513-EECDB,Male,1,1,Month-to-month,UPI,735.5,735.5,Yes
3956-CJUST,Female,1,23,Month-to-month,UPI,754,16435.5,No
4079-WWQQQ,Male,0,72,Two year,UPI,655.5,48074.5,No
6103-BOCOU,Female,0,26,Month-to-month,UPI,807,21930,No
5149-TGWDZ,Female,0,21,One year,Debit Card,1045.5,22394,No
7471-WNSUF,Male,0,60,One year,UPI,241.5,15059,No
8942-DBMHZ,Male,0,12,Month-to-month,Debit Card,204.5,2553.5,No
4301-VVZKA,Male,0,16,Month-to-month,UPI,754,11894,No
9199-PWQVC,Female,0,63,One year,Credit card (automatic),797,47861.5,No
4824-GUCBY,Female,1,22,Month-to-month,UPI,817,18209,No
5393-HJZSM,Female,0,32,Month-to-month,UPI,763,24041.5,No
7074-IEVOJ,Female,1,3,Month-to-month,UPI,794,2050.5,Yes
9625-QSTYE,Female,0,13,Month-to-month,UPI,811.5,9523,Yes
0862-PRCBS,Female,0,68,Two year,Credit card (automatic),1037.5,70394.5,No
8812-ZRHFP,Female,0,30,One year,UPI,864.5,25380.5,No
5146-CBVOE,Female,0,16,Month-to-month,UPI,751,12128.5,No
0454-OKRCT,Male,0,33,Two year,UPI,806,26511,No
5787-KXGIY,Male,0,72,Two year,Credit card (automatic),193,13048,No
4750-ZRXIU,Female,1,4,Month-to-month,UPI,846,3601,Yes
4198-VFOEA,Female,0,12,One year,Debit Card,336,4354.5,No
6630-UJZMY,Female,1,4,Month-to-month,UPI,832.5,3080.5,No
5709-LVOEQ,Female,0,1,Two year,Debit Card,808.5,0,No
6400-BWQKW,Female,0,6,Month-to-month,UPI,790.5,4345,Yes
2692-AQCPF,Female,0,65,One year,Credit card (automatic),1080.5,71189,No
0347-UBKUZ,Female,0,15,Month-to-month,Debit Card,199,3204.5,No
0835-DUUIQ,Female,0,24,One year,UPI,210.5,5315.5,No
0811-GSDTP,Female,0,13,Month-to-month,UPI,301.5,3822,No
7567-ECMCM,Male,0,24,Month-to-month,Credit card (automatic),798.5,20010,No
6115-ZTBFQ,Female,0,72,Two year,UPI,655,49197,No
6353-BRMMA,Female,0,54,Month-to-month,UPI,1041,56458,No
6680-WKXRZ,Female,0,3,Month-to-month,UPI,744,2158,Yes
6231-WFGFH,Male,0,4,Month-to-month,Debit Card,205,776,No
9904-EHEVJ,Female,1,32,Month-to-month,Debit Card,913.5,28965.5,No
7028-DVOIQ,Male,1,35,Month-to-month,UPI,990.5,33958,Yes
6169-PPETC,Male,0,35,Two year,UPI,205,7593.5,No
4208-UFFGW,Male,1,2,Month-to-month,Debit Card,449.5,851.5,Yes
8584-KMVXD,Female,0,8,Month-to-month,UPI,756,5355.5,No
8467-WYNSR,Male,0,22,Month-to-month,Debit Card,551,12531.5,No
0851-DFJKB,Female,0,15,Month-to-month,UPI,589.5,9551.5,No
5382-SOYZL,Male,0,22,Month-to-month,UPI,951,21626,No
9448-REEVD,Male,0,1,Month-to-month,Credit card (automatic),447,447,Yes
3261-CQXOL,Female,0,71,Two year,UPI,254.5,18133.5,No
8388-FYNPZ,Male,0,4,Month-to-month,UPI,567.5,2451.5,No
4002-BQWPQ,Male,0,25,Month-to-month,UPI,817.5,20288,No
5651-YLPRD,Female,0,32,Month-to-month,UPI,861,27237.5,No
2826-DXLQO,Male,1,7,Month-to-month,UPI,298,2204.5,No
4378-BZYFP,Male,0,17,One year,Debit Card,205,3658,No
9489-UTFKA,Male,1,8,Month-to-month,UPI,609,5519.5,No
4849-PYRLQ,Female,1,56,Two year,UPI,732.5,40542,No
9117-SHLZX,Male,0,1,Month-to-month,Debit Card,457,457,Yes
9889-TMAHG,Male,1,8,Month-to-month,Credit card (automatic),1003,8323.5,Yes
4541-RMRLG,Male,0,7,Month-to-month,UPI,192.5,1123,Yes
7764-BDPEE,Male,0,3,Month-to-month,Debit Card,208.5,606.5,No
3429-IFLEM,Female,0,71,Two year,Credit card (automatic),773.5,55501,No
3158-MOERK,Female,0,2,Month-to-month,UPI,960,1748,Yes
7294-TMAOP,Female,0,1,Month-to-month,UPI,905.5,905.5,Yes
5002-GCQFH,Male,0,49,Month-to-month,UPI,938.5,47331,No
0556-FJEGU,Male,0,58,Two year,UPI,701,40489.5,No
8919-FYFQZ,Male,1,44,Month-to-month,UPI,303.5,13597,Yes
0604-THJFP,Female,0,59,Two year,Credit card (automatic),759.5,45423.5,No
2834-JRTUA,Male,0,71,Two year,UPI,1080.5,75321.5,Yes
5875-YPQFJ,Male,0,1,Month-to-month,UPI,699,699,Yes
5879-SESNB,Female,0,11,Month-to-month,UPI,752.5,8886.5,No
6646-QVXLR,Male,1,62,One year,UPI,1037.5,63833.5,Yes
6461-PPAXN,Female,0,35,One year,UPI,549.5,19160,No
3318-ISQFQ,Female,0,20,Month-to-month,UPI,195,4130,No
1106-HRLKZ,Male,0,40,Two year,Debit Card,196,8089.5,No
2483-XSSMZ,Female,0,39,One year,UPI,478.5,18864,No
8603-IJWDN,Male,0,1,Month-to-month,UPI,866,866,Yes
8165-ZJRNM,Female,0,72,Two year,UPI,237.5,16792.5,No
9369-XFEHK,Female,1,33,Month-to-month,UPI,806,26565,Yes
2604-XVDAM,Female,0,12,Month-to-month,UPI,438,5409.5,No
3717-OFRTN,Male,0,1,Month-to-month,UPI,197.5,197.5,No
9046-JBFWA,Male,0,27,Month-to-month,Debit Card,191.5,5373.5,No
3280-NMUVX,Male,0,34,One year,Credit card (automatic),196,6788,No
1206-EHBDD,Female,0,56,Two year,UPI,803,45136.5,No
8361-LBRDI,Female,0,58,Two year,Credit card (automatic),243.5,14238.5,No
4883-KCPZJ,Female,0,22,Two year,Credit card (automatic),252.5,5554,No
9108-EQPNQ,Female,0,10,Two year,Credit card (automatic),261,2255.5,No
7277-KAMWT,Male,0,13,Two year,Credit card (automatic),200,2684.5,No
3842-IYKUE,Female,0,35,Month-to-month,Credit card (automatic),853,29175,Yes
6641-XRPSU,Female,0,34,Month-to-month,Credit card (automatic),700,24161,Yes
1374-DMZUI,Female,1,4,Month-to-month,UPI,943,4244.5,Yes
2545-LXYVJ,Male,0,72,Two year,UPI,207,14921,No
3234-VKACU,Male,0,2,Month-to-month,UPI,703,1324,No
8357-EQXFO,Female,0,7,Month-to-month,UPI,953.5,6609,Yes
1989-PRJHP,Male,1,27,Month-to-month,UPI,755,18939.5,Yes
8120-JDCAM,Male,0,4,Month-to-month,Debit Card,695.5,2849,No
8917-FAEMR,Female,0,37,Two year,Debit Card,198.5,7842.5,No
7047-YXDMZ,Male,0,21,Month-to-month,Debit Card,200,4177,No
2858-EIMXH,Female,1,53,One year,Credit card (automatic),958.5,50162.5,No
9524-EGPJC,Female,0,18,Month-to-month,UPI,901,16127.5,Yes
6993-OHLXR,Female,0,2,Month-to-month,UPI,689.5,1197.5,Yes
8818-XYFCQ,Male,0,32,Month-to-month,Credit card (automatic),995.5,32046.5,Yes
6419-ZTTLE,Male,1,23,One year,UPI,207.5,4852,No
0929-HYQEW,Male,0,3,Month-to-month,Debit Card,501.5,1608.5,No
6614-YOLAC,Female,0,71,Two year,Debit Card,586.5,41452.5,No
7426-RHZGU,Male,0,9,Month-to-month,UPI,959,8274.5,No
4065-JJAVA,Female,0,1,Month-to-month,UPI,495,495,No
4695-VADHF,Male,0,18,Month-to-month,UPI,574.5,9908.5,Yes
3863-IUBJR,Male,0,12,One year,Credit card (automatic),536.5,6963.5,Yes
7649-SIJJF,Male,0,71,Two year,Debit Card,801,55854,No
9361-YNQWJ,Female,0,64,One year,UPI,244,16012,No
3748-FVMZZ,Male,0,4,Month-to-month,UPI,400.5,1624.5,No
9391-TTOYH,Female,0,23,Month-to-month,Debit Card,195,4702,No
1452-XRSJV,Female,0,39,Month-to-month,Credit card (automatic),510.5,20660,No
3422-WJOYD,Male,0,28,One year,Debit Card,543.5,14264.5,No
8242-SOQUO,Female,1,5,Month-to-month,UPI,847,3925,No
7460-ITWWP,Female,1,45,Month-to-month,UPI,861,38614.5,No
7147-AYBAA,Male,0,37,Month-to-month,Debit Card,703.5,25529,No
7868-TMWMZ,Female,1,60,Two year,UPI,1100,66683.5,No
4822-RVYBB,Male,1,8,Month-to-month,UPI,1006,8194,Yes
6732-FZUGP,Female,0,47,One year,Credit card (automatic),949,46152.5,No
8436-BJUMM,Male,0,26,Month-to-month,UPI,837.5,20706,Yes
4184-TJFAN,Female,1,3,Month-to-month,Debit Card,883,2737.5,Yes
8329-GWVPJ,Female,0,50,Month-to-month,UPI,697.5,35577,No
1352-VHKAJ,Male,0,27,Month-to-month,UPI,716,19571,No
4145-UQXUQ,Female,1,8,Month-to-month,UPI,921,7299.5,Yes
2632-TACXW,Female,0,62,Two year,UPI,236.5,14167.5,No
8146-QQKZH,Female,0,71,Two year,UPI,818.5,59244,No
1767-CJKBA,Male,0,66,Two year,Debit Card,251,16977,No
6445-TNRXS,Male,0,68,Two year,UPI,1147,78498.5,No
4581-LNWUM,Female,0,13,Month-to-month,UPI,491.5,6494,No
4869-EPIUS,Male,0,56,One year,UPI,809,45575,No
9948-YPTDG,Male,0,38,Month-to-month,UPI,794.5,30130.5,Yes
1236-WFCDV,Male,1,14,Month-to-month,Credit card (automatic),904.5,12661,Yes
1915-OAKWD,Female,0,16,One year,UPI,193,3603.5,No
7296-PIXQY,Female,0,14,Month-to-month,UPI,702,10465,No
4883-QICIH,Male,0,32,Month-to-month,UPI,697.5,23479,Yes
3354-OADJP,Female,0,8,One year,UPI,542.5,4477.5,No
3524-WQDSG,Female,0,43,Month-to-month,UPI,993,42099.5,No
0810-DHDBD,Female,0,52,One year,Credit card (automatic),740,38776.5,No
4026-SKKHW,Male,0,3,Month-to-month,Debit Card,502.5,1523,No
2829-HYVZP,Male,0,29,One year,Debit Card,198,5722,No
8329-IBCTI,Female,0,1,Month-to-month,Debit Card,196.5,196.5,Yes
1271-SJBGZ,Male,1,12,Month-to-month,UPI,436.5,5269.5,Yes
3845-JHAMY,Female,0,16,Month-to-month,Credit card (automatic),355,5527,No
7013-PSXHK,Female,0,40,One year,Debit Card,807.5,32086.5,No
5669-SRAIP,Female,0,5,Month-to-month,UPI,395,2107.5,Yes
5981-ITEMU,Male,0,40,Month-to-month,UPI,971,37069.5,Yes
3486-NPGST,Female,0,36,One year,Debit Card,195.5,6207.5,No
6941-PMGEP,Female,0,5,Month-to-month,UPI,800,4125,Yes
1624-WOIWJ,Female,0,10,Month-to-month,Debit Card,847,8320.5,Yes
2074-GKOWZ,Male,0,2,Month-to-month,UPI,895.5,1855.5,Yes
0376-YMCJC,Male,0,23,Month-to-month,UPI,906,19432,Yes
6100-FJZDG,Male,0,26,One year,UPI,200.5,5059,No
4829-ZLJTK,Female,1,72,Two year,UPI,1124,80468.5,No
1730-VFMWO,Female,0,34,Month-to-month,UPI,502,18153,No
7143-BQIBA,Male,0,10,Month-to-month,UPI,622.5,6129.5,No
3800-LYTRK,Female,0,14,One year,Debit Card,557,7951.5,No
0634-SZPQA,Female,0,23,Month-to-month,UPI,900.5,21698,Yes
9646-NMHXE,Male,0,47,Two year,Debit Card,196.5,9731,No
7030-NJVDP,Male,0,24,Month-to-month,UPI,892.5,22102,No
5536-RTPWK,Male,0,49,Month-to-month,UPI,990.5,48537.5,Yes
8883-GRDWQ,Male,1,20,One year,Debit Card,540,10559,No
6166-ILMNY,Female,0,2,Month-to-month,UPI,697.5,1445.5,Yes
3097-NNSPB,Female,0,2,Month-to-month,Credit card (automatic),490.5,911,Yes
7771-ZONAT,Male,0,22,Two year,UPI,567.5,13048.5,No
0655-RBDUG,Male,0,7,Month-to-month,UPI,980.5,7130,Yes
2111-DWYHN,Male,0,1,Month-to-month,Debit Card,211,211,No
4194-WHFCB,Female,0,59,Month-to-month,UPI,966.5,55808,No
4121-AGSIN,Female,0,58,One year,Credit card (automatic),245,14979,No
4361-BKAXE,Female,0,41,Month-to-month,UPI,1145,45274.5,Yes
9845-PEEKO,Female,1,59,Two year,Credit card (automatic),792,45903.5,No
0455-XFASS,Female,0,3,Month-to-month,UPI,695.5,2002,No
0301-KOBTQ,Male,0,32,Two year,UPI,200.5,6144.5,No
1751-NCDLI,Male,1,46,Month-to-month,UPI,988.5,45649,No
4367-NUYAO,Male,0,1,Two year,Debit Card,257.5,0,No
9878-TNQGW,Male,0,2,Month-to-month,UPI,809.5,1711.5,Yes
9170-ARBTB,Female,0,52,One year,Credit card (automatic),196,10124,No
4441-NIHPT,Female,1,13,Month-to-month,UPI,743,9403.5,Yes
8999-BOHSE,Female,1,11,Month-to-month,UPI,897,10477,Yes
7241-AJHFS,Male,0,32,Month-to-month,UPI,876.5,27664,No
7029-RPUAV,Male,1,17,Month-to-month,Credit card (automatic),1004.5,16224.5,Yes
4546-FOKWR,Female,0,16,Month-to-month,Credit card (automatic),747.5,11293.5,No
9036-CSKBW,Female,0,51,One year,UPI,1074.5,56809,No
5832-TRLPB,Male,0,29,One year,UPI,753.5,22439,No
8590-YFFQO,Male,0,70,Two year,Credit card (automatic),649.5,45232.5,No
8659-IOOPU,Female,0,71,Two year,UPI,1004.5,71597,No
1338-CECEE,Male,0,41,One year,UPI,685,28399.5,No
7439-DKZTW,Male,0,1,Month-to-month,UPI,805.5,805.5,No
4646-QZXTF,Female,0,7,Month-to-month,UPI,812.5,5801,No
4607-CHPCA,Male,0,25,One year,UPI,904,21786,Yes
9742-XOKTS,Male,0,67,One year,UPI,895.5,60385.5,No
6921-OZMFH,Male,0,5,Month-to-month,Debit Card,557,2594,No
9578-FOMUK,Male,0,15,Month-to-month,UPI,248,3241.5,No
4712-UYOOI,Female,0,20,Month-to-month,UPI,200,4176.5,No
8824-RWFXJ,Male,0,3,Month-to-month,Debit Card,561.5,1681.5,Yes
7722-CVFXN,Male,0,54,One year,UPI,1052,56378.5,No
8717-VCTXJ,Male,0,42,One year,Debit Card,195.5,8394,No
7363-QTBIW,Female,0,9,Month-to-month,UPI,797.5,7691,No
4159-NAAIX,Female,0,63,Two year,UPI,974.5,62530,No
0971-QIFJK,Female,0,69,Two year,UPI,242.5,16418,No
9397-TZSHA,Female,0,69,Two year,Credit card (automatic),246,16780.5,No
3391-JSQEW,Male,0,40,Month-to-month,Debit Card,501.5,20585,No
0343-QLUZP,Male,0,60,Two year,UPI,396,24245,No
9763-PDTKK,Female,0,4,Month-to-month,UPI,944,3872,Yes
2176-LVPNX,Female,1,71,Two year,Debit Card,898.5,62934.5,No
7627-JKIAZ,Female,0,37,Month-to-month,Credit card (automatic),789.5,28396.5,Yes
3312-UUMZW,Male,0,32,Month-to-month,Credit card (automatic),988.5,31459,No
1271-UODNO,Male,0,39,Two year,Credit card (automatic),538.5,22007,No
8461-EFQYM,Female,0,38,One year,UPI,242.5,9144,No
6900-RBKER,Male,0,52,Two year,Credit card (automatic),894.5,45777.5,No
6891-JPYFF,Female,0,48,Month-to-month,Credit card (automatic),1052.5,49975,No
1459-QNFQT,Male,0,70,Two year,UPI,595,41448,No
1047-NNCBF,Male,0,20,Month-to-month,Credit card (automatic),705.5,14935.5,No
3696-XRIEN,Female,0,50,One year,Credit card (automatic),825,41791,No
4081-DYXAV,Female,0,19,One year,Credit card (automatic),448.5,8935.5,Yes
0074-HDKDG,Male,0,25,One year,UPI,616,16110,No
8791-GFXLZ,Male,0,12,Month-to-month,UPI,490.5,5930.5,No
8111-SLLHI,Male,1,39,Month-to-month,UPI,1056.5,42848,Yes
0927-LCSMG,Male,0,7,Month-to-month,Debit Card,746.5,5445.5,Yes
9330-DHBFL,Female,0,23,One year,Debit Card,662.5,15338,No
0098-BOWSO,Male,0,27,Month-to-month,UPI,194,5298,No
3452-ABWRL,Male,1,47,Month-to-month,Credit card (automatic),860.5,38656,No
5859-HZYLF,Male,0,26,Two year,Credit card (automatic),191.5,5157.5,No
8257-RZAHR,Female,0,14,Month-to-month,UPI,647,9410,Yes
5293-WXJAK,Female,1,11,Month-to-month,UPI,1040.5,11336.5,Yes
3156-QLHBO,Male,0,2,Month-to-month,Debit Card,192.5,483.5,No
2208-NQBCT,Female,0,26,Month-to-month,UPI,819.5,20700.5,No
1779-PWPMG,Female,1,72,Two year,UPI,1146.5,83339.5,No
6621-NRZAK,Female,0,63,Two year,Credit card (automatic),200,12092.5,No
0831-JNISG,Male,0,71,Two year,Debit Card,198,13962.5,No
0774-IFUVM,Male,0,11,Month-to-month,UPI,651.5,7233.5,No
3082-WQRVY,Male,1,14,One year,Debit Card,196.5,2286.5,No
9553-DLCLU,Female,0,13,Two year,Credit card (automatic),889.5,11617.5,No
1641-BYBTK,Male,0,6,Month-to-month,Debit Card,202,983.5,No
2460-NGXBJ,Male,1,11,Month-to-month,Credit card (automatic),752,7753,No
2446-ZKVAF,Male,0,18,Month-to-month,Credit card (automatic),568,10746.5,No
0841-NULXI,Male,0,1,Month-to-month,UPI,355.5,355.5,Yes
3522-CDKHF,Female,0,32,Month-to-month,UPI,755,23247,No
1430-SFQSA,Male,0,29,One year,Debit Card,356,10726,No
0411-EZJZE,Female,0,3,Month-to-month,UPI,602.5,1705,No
7851-WZEKY,Female,0,2,Month-to-month,UPI,951.5,1969,Yes
8844-TONUD,Male,0,13,Month-to-month,Debit Card,966.5,11628.5,Yes
8807-ARQET,Female,0,41,Month-to-month,UPI,403.5,16778.5,No
8992-CEUEN,Female,0,1,Month-to-month,UPI,188.5,188.5,No
4320-QMLLA,Male,0,7,Month-to-month,Debit Card,548.5,3704,No
8777-PVYGU,Female,0,52,One year,Debit Card,643,34106,No
8292-ITGYJ,Female,0,45,Two year,UPI,246.5,11388,No
6870-ZWMNX,Male,0,70,Two year,Credit card (automatic),761,52642.5,No
0621-CXBKL,Female,0,53,Two year,Debit Card,187,10057,No
5268-DSMNQ,Female,1,62,One year,Credit card (automatic),979.5,59365.5,No
5334-JLAXU,Female,0,60,Month-to-month,Credit card (automatic),941,54759,No
4086-YQSNZ,Female,1,3,Month-to-month,UPI,804,2240.5,Yes
6242-MBHPK,Female,1,23,Month-to-month,UPI,951,23260.5,No
5868-CZJDR,Male,0,1,Month-to-month,Debit Card,313.5,313.5,Yes
9359-UGBTK,Female,0,67,One year,UPI,723.5,49915,No
0135-NMXAP,Female,0,12,Month-to-month,UPI,897.5,10524,Yes
4782-OSFXZ,Female,1,71,Two year,UPI,827,58312,No
6479-OAUSD,Male,0,25,One year,Credit card (automatic),199,5108,No
7129-ACFOG,Female,0,5,Month-to-month,UPI,538,2839.5,No
4189-NAKJS,Male,0,26,One year,Credit card (automatic),515.5,12954,No
5562-BETPV,Male,0,1,One year,Debit Card,196.5,196.5,No
1282-IHQAC,Male,1,70,One year,Credit card (automatic),440.5,30116.5,No
9127-FHJBZ,Male,0,72,Two year,UPI,1140,80931.5,No
6270-OMFIW,Male,0,60,One year,UPI,944,56102.5,Yes
1641-RQDAY,Female,1,32,Month-to-month,UPI,1004,32176.5,No
0107-WESLM,Male,0,1,Month-to-month,UPI,198.5,198.5,Yes
6994-ORCWG,Female,0,14,One year,Debit Card,542.5,7732,No
1346-UFHAX,Female,0,13,Month-to-month,Credit card (automatic),800,10293.5,No
3992-YWPKO,Female,0,6,Month-to-month,Credit card (automatic),1099,6694.5,Yes
2933-XEUJM,Female,0,46,Two year,Debit Card,792,35938,No
0125-LZQXK,Male,0,15,Month-to-month,UPI,1013.5,15539.5,Yes
5461-QKNTN,Male,1,43,Month-to-month,UPI,943,39531.5,No
4835-YSJMR,Male,0,39,Two year,UPI,498,19711.5,No
8399-YNDCH,Male,1,21,Month-to-month,UPI,600.5,12361.5,Yes
3164-YAXFY,Male,0,57,Month-to-month,UPI,537.5,31960,No
0887-WBJVH,Female,0,53,One year,UPI,934.5,48722,No
4660-IRIBM,Male,0,18,Month-to-month,Debit Card,879,15005,No
5673-FSSMF,Female,0,1,Month-to-month,UPI,601.5,601.5,Yes
7670-ZBPOQ,Female,0,58,One year,UPI,610.5,34787.5,No
8089-UZWLX,Female,1,71,Two year,UPI,1040.5,74135.5,No
0080-OROZO,Female,0,35,One year,UPI,992.5,35320,No
3916-NRPAP,Male,0,3,Month-to-month,Credit card (automatic),857,2567.5,No
6807-SIWJI,Male,0,38,One year,UPI,1048.5,38872.5,No
8221-HVAYI,Male,0,35,Two year,Credit card (automatic),691.5,24901.5,No
1579-KLYDT,Male,0,7,Month-to-month,UPI,904.5,5934.5,Yes
5232-NXPAY,Female,0,47,Two year,Debit Card,744.5,35103,No
8967-SZQAS,Female,0,14,Month-to-month,UPI,504.5,7654.5,No
4468-KAZHE,Female,1,20,Month-to-month,UPI,600,12593.5,No
0455-ENTCR,Male,0,66,Two year,UPI,852.5,55383.5,No
8944-AILEF,Male,0,15,Month-to-month,Credit card (automatic),194.5,3408.5,No
5542-NKVRU,Female,0,42,Two year,UPI,207.5,8444.5,No
7126-RBHSD,Female,0,17,Month-to-month,UPI,789,13489.5,No
5370-IIVVL,Male,0,37,One year,Credit card (automatic),1045,37780,No
6789-HJBWG,Female,0,12,Month-to-month,UPI,494,6116.5,No
3927-NLNRY,Male,0,53,One year,UPI,942.5,48679.5,Yes
9087-EYCPR,Female,0,60,Two year,Debit Card,250,15050.5,No
6791-YBNAK,Male,0,18,Month-to-month,Credit card (automatic),255.5,4678.5,No
6358-LYNGM,Male,0,1,Month-to-month,UPI,749,749,Yes
6077-BDPXA,Female,0,3,Month-to-month,UPI,701.5,1942,No
0013-MHZWF,Female,0,9,Month-to-month,Credit card (automatic),694,5714.5,No
5494-HECPR,Female,0,1,Month-to-month,UPI,802.5,802.5,Yes
8268-YDIXR,Male,0,56,One year,UPI,931.5,52539.5,No
9824-BEMCV,Male,0,17,Month-to-month,UPI,690,11496.5,Yes
1373-ORVIZ,Female,0,11,Month-to-month,UPI,663.5,7408,Yes
4291-SHSBH,Male,0,7,Month-to-month,UPI,695.5,5213.5,No
6980-IMXXE,Female,0,69,Two year,UPI,202,14126.5,No
9866-QEVEE,Male,0,19,Month-to-month,UPI,860,15324.5,Yes
9897-KXHCM,Female,0,3,Month-to-month,UPI,803,2500.5,Yes
0040-HALCW,Male,0,54,Two year,Credit card (automatic),204,10906,No
0784-GTUUK,Male,0,62,One year,Credit card (automatic),237.5,14468,No
7979-CORPM,Male,0,24,Month-to-month,Credit card (automatic),905.5,22825.5,Yes
2294-DMMUS,Female,0,62,Month-to-month,Credit card (automatic),704.5,43004.5,No
0872-JCPIB,Male,0,17,Month-to-month,UPI,657.5,11112,No
3055-MJDSB,Male,0,9,Month-to-month,Debit Card,246,1901,No
9091-WTUUY,Male,0,64,Two year,Debit Card,692.5,44477.5,No
1618-CFHME,Female,0,2,Month-to-month,UPI,759,1433.5,Yes
3165-HDOEW,Male,0,1,Month-to-month,Debit Card,458.5,458.5,Yes
6581-NQCBA,Female,0,16,Month-to-month,UPI,499.5,8102,Yes
7115-IRDHS,Female,0,72,Two year,UPI,246.5,18300.5,No
8496-DMZUK,Male,0,30,One year,UPI,904,28206.5,No
2040-VZIKE,Female,0,49,Month-to-month,Debit Card,1008.5,48473.5,No
9068-VPWQQ,Male,0,61,Two year,Credit card (automatic),753.5,47293,No
0178-SZBHO,Male,0,47,Month-to-month,UPI,872,40174.5,No
0384-RVBPI,Male,0,20,Month-to-month,Credit card (automatic),644,13986,No
1689-MRZQR,Male,0,34,Month-to-month,UPI,783,25643,Yes
1299-AURJA,Female,0,70,Two year,UPI,247,16859,No
4525-VZCZG,Male,0,54,One year,UPI,1058.5,58266.5,No
1543-LLLFT,Male,1,61,One year,Debit Card,983,60665.5,No
5835-BEQEU,Male,0,3,Month-to-month,UPI,769.5,2284,Yes
2788-CJQAQ,Male,0,13,One year,Debit Card,194.5,2702,No
5565-FILXA,Female,1,16,Month-to-month,UPI,961.5,15292,Yes
0319-QZTCO,Female,0,3,Month-to-month,Credit card (automatic),587,1686,No
2120-SMPEX,Male,0,25,Month-to-month,Debit Card,201.5,5363.5,No
0096-FCPUF,Male,0,30,Month-to-month,Debit Card,645,18884.5,No
0668-OGMHD,Female,0,21,Month-to-month,UPI,285,6293.5,No
5552-ZNFSJ,Male,0,1,Month-to-month,UPI,453,453,Yes
2223-KAGMX,Female,0,15,Month-to-month,UPI,194,2893,Yes
6507-ZJSUR,Male,1,23,Month-to-month,UPI,904.5,21172.5,No
9408-HRXRK,Female,0,45,Month-to-month,UPI,1051.5,47309,No
5593-SUAOO,Female,0,24,One year,UPI,831.5,20330.5,No
7321-PKUYW,Female,0,11,Month-to-month,UPI,901.5,9879.5,Yes
2833-SLKDQ,Male,0,1,Month-to-month,Debit Card,450.5,450.5,Yes
6766-HFKLA,Female,0,56,Two year,UPI,1032,57443.5,No
7595-EUIVN,Female,0,1,Month-to-month,UPI,758,758,Yes
7617-EYGLW,Male,0,1,Month-to-month,UPI,194.5,194.5,No
2026-TGDHM,Female,0,7,Month-to-month,UPI,793,5231.5,Yes
9220-ZNKJI,Female,1,55,Two year,Credit card (automatic),888,48053,No
4030-VPZBD,Female,0,2,Month-to-month,UPI,309,590.5,Yes
2226-ICFDO,Female,0,72,Two year,Credit card (automatic),859,61107.5,No
0723-VSOBE,Female,1,45,One year,UPI,342,15966,No
5529-GIBVH,Female,0,47,Two year,Debit Card,201.5,10462,No
4187-CINZD,Female,1,46,One year,Credit card (automatic),952.5,44242,Yes
9992-UJOEL,Male,0,2,Month-to-month,Debit Card,503,927.5,No
4741-WWJQZ,Female,0,2,Month-to-month,UPI,801.5,1945.5,No
6625-UTXEW,Female,0,12,Month-to-month,UPI,512.5,6121,No
6818-WOBHJ,Female,1,68,Month-to-month,UPI,896,61276,Yes
6244-BESBM,Male,0,69,Two year,Credit card (automatic),952,66717,No
1004-NOZNR,Male,1,56,One year,Credit card (automatic),948,52643,No
1251-STYSZ,Female,1,4,Month-to-month,UPI,802.5,3037,No
2612-PHGOX,Male,0,64,Two year,UPI,761,48188,No
2408-TZMJL,Male,0,59,One year,UPI,1101.5,64480.5,Yes
8480-PPONV,Male,0,62,Two year,UPI,1155.5,71590.5,No
8780-IHCRN,Male,0,63,Two year,Credit card (automatic),246.5,15745,No
4598-ZADCK,Female,0,53,One year,UPI,536,28792,No
1257-SXUXQ,Male,0,5,Month-to-month,Debit Card,194.5,860.5,No
9681-KYGYB,Male,1,49,Month-to-month,UPI,882,41594.5,No
7182-OVLBJ,Female,0,62,Two year,UPI,1011.5,66383.5,No
5095-ETBRJ,Female,0,55,Two year,Debit Card,568,31120.5,No
7005-CYUIL,Female,1,71,Two year,UPI,994,71682.5,No
4821-WQOYN,Female,0,72,Two year,Credit card (automatic),201,13262.5,No
4730-AWNAU,Male,0,36,One year,Credit card (automatic),607,22345.5,No
3452-FLHYD,Male,0,25,One year,UPI,209.5,4951.5,No
2388-LAESQ,Female,1,72,Two year,UPI,1148.5,83179.5,No
9531-NSBMR,Female,0,36,One year,UPI,192.5,6798,No
6260-ONULR,Male,0,1,Month-to-month,Debit Card,628,628,No
4389-UEFCZ,Female,0,72,Two year,UPI,1055,75440,No
8711-LOBKY,Male,0,59,Two year,Debit Card,198.5,11882.5,No
9134-CEQMF,Male,1,7,Month-to-month,UPI,895,6767,Yes
8985-OOPOS,Female,0,1,One year,Credit card (automatic),741,741,No
8800-ZKRFW,Female,0,30,Month-to-month,UPI,1075,32425,No
2616-FLVQC,Male,0,64,Two year,Debit Card,195.5,12401.5,No
9968-FFVVH,Male,0,63,One year,UPI,688,41113.5,No
3108-PCCGG,Male,1,72,Two year,Credit card (automatic),844.5,58998.5,No
7993-PYKOF,Male,0,8,Month-to-month,UPI,750,6329.5,Yes
8390-FESFV,Female,0,62,Two year,UPI,845,51932,No
3022-BEXHZ,Male,0,67,Two year,UPI,1112,75308,No
5027-XWQHA,Male,0,6,Month-to-month,UPI,447.5,2709.5,Yes
6248-TKCQV,Female,0,70,Two year,UPI,806,54602,No
6729-GDNGC,Female,1,20,Month-to-month,UPI,807,16142,No
6198-ZFIOJ,Female,0,5,Month-to-month,UPI,756,4025,No
5989-OMNJE,Female,0,24,One year,UPI,576,13677.5,No
4566-QVRRW,Female,0,11,Month-to-month,UPI,440.5,4837,Yes
1291-CUOCY,Male,0,72,Two year,Credit card (automatic),1106,79622,No
9795-SHUHB,Female,0,66,Two year,Credit card (automatic),582,38108,No
3230-IUALN,Female,0,45,Two year,Debit Card,810,35336,No
0042-RLHYP,Female,0,69,Two year,UPI,197,13969,No
8519-IMDHU,Male,1,15,Month-to-month,UPI,856,13455.5,Yes
4945-RVMTE,Female,0,28,Month-to-month,UPI,595.5,16464.5,No
0201-OAMXR,Female,0,70,One year,Credit card (automatic),1155.5,81276,Yes
1866-NXPSP,Female,0,36,One year,Debit Card,755.5,26801.5,No
3372-KWFBM,Male,1,16,Month-to-month,UPI,866,12810,Yes
7831-QGOXH,Female,0,18,Month-to-month,UPI,852,15539,Yes
6393-WRYZE,Female,0,34,Month-to-month,UPI,976.5,32075.5,Yes
3941-XTSKM,Male,0,42,One year,Credit card (automatic),451,20490.5,No
1661-CZBAU,Male,0,48,One year,UPI,709.5,36292,No
6599-RCLCJ,Male,0,47,Month-to-month,UPI,1095.5,51245.5,Yes
9831-BPFRI,Female,0,39,One year,UPI,895.5,34744.5,Yes
5158-RIVOP,Female,0,11,Two year,Credit card (automatic),209,2023,No
9788-YTFGE,Male,0,7,Month-to-month,Debit Card,199.5,1475,No
9277-JOOMO,Female,0,3,Month-to-month,Debit Card,246,863.5,No
1907-YLNYW,Male,0,8,Month-to-month,UPI,667,5790,No
1725-MIMXW,Male,0,1,Month-to-month,Debit Card,194.5,194.5,Yes
8947-YRTDV,Male,0,32,One year,Debit Card,948,31315.5,No
3161-ONRWK,Male,0,60,One year,UPI,658.5,39283,No
0114-RSRRW,Female,0,10,Month-to-month,UPI,199.5,1877.5,No
4565-NLZBV,Female,0,71,Two year,UPI,246.5,17101.5,No
0031-PVLZI,Female,0,4,Month-to-month,Debit Card,203.5,763.5,Yes
7206-GZCDC,Female,1,1,Month-to-month,UPI,692.5,692.5,Yes
6682-VCIXC,Female,0,43,One year,UPI,512.5,21516,No
4791-QRGMF,Male,0,59,One year,UPI,995,59611,Yes
6475-VHUIZ,Female,0,23,Month-to-month,UPI,542.5,12215.5,No
3910-MRQOY,Female,0,72,Two year,UPI,194,14964.5,No
0661-WCQNQ,Male,0,22,One year,Credit card (automatic),562.5,12922,No
7537-RBWEA,Female,0,1,Month-to-month,Debit Card,251.5,251.5,No
4656-CAURT,Male,0,69,Two year,UPI,239.5,17131,No
0121-SNYRK,Male,0,50,One year,Debit Card,354,17489,No
1768-ZAIFU,Female,1,1,Month-to-month,UPI,252,252,Yes
4671-LXRDQ,Male,0,2,Month-to-month,Debit Card,450,964.5,Yes
3733-LSYCE,Female,0,15,Month-to-month,UPI,753.5,11145.5,No
6265-FRMTQ,Male,0,31,Two year,UPI,204,6091,No
1934-SJVJK,Male,0,1,Month-to-month,Debit Card,201.5,201.5,Yes
3838-OZURD,Male,0,66,Month-to-month,Credit card (automatic),1050,71332.5,Yes
1371-DWPAZ,Female,0,1,Two year,Credit card (automatic),560.5,0,No
9269-CQOOL,Male,0,3,Month-to-month,Credit card (automatic),547,1694.5,Yes
2017-CCBLH,Female,0,8,Two year,Debit Card,200,1416,No
7690-KPNCU,Male,0,64,One year,Credit card (automatic),730.5,46886.5,No
0536-BGFMZ,Female,0,28,Month-to-month,Debit Card,205,5630.5,No
2293-IJWPS,Female,0,57,One year,Credit card (automatic),1007.5,59850,No
2845-HSJCY,Female,0,14,Month-to-month,UPI,872.5,12586,Yes
5469-NUJUR,Male,0,19,Two year,Debit Card,199.5,3735,No
1184-PJVDB,Male,0,10,Month-to-month,UPI,799.5,8572,Yes
2625-TRCZQ,Female,0,51,Month-to-month,UPI,496.5,25533.5,No
4102-HLENU,Female,0,67,Two year,Debit Card,656.5,43228.5,No
7266-GSSJX,Male,0,11,Month-to-month,UPI,204.5,2508,No
7722-VJRQD,Male,0,72,Two year,UPI,609.5,45490.5,No
7073-QETQY,Male,0,66,One year,UPI,203.5,13595,No
9415-DPEWS,Female,0,18,Month-to-month,UPI,883.5,16393,Yes
5624-RYAMH,Female,0,9,Month-to-month,UPI,195,1788.5,No
0196-JTUQI,Female,0,9,Month-to-month,Credit card (automatic),752,6338.5,No
7130-YXBRO,Male,0,48,Month-to-month,UPI,1114.5,53151,No
9272-LSVYH,Male,0,10,Month-to-month,Debit Card,701.5,7355,No
7943-RQCHR,Female,0,9,Month-to-month,UPI,947.5,8899,Yes
3793-MMFUH,Female,1,13,Month-to-month,UPI,950.5,12900,Yes
3249-ZPQRG,Male,0,4,Month-to-month,UPI,784.5,3300.5,Yes
2568-BRGYX,Male,0,4,Month-to-month,UPI,702,2379.5,Yes
3084-DOWLE,Female,0,72,Two year,UPI,920,64744,No
1084-MNSMJ,Female,0,51,Two year,Credit card (automatic),855,44219.5,No
7721-JXEAW,Male,0,59,Month-to-month,UPI,410.5,24527,Yes
7249-WBIYX,Male,0,10,Month-to-month,UPI,856,8138.5,Yes
4238-HFHSN,Male,1,61,Month-to-month,UPI,821.5,49048.5,No
6250-CGGUN,Male,0,54,One year,UPI,844,44840.5,No
5478-JJVZK,Female,0,33,Month-to-month,Debit Card,609,20338.5,No
7596-IIWYC,Female,0,27,Two year,UPI,202.5,5382,No
6567-HOOPW,Female,1,1,Month-to-month,UPI,792,792,Yes
9793-WECQC,Male,0,23,Month-to-month,Debit Card,953,21929,No
4291-HPAXL,Male,0,1,Month-to-month,Debit Card,198.5,198.5,No
8999-YPYBV,Male,0,45,Two year,Debit Card,843.5,38580.5,No
1839-FBNFR,Female,0,39,Two year,UPI,198.5,8548,No
3164-AALRN,Male,0,5,One year,Debit Card,700,3474,Yes
3071-MVJCD,Male,0,72,Two year,UPI,823,58151.5,No
1697-BCSHV,Female,0,58,Month-to-month,UPI,668,39704,No
0562-KBDVM,Female,0,70,Two year,UPI,446,30581.5,No
1131-SUEKT,Male,0,61,One year,UPI,984.5,61452,No
3717-OEAUQ,Male,0,2,Month-to-month,Debit Card,707,1292,No
4538-WNTMJ,Female,0,46,One year,Debit Card,249.5,11659,No
3334-CTHOL,Female,0,1,Month-to-month,UPI,499.5,499.5,Yes
4704-ERYFC,Female,0,22,Month-to-month,UPI,692.5,15540,Yes
9432-RUVSL,Female,0,48,Two year,Credit card (automatic),1025,49042.5,No
8060-HIWJJ,Male,0,64,Two year,Credit card (automatic),865.5,56325.5,No
7684-XSZIY,Male,0,72,Two year,UPI,243,16432.5,No
9089-UOWJG,Female,0,12,Month-to-month,Credit card (automatic),583.5,7405.5,No
8621-MNIHH,Female,1,34,Month-to-month,UPI,942.5,32175.5,Yes
8039-ACLPL,Female,0,72,Two year,Credit card (automatic),687.5,48882,No
9885-AIBVB,Male,0,29,Month-to-month,UPI,858,24402.5,No
1934-MKPXS,Male,0,33,One year,Credit card (automatic),201,6205.5,No
2592-YKDIF,Female,0,1,Month-to-month,Debit Card,203.5,203.5,No
2272-JKMSI,Female,0,62,One year,UPI,1108,68409.5,No
0471-LVHGK,Male,0,41,One year,UPI,730,30012,Yes
9518-RWHZL,Female,0,64,One year,Credit card (automatic),1000.5,62542,Yes
8714-CTZJW,Female,0,4,Month-to-month,Credit card (automatic),828.5,3196,No
3569-EDBPQ,Female,0,24,Month-to-month,UPI,843.5,19380.5,No
3131-NWVFJ,Female,0,14,One year,Debit Card,195.5,2945,No
7521-YXVZY,Male,0,3,Month-to-month,Debit Card,199.5,583,No
5419-CONWX,Female,1,4,Month-to-month,Credit card (automatic),998,4428.5,Yes
6240-EURKS,Female,0,18,Month-to-month,UPI,350,5530,Yes
2373-NTKOD,Male,0,8,Month-to-month,UPI,662.5,5464.5,No
1970-KKFWL,Female,0,35,Two year,UPI,233,7971,No
6960-HVYXR,Female,0,1,Month-to-month,UPI,760,760,Yes
9337-SRRNI,Male,0,66,Two year,Credit card (automatic),253,16738,No
0895-UADGO,Male,0,8,Two year,Debit Card,445.5,3434.5,No
5678-VFNEQ,Female,0,71,One year,Credit card (automatic),1041,74122.5,No
5977-CKHON,Female,0,43,Month-to-month,UPI,925.5,40390,No
7024-OHCCK,Female,1,2,Month-to-month,UPI,938.5,1708.5,Yes
2692-BUCFV,Male,1,29,Month-to-month,UPI,1014.5,29486,No
7861-UVUFT,Female,0,15,Month-to-month,UPI,843,13084,Yes
1830-GGFNM,Male,0,65,Two year,Credit card (automatic),945.5,60787.5,No
5302-BDJNT,Male,0,35,Month-to-month,UPI,955,34182,No
5223-UZAVK,Male,0,64,One year,Credit card (automatic),1003,66038,No
4859-ZSRDZ,Female,0,58,Two year,Credit card (automatic),555,31669,No
5651-WYIPH,Female,1,18,Month-to-month,Credit card (automatic),498.5,8657.5,No
9350-VLHMB,Male,0,67,Month-to-month,UPI,895.5,63731,No
3498-LZGQZ,Male,0,63,Two year,Debit Card,191.5,11770.5,No
8785-CJSHH,Female,0,60,Month-to-month,UPI,998,59857.5,No
5357-TZHPP,Male,1,9,Month-to-month,Credit card (automatic),844,7325,Yes
3870-SPZSI,Female,0,70,Two year,Credit card (automatic),1130.5,78690.5,No
0680-DFNNY,Male,0,15,Month-to-month,UPI,1011,15040.5,Yes
7560-QRBXH,Female,0,48,One year,Debit Card,199.5,9367,No
7077-XJMET,Male,0,12,Month-to-month,UPI,741.5,7414,No
8752-GHJFU,Male,1,71,One year,UPI,920,65852,No
6896-SRVYQ,Male,1,44,Month-to-month,UPI,738.5,31224,No
7767-UXAGJ,Male,0,1,Month-to-month,UPI,504.5,504.5,Yes
4652-ODEVH,Male,0,45,Two year,Debit Card,244.5,10882.5,No
6510-UPNKS,Female,0,23,One year,Credit card (automatic),248,6153.5,No
6718-BDGHG,Female,0,43,One year,UPI,648.5,29082,No
9046-DQMTP,Male,0,35,Month-to-month,UPI,207.5,7399,No
6439-LAJXL,Male,0,9,Month-to-month,Debit Card,689.5,5938.5,No
1571-SAVHK,Male,0,12,Month-to-month,Debit Card,999.5,11327.5,Yes
9052-VKDUW,Female,1,65,Month-to-month,Credit card (automatic),1094,72274.5,No
9546-CQJSU,Female,0,2,Month-to-month,UPI,914,1936,Yes
1666-JZPZT,Male,0,27,Month-to-month,Debit Card,490,12913.5,No
5777-KJIRB,Female,0,40,One year,Debit Card,502.5,20235.5,No
0506-LVNGN,Female,1,5,Month-to-month,Credit card (automatic),755.5,3496.5,Yes
7677-SJJJK,Male,0,8,One year,Credit card (automatic),199,1539.5,No
2480-EJWYP,Female,1,58,One year,UPI,978,54588,No
3253-HKOKL,Female,0,52,One year,UPI,1003,52444.5,No
7055-HNEOJ,Male,0,3,Month-to-month,Debit Card,558,1545.5,No
5514-YQENT,Male,0,41,Two year,UPI,1111.5,45071.5,No
3211-AAPKX,Male,0,20,Month-to-month,Debit Card,985.5,20319.5,No
8445-DNBAE,Male,0,1,Month-to-month,UPI,500.5,500.5,No
2951-QOQTK,Male,0,4,Month-to-month,Credit card (automatic),808,3324.5,Yes
2958-NHPPS,Male,0,23,Month-to-month,UPI,208.5,4739,No
6806-YDEUL,Female,1,6,Month-to-month,UPI,195,1068,No
1735-XMJVH,Male,0,8,Month-to-month,Debit Card,193.5,1526,No
6890-PFRQX,Male,0,18,Month-to-month,Debit Card,695,11994,No
0222-CNVPT,Male,1,52,Month-to-month,Credit card (automatic),488,25550.5,No
5899-OUVKV,Male,0,31,Month-to-month,UPI,945,29792,No
8681-ICONS,Male,0,29,Month-to-month,Debit Card,206.5,6548.5,No
1621-YNCJH,Female,0,36,Two year,Credit card (automatic),1060.5,38344,No
3473-XIIIT,Female,0,16,Month-to-month,UPI,1000,15347.5,Yes
6362-QHAFM,Male,0,42,One year,UPI,1083,45861.5,No
7893-IXHRQ,Male,0,1,Month-to-month,UPI,205.5,205.5,Yes
3070-BDOQC,Female,0,60,Two year,UPI,996.5,59410.5,No
2952-QAYZF,Male,0,5,Month-to-month,UPI,853,4241.5,Yes
6234-PFPXL,Male,0,22,Month-to-month,Credit card (automatic),959,22349.5,No
9824-QCJPK,Male,0,36,One year,Debit Card,200,6667.5,No
4763-PGDPO,Female,0,4,Month-to-month,UPI,704,2810,Yes
4283-IVYCI,Male,0,9,Month-to-month,Debit Card,649.5,5478,No
1866-OBPNR,Male,0,1,Month-to-month,Credit card (automatic),746,746,No
8205-MQUGY,Male,0,12,Month-to-month,UPI,492,5711.5,No
8970-ANWXO,Female,0,23,One year,Debit Card,737.5,17566,No
9480-BQJEI,Male,0,62,One year,UPI,923,57314.5,No
5394-SVGJV,Male,0,37,Month-to-month,UPI,988,34755.5,Yes
6979-TNDEU,Female,0,8,Month-to-month,Debit Card,192,1568.5,No
9777-WJJPR,Male,0,31,Month-to-month,Credit card (automatic),886.5,26832,No
9283-LZQOH,Male,0,13,Month-to-month,Credit card (automatic),744,8967.5,Yes
7079-QRCBC,Female,0,24,Month-to-month,UPI,987.5,24073,Yes
9495-SKLKD,Male,0,45,Month-to-month,UPI,959.5,44566.5,No
6048-UWKAL,Female,1,69,Two year,Credit card (automatic),1054,69989.5,No
5067-DGXLL,Male,0,2,Month-to-month,Debit Card,202.5,368,No
5469-CTCWN,Male,0,61,One year,UPI,1060,65477,Yes
9851-QXEEQ,Male,0,41,Month-to-month,UPI,1047,43464,Yes
6281-FKEWS,Female,0,44,One year,UPI,490.5,22650,No
8898-KASCD,Male,0,39,One year,Debit Card,355.5,13091.5,No
9242-TKFSV,Male,0,72,Two year,Credit card (automatic),651,47543,No
9290-SHCMB,Female,1,13,Month-to-month,UPI,968.5,12355.5,No
0743-HNPFG,Female,0,51,One year,Credit card (automatic),697.5,35625,No
2277-BKJKN,Female,1,71,Two year,UPI,992,72137.5,No
9809-IMGCQ,Male,1,22,Month-to-month,UPI,967,20829.5,Yes
5208-HFSBT,Female,0,2,Month-to-month,Credit card (automatic),550.5,1027.5,Yes
5035-PGZXH,Female,0,56,One year,UPI,1068,59144,No
8695-WDYEA,Male,0,1,Month-to-month,Debit Card,512.5,512.5,No
6543-JXSOO,Female,0,23,One year,Debit Card,577.5,12828.5,No
8016-ZMGMO,Female,1,66,One year,UPI,708.5,47388.5,No
8605-ITULD,Female,0,1,Month-to-month,Debit Card,195.5,195.5,No
3254-YRILK,Male,1,19,Month-to-month,UPI,882,17758,Yes
6416-YJTTB,Male,0,11,Month-to-month,UPI,795,7956.5,No
2667-WYLWJ,Female,0,8,One year,Debit Card,197.5,1450,Yes
4472-VESGY,Female,0,52,Month-to-month,UPI,981.5,49934,No
3195-TQDZX,Male,0,3,Month-to-month,UPI,202.5,614.5,No
3128-YOVTD,Female,0,51,Month-to-month,UPI,791.5,40185.5,No
0529-ONKER,Male,1,15,Month-to-month,UPI,756.5,11466.5,Yes
1728-CXQBE,Male,1,64,Month-to-month,UPI,942.5,60814,No
7041-TXQJH,Female,0,37,Month-to-month,Credit card (automatic),402,14788.5,No
5014-GSOUQ,Male,0,13,Two year,Debit Card,199.5,2436.5,No
5724-BIDBU,Male,0,49,One year,UPI,553.5,26339.5,No
0481-SUMCB,Female,1,45,One year,UPI,1021.5,47353.5,No
1769-GRUIK,Female,0,18,Month-to-month,UPI,711,12477.5,No
5240-IJOQT,Male,1,1,Month-to-month,UPI,747,747,Yes
8819-WFGGJ,Male,0,68,Two year,UPI,541,37945,No
7427-AUFPY,Male,0,54,Two year,Credit card (automatic),196.5,10087,No
2811-POVEX,Female,1,23,Month-to-month,UPI,884.5,21305.5,No
1092-GANHU,Male,0,17,Month-to-month,UPI,766.5,13135.5,Yes
7898-PDWQE,Male,0,71,Two year,Credit card (automatic),804,57271.5,No
9972-EWRJS,Female,0,67,Two year,UPI,192.5,13729,No
9314-IJWSQ,Female,0,14,Month-to-month,UPI,848,12039,No
0661-XEYAN,Female,1,1,Month-to-month,Debit Card,258,258,Yes
5799-JRCZO,Female,0,63,Two year,Credit card (automatic),195,12151,No
1921-KYSAY,Female,0,41,One year,UPI,686,28770.5,No
6198-RTPMF,Female,0,17,Month-to-month,UPI,926,15797,No
2924-KHUVI,Male,0,56,One year,UPI,1005.5,55149.5,No
1925-GMVBW,Female,0,5,Month-to-month,Credit card (automatic),205.5,961,No
7881-EVUAD,Female,0,2,Month-to-month,UPI,426,724,Yes
6184-DYUOB,Female,0,3,Month-to-month,Debit Card,196,552.5,No
9207-ZPANB,Male,0,37,One year,UPI,674.5,24433,No
5766-XQXMQ,Female,0,29,Month-to-month,UPI,688.5,19705,Yes
9327-QSDED,Male,0,8,Month-to-month,Debit Card,435.5,3354,No
1656-DRSMG,Female,0,63,Month-to-month,Credit card (automatic),1098.5,70029.5,No
3012-VFFMN,Female,0,7,Month-to-month,Debit Card,206.5,1589.5,No
2984-AFWNC,Female,0,3,Month-to-month,UPI,954,2931.5,No
0640-YJTPY,Male,0,72,Two year,UPI,210,14937.5,No
8096-LOIST,Female,0,19,Month-to-month,UPI,562,10934,No
9764-REAFF,Female,0,59,Two year,UPI,184,10578.5,No
3703-VAVCL,Male,0,2,Month-to-month,Credit card (automatic),900,1900.5,Yes
7107-UBYKY,Female,0,35,Month-to-month,UPI,257.5,8825.5,No
4881-GQJTW,Male,0,14,Month-to-month,Credit card (automatic),196,3004,No
8519-QJGJD,Female,0,14,Month-to-month,UPI,753.5,10259.5,Yes
7876-DNYAP,Female,0,69,Two year,Credit card (automatic),198,14369.5,No
7905-NJMXS,Male,1,7,Month-to-month,UPI,642,4750,No
2882-WDTBA,Male,0,69,Two year,UPI,757.5,53881.5,No
2091-GPPIQ,Female,0,72,Two year,UPI,789.5,57301.5,No
6326-MTTXK,Male,0,8,Month-to-month,UPI,1008.5,8195.5,Yes
5071-FBJFS,Female,0,4,Month-to-month,UPI,503,2171,No
2796-UUZZO,Male,0,63,Month-to-month,Credit card (automatic),803,48963.5,No
2429-AYKKO,Male,0,72,Two year,UPI,198.5,14341,No
9798-OPFEM,Female,0,46,Two year,UPI,211,9371,No
0330-IVZHA,Female,0,5,Month-to-month,UPI,699.5,3301.5,Yes
3794-NFNCH,Male,0,30,Month-to-month,Debit Card,500,14749,No
5193-QLVZB,Male,0,63,Two year,UPI,1047.5,65365,No
7114-AEOZE,Female,0,60,Two year,UPI,198.5,11281,No
2886-KEFUM,Female,0,63,One year,UPI,1075,68737.5,Yes
5522-NYKPB,Male,0,25,Month-to-month,UPI,859,21990.5,No
4237-RLAQD,Male,0,1,Month-to-month,Debit Card,458.5,458.5,Yes
9957-YODKZ,Male,1,6,Month-to-month,UPI,808,4571,No
6518-KZXCB,Male,0,22,Two year,Debit Card,252.5,5665,No
2245-ADZFJ,Female,0,31,Two year,UPI,805.5,24716,No
7776-QGYJC,Female,0,39,Month-to-month,UPI,815,31073,No
9313-QOLTZ,Male,0,26,Month-to-month,Debit Card,209,5183,No
9651-GTSAQ,Female,0,53,One year,UPI,1061,57697.5,Yes
3186-BAXNB,Female,0,1,Month-to-month,UPI,917,917,Yes
4672-FOTSD,Male,0,12,Month-to-month,UPI,672.5,8323,No
0637-YLETY,Female,0,16,Month-to-month,Credit card (automatic),956,15556.5,Yes
9818-XQCUV,Female,0,2,Month-to-month,Debit Card,203.5,453,No
7338-ERIVA,Male,0,39,One year,UPI,450.5,17906,No
1157-BQCUW,Male,0,1,Month-to-month,UPI,749.5,749.5,Yes
8259-NFJTV,Female,0,7,Month-to-month,Debit Card,346.5,2466,No
3223-DWFIO,Male,1,4,Month-to-month,UPI,693.5,2616.5,No
2660-EMUBI,Male,1,10,Month-to-month,UPI,953.5,8983.5,Yes
6968-GMKPR,Female,0,55,Month-to-month,UPI,815.5,45095,No
4751-ERMAN,Male,0,72,Two year,UPI,754,54802.5,No
1436-ZMJAN,Female,0,10,Month-to-month,Credit card (automatic),678,6531.5,No
3292-PBZEJ,Male,1,11,Month-to-month,UPI,1114,11830.5,No
0799-DDIHE,Female,0,15,Month-to-month,UPI,463,6394.5,No
3070-FNFZQ,Female,0,23,Two year,UPI,204,4787.5,No
2812-SFXMJ,Male,0,1,Month-to-month,Debit Card,200.5,200.5,No
7675-OZCZG,Female,1,3,Month-to-month,UPI,450,1271,Yes
5014-WUQMG,Male,0,47,One year,UPI,961,43914.5,No
5312-TSZVC,Female,0,15,One year,Debit Card,196.5,2706,No
2003-CKLOR,Male,0,66,Month-to-month,UPI,995,67105,Yes
0993-OSGPT,Female,1,68,One year,UPI,606.5,39759,No
9254-RBFON,Female,0,17,One year,UPI,986,17049.5,Yes
1205-WNWPJ,Female,0,7,Month-to-month,Debit Card,595,4159.5,Yes
9391-EOYLI,Male,1,12,Month-to-month,UPI,804.5,9502,Yes
7108-DGVUU,Female,1,21,One year,UPI,717,14970.5,No
2782-JEEBU,Male,0,21,Month-to-month,Debit Card,360,7801.5,No
5127-BZENZ,Female,0,56,One year,UPI,652,35121.5,No
2720-FVBQP,Female,0,6,Month-to-month,Credit card (automatic),489.5,2732.5,No
9906-NHHVC,Female,1,65,Two year,UPI,535,35179,No
4522-XRWWI,Male,0,42,One year,Credit card (automatic),804.5,33759,No
3766-EJLFL,Female,0,68,Two year,UPI,1090.5,75085.5,No
5939-SXWHM,Male,0,48,Two year,UPI,263,12450.5,No
8152-UOBNY,Female,1,50,One year,UPI,1068,53479.5,No
7351-KYHQH,Female,1,7,Month-to-month,UPI,649.5,4936.5,No
7643-RCHXS,Female,0,63,Two year,UPI,193.5,12638.5,No
8246-SHFGA,Male,0,17,Month-to-month,Credit card (automatic),211,3855.5,No
8387-MOJJT,Female,0,42,Month-to-month,Credit card (automatic),779.5,33840,Yes
0620-XEFWH,Male,0,4,Month-to-month,Debit Card,188.5,842,No
6485-QXWWE,Female,0,62,Two year,UPI,260,16387,No
2761-OCIAX,Male,1,2,Month-to-month,UPI,747,1654,Yes
7321-VGNKU,Female,0,2,Month-to-month,UPI,703.5,1202.5,No
5327-CNLUQ,Male,0,48,Two year,UPI,969,44734.5,No
7552-KEYGT,Male,0,27,Two year,UPI,195.5,5205.5,No
5816-JMLGY,Female,0,70,Two year,UPI,804,57178.5,No
3068-OMWZA,Male,1,1,Month-to-month,UPI,888,888,Yes
2927-QRRQV,Male,0,46,One year,UPI,946.5,43125,No
6032-KRXXO,Male,0,30,Month-to-month,UPI,902.5,27553.5,Yes
7459-RRWQZ,Female,0,15,Month-to-month,UPI,646.5,9945.5,Yes
6265-SXWBU,Male,0,69,One year,Credit card (automatic),957.5,65112.5,No
7941-RCJOW,Male,0,65,Two year,Credit card (automatic),195.5,12186.5,No
6374-NTQLP,Male,1,72,Two year,Credit card (automatic),1041,74477,No
4154-AQUGT,Male,1,13,Month-to-month,UPI,890.5,11693.5,Yes
2387-KDZQY,Male,0,17,One year,Debit Card,201,2795,No
3584-WKTTW,Male,0,51,One year,UPI,1115.5,57203.5,No
3399-BMLVW,Male,0,51,Two year,Credit card (automatic),605,31214.5,No
1971-DTCZB,Female,0,72,Two year,UPI,909.5,64686,No
3092-IGHWF,Male,0,67,One year,UPI,874,59188,Yes
3374-PZLXD,Male,0,34,Month-to-month,Debit Card,197,6756,No
3813-DHBBB,Male,0,67,Two year,UPI,509.5,35217,No
2812-REYAT,Female,0,49,One year,UPI,200.5,9231,No
6518-PPLMZ,Male,0,53,Two year,Debit Card,194,11103.5,No
4939-KYYPY,Male,0,27,Month-to-month,UPI,594.5,16116.5,No
8017-LXHFA,Female,1,23,Month-to-month,UPI,947.5,22936,Yes
5930-GBIWP,Male,0,69,Two year,Credit card (automatic),815,55532.5,No
6022-KOUQO,Female,0,2,Month-to-month,UPI,290.5,447.5,No
6352-TWCAU,Female,0,35,Month-to-month,UPI,864.5,30291,Yes
2361-UPSND,Female,0,46,One year,Debit Card,706,32310.5,No
6035-RIIOM,Female,0,54,Two year,UPI,972,51294.5,No
2929-QNSRW,Female,0,56,One year,UPI,982.5,55083.5,Yes
1262-OPMFY,Female,0,9,Month-to-month,UPI,757.5,6559,Yes
9504-DSHWM,Male,0,20,Month-to-month,UPI,592,11912,No
5035-BVCXS,Male,0,11,Month-to-month,Debit Card,759,8664,No
6267-DCFFZ,Female,1,30,Month-to-month,UPI,900.5,26272,No
3533-UVMOM,Male,0,68,Two year,UPI,709.5,47414.5,No
2439-LYPMQ,Male,1,38,Month-to-month,UPI,1026,40092,No
4248-QPAVC,Female,1,17,Month-to-month,UPI,853.5,14634.5,Yes
1899-VXWXM,Male,0,48,One year,Credit card (automatic),1061,50828,Yes
1478-VPOAD,Female,0,1,Month-to-month,UPI,438,438,No
9995-HOTOH,Male,0,63,Two year,UPI,590,37076,No
2988-PLAHS,Female,0,3,One year,UPI,699.5,2204.5,No
1371-OJCEK,Female,0,48,One year,UPI,243.5,11337,No
4999-IEZLT,Male,0,66,One year,Credit card (automatic),294.5,19831.5,No
8883-ANODQ,Female,0,68,Two year,Credit card (automatic),844,57467.5,No
4690-LLKUA,Male,1,17,Month-to-month,UPI,450.5,7706,Yes
2351-RRBUE,Female,0,7,One year,Debit Card,206.5,1340.5,No
5980-BDHPY,Male,0,72,Two year,UPI,871,62301,No
1498-DQNRX,Female,0,29,Month-to-month,Debit Card,198.5,5730.5,No
9469-WEJBT,Male,0,37,Month-to-month,UPI,903.5,34193,No
3331-HQDTW,Female,0,34,Month-to-month,Debit Card,1098,35872.5,Yes
9490-DFPMD,Female,1,42,Month-to-month,UPI,846.5,35413.5,Yes
2581-VKIRT,Female,0,59,One year,Debit Card,655,38013,No
5442-XSDCW,Male,0,11,Month-to-month,UPI,795,8685,Yes
7426-WEIJX,Male,1,60,Month-to-month,UPI,809.5,48591,No
2851-MMUTZ,Female,0,27,Month-to-month,Debit Card,561.5,14393.5,No
3049-NDXFL,Female,0,1,Month-to-month,Debit Card,858,858,Yes
8580-AECUZ,Male,1,1,Month-to-month,UPI,791,791,Yes
3307-TLCUD,Male,0,17,Month-to-month,Debit Card,344,5927.5,No
6625-FLENO,Male,0,58,Two year,Debit Card,207.5,11859.5,No
2967-MXRAV,Male,0,1,One year,Debit Card,188,188,No
7963-GQRMY,Female,0,3,Month-to-month,Debit Card,443,1345,Yes
8189-HBVRW,Female,0,53,Month-to-month,UPI,908,49212,No
4163-KIUHY,Male,0,35,Month-to-month,UPI,256,9012.5,No
1228-FZFRV,Male,0,50,Month-to-month,Credit card (automatic),1059.5,53418,Yes
3500-NSDOA,Male,0,68,Two year,Credit card (automatic),708,48599.5,No
1171-TYKUR,Male,0,47,Month-to-month,UPI,254,11392,No
3761-FLYZI,Female,1,65,Month-to-month,UPI,1088,70824.5,No
2058-DCJBE,Male,0,5,Month-to-month,UPI,697.5,3246,Yes
5364-XYIRR,Male,0,51,Month-to-month,UPI,946.5,48127.5,Yes
4829-AUOAX,Female,0,46,Month-to-month,UPI,960.5,43995,Yes
1219-NNDDO,Female,0,9,Month-to-month,UPI,768.5,6635.5,No
8388-DMKAE,Female,0,8,Two year,Debit Card,202.5,1746.5,No
4403-BWPAY,Male,0,14,One year,Credit card (automatic),248,3217,No
9659-QEQSY,Female,0,45,Month-to-month,UPI,1156.5,51255,No
5405-ZMYXQ,Female,0,8,Month-to-month,Credit card (automatic),746,5489,No
5047-LHVLY,Male,1,1,Month-to-month,Debit Card,501.5,501.5,Yes
1442-OKRJE,Male,0,66,One year,UPI,1031.5,70313,No
4737-AQCPU,Male,0,72,Two year,Credit card (automatic),721,50166.5,No
9158-VCTQB,Female,0,41,Month-to-month,UPI,1136,45949.5,Yes
2808-CHTDM,Female,0,23,Two year,Debit Card,251,6114.5,No
6311-UEUME,Female,0,29,Month-to-month,UPI,789,23841.5,Yes
0793-TWELN,Female,0,4,Month-to-month,UPI,801.5,3198.5,No
3283-WCWXT,Male,0,6,Two year,Debit Card,254,1533,No
1060-ENTOF,Female,1,67,One year,Credit card (automatic),1054,70356,No
0999-QXNSA,Male,1,7,Month-to-month,Debit Card,457.5,3442,No
5451-MHQOF,Male,0,56,One year,Debit Card,244.5,14316.5,No
4836-WNFNO,Female,0,72,Two year,Credit card (automatic),250,18492,No
9225-BZLNZ,Male,0,72,Two year,UPI,852.5,60831,No
0354-VXMJC,Male,0,23,Two year,Credit card (automatic),196,4266.5,No
4422-QVIJA,Female,0,35,Month-to-month,Debit Card,501.5,16553.5,No
9365-SRSZE,Male,1,27,Month-to-month,UPI,705.5,19439,No
6839-ITVZJ,Female,0,26,Month-to-month,UPI,600.5,16161.5,Yes
8332-OSJDW,Male,0,12,One year,Debit Card,264,3149.5,No
4735-BJKOU,Female,0,40,Two year,Debit Card,201.5,8048.5,No
0274-JKUJR,Male,0,7,Month-to-month,Debit Card,588.5,4657,No
5740-YHGTW,Male,0,70,Month-to-month,Credit card (automatic),975.5,66690.5,No
8917-SZTTJ,Male,0,60,Two year,Credit card (automatic),196.5,11617.5,No
1696-MZVAU,Male,0,39,One year,Credit card (automatic),252.5,9477.5,No
7359-WWYJV,Male,0,72,Two year,Credit card (automatic),1144.5,83750.5,No
0375-HVGXO,Female,0,1,Month-to-month,UPI,347,347,Yes
4906-ZHGPK,Male,0,54,One year,UPI,707,37700,No
8593-WHYHV,Male,0,3,Month-to-month,UPI,853,2648,Yes
3795-GWTRD,Female,0,63,Two year,Credit card (automatic),755.5,47078.5,No
1298-PHBTI,Male,0,71,Two year,UPI,848,61524,No
6223-DHJGV,Female,0,42,One year,Debit Card,206.5,9581,No
6961-MJKBO,Male,0,47,Two year,UPI,204.5,9430,No
6097-EQISJ,Female,0,66,One year,Credit card (automatic),1024.5,66151.5,Yes
4423-YLHDV,Female,0,21,Month-to-month,UPI,1044,22002.5,Yes
8158-WPEZG,Male,0,11,Month-to-month,UPI,356.5,4251,No
0107-YHINA,Male,0,1,Month-to-month,UPI,997.5,997.5,Yes
4918-FYJNT,Female,1,55,Month-to-month,UPI,904.5,50448,No
0727-BNRLG,Male,0,69,Two year,Credit card (automatic),976.5,67435.5,No
4854-CIDCF,Female,1,3,Month-to-month,UPI,738.5,1964,No
8640-SDGKB,Male,0,4,Month-to-month,UPI,744,2997,Yes
3280-MRDOF,Male,1,30,Two year,Credit card (automatic),691,20939,No
6435-SRWBJ,Female,0,5,Month-to-month,UPI,827.5,4177.5,No
9964-WBQDJ,Female,0,71,Two year,Credit card (automatic),244,17254,No
6303-KFWSL,Female,0,29,One year,UPI,552.5,16202,No
1702-CCFNJ,Male,0,52,Month-to-month,UPI,613.5,31695.5,No
8932-CZHRQ,Male,0,68,One year,Credit card (automatic),767.5,52332.5,No
0386-CWRGM,Female,0,46,Two year,Debit Card,194,9678.5,No
5515-RUGKN,Male,0,8,Month-to-month,Credit card (automatic),547.5,4380.5,No
0404-AHASP,Male,0,72,Two year,Credit card (automatic),197,14219,No
7279-NMVJC,Female,0,17,One year,UPI,199,3231.5,No
2081-VEYEH,Male,0,3,Month-to-month,UPI,1079.5,3186,No
6407-UTSLV,Female,1,2,Month-to-month,UPI,838,1637,No
4116-TZAQJ,Female,0,9,Month-to-month,Credit card (automatic),742.5,6396.5,Yes
9060-HJJRW,Female,0,51,One year,Credit card (automatic),564,29285,No
2587-YNLES,Female,0,6,Two year,Debit Card,201,1003.5,No
7398-SKNQZ,Female,0,3,Month-to-month,UPI,949,2732,No
5935-FCCNB,Female,1,17,Month-to-month,UPI,942,16081.5,No
1958-RNRKS,Male,0,30,Month-to-month,UPI,499,14419.5,No
5136-RGMZO,Male,0,31,Month-to-month,UPI,710.5,21681.5,No
8345-MVDYC,Female,0,45,Two year,UPI,816.5,36187,No
8226-BXGES,Male,0,64,One year,UPI,894.5,56926.5,No
3877-JRJIP,Male,0,1,Month-to-month,UPI,598.5,598.5,Yes
8375-DKEBR,Female,1,1,Month-to-month,UPI,696,696,Yes
9705-IOVQQ,Male,1,61,One year,UPI,990,59693,No
1015-OWJKI,Male,0,1,Month-to-month,Debit Card,190.5,190.5,No
7511-YMXVQ,Male,0,9,Month-to-month,UPI,454,4188,Yes
2040-XBAVJ,Male,0,72,Two year,UPI,1144.5,81005.5,No
7551-JOHTI,Female,0,1,Month-to-month,Debit Card,195,195,Yes
8887-IPQNC,Female,0,7,Month-to-month,Debit Card,442.5,3134.5,No
8646-JCOMS,Female,0,66,One year,UPI,905.5,61309.5,No
9804-ICWBG,Male,0,1,Month-to-month,UPI,699,699,Yes
1222-KJNZD,Male,0,40,Month-to-month,UPI,204,7453,No
0106-GHRQR,Male,0,16,Month-to-month,UPI,714,12121,No
5318-IXUZF,Female,0,2,Month-to-month,UPI,871.5,1837.5,Yes
3768-VHXQO,Male,0,67,Two year,Credit card (automatic),248.5,15835,No
8952-WCVCD,Female,0,41,One year,UPI,1044.5,41620.5,No
2418-TPEUN,Female,0,56,Two year,Credit card (automatic),198,11199,No
3963-RYFNS,Female,0,72,Two year,UPI,1164.5,80135.5,No
3198-VELRD,Female,0,3,Month-to-month,UPI,847.5,2648.5,Yes
8540-ZQGEA,Female,0,54,Two year,Credit card (automatic),200.5,11024,No
1320-REHCS,Male,1,52,Month-to-month,UPI,1107.5,58320,No
4137-JOPHL,Female,0,50,Two year,UPI,897,43045,No
9436-ZBZCT,Male,0,14,Month-to-month,UPI,899.5,11784,Yes
7801-CEDNV,Male,0,27,One year,Credit card (automatic),487,14217.5,No
2057-BOYKM,Female,1,72,Two year,UPI,966,68275,No
3658-QQJYD,Male,0,62,One year,Credit card (automatic),743,46980.5,No
1803-BGNBD,Female,0,12,Month-to-month,UPI,543,6545,No
0134-XWXCE,Female,1,44,One year,UPI,748.5,32680.5,No
6950-TWMYB,Male,0,54,Two year,UPI,799.5,43620.5,No
5848-FHRFC,Female,0,68,Two year,UPI,200.5,13869,No
2243-FNMMI,Male,0,20,Month-to-month,Debit Card,194,4154,No
2511-MORQY,Male,0,50,One year,UPI,549,26141,No
5356-KZCKT,Male,0,58,Two year,Credit card (automatic),244.5,15136,No
9470-XCCEM,Male,0,35,Month-to-month,UPI,896.5,31616,No
6519-CFDBX,Female,0,2,Month-to-month,UPI,454,809.5,No
3902-MIVLE,Male,0,63,Two year,Debit Card,757,46767,No
0409-WTMPL,Female,0,58,One year,Credit card (automatic),1106.5,65266.5,No
8763-KIAFH,Female,0,27,One year,Debit Card,205.5,5833,No
3669-WHAFY,Female,0,71,Two year,Credit card (automatic),1151.5,80781,No
3055-VTCGS,Female,0,63,One year,Credit card (automatic),585.5,35035,No
3144-KMTWZ,Male,0,71,Month-to-month,UPI,932.5,66694.5,No
7279-BUYWN,Female,1,41,Month-to-month,UPI,1132,46895,Yes
7156-MHUGY,Male,1,13,Month-to-month,UPI,905,12011.5,Yes
7198-GLXTC,Male,0,2,Month-to-month,UPI,790,1436.5,Yes
2007-QVGAW,Female,0,68,Two year,UPI,193.5,12926.5,No
5207-PLSTK,Male,0,1,Month-to-month,Debit Card,487.5,487.5,No
2307-FYNNL,Male,1,65,Two year,UPI,1090.5,71082,No
5605-XNWEN,Male,1,72,Two year,UPI,250,18025.5,No
2155-AMQRX,Female,0,28,Month-to-month,Credit card (automatic),549,15051.5,No
6181-AXXYF,Male,0,72,Two year,Credit card (automatic),247.5,18591,No
5091-HFAZW,Female,0,2,Month-to-month,UPI,911.5,1685,No
0516-VRYBW,Female,0,18,One year,UPI,201.5,3908.5,Yes
2519-LBNQL,Male,1,60,One year,UPI,1043.5,63394.5,No
8623-ULFNQ,Female,1,26,Month-to-month,UPI,660.5,16524,No
8380-PEFPE,Male,0,1,Month-to-month,UPI,716.5,716.5,Yes
5687-DKDTV,Female,0,4,Month-to-month,Debit Card,203.5,775,Yes
1568-LJSZU,Male,0,68,Two year,Credit card (automatic),922,63928.5,No
7530-HDYDS,Female,0,38,Month-to-month,Credit card (automatic),842.5,32645,Yes
7789-HKSBS,Female,1,42,One year,UPI,1052,45991.5,No
7416-CKTEP,Female,0,57,Two year,UPI,196,11342.5,No
2586-CWXVV,Male,0,54,Month-to-month,UPI,304,16213.5,No
3096-IZETN,Female,0,12,Month-to-month,UPI,781,9473,Yes
2348-KCJLT,Female,0,44,One year,Debit Card,615,27222,No
8401-EMUWF,Male,0,42,Month-to-month,UPI,694,30583,No
4193-IBKSW,Male,0,72,Two year,UPI,247.5,17696,No
5377-NDTOU,Female,0,71,Two year,Debit Card,910.5,62937.5,No
5922-ABDVO,Female,0,19,Month-to-month,Debit Card,896.5,17610.5,Yes
2474-LCNUE,Female,0,23,Month-to-month,Credit card (automatic),736.5,16427.5,No
0839-QNXME,Female,0,30,Two year,Credit card (automatic),194,5785,No
3506-OVLKD,Male,0,35,One year,UPI,262,9549,No
9172-ANCRX,Female,0,10,Month-to-month,UPI,987,9732.5,Yes
6650-VJONK,Male,0,1,Month-to-month,UPI,438.5,438.5,No
2178-PMGCJ,Male,0,22,Month-to-month,Debit Card,697,14904,No
7492-TAFJD,Male,0,7,Two year,Debit Card,385.5,2800,No
2773-MADBQ,Female,0,36,Two year,Debit Card,531,19012.5,No
6016-LVTJQ,Female,0,34,Month-to-month,Debit Card,206.5,7164,No
7860-KSUGX,Male,0,72,Two year,Credit card (automatic),644.5,47200,No
8966-KZXXA,Male,0,36,Two year,Credit card (automatic),251,9309.5,No
6910-HADCM,Female,0,1,Month-to-month,UPI,763.5,763.5,Yes
4816-LXZYW,Female,0,23,Month-to-month,UPI,791.5,16769.5,Yes
9606-PBKBQ,Male,1,32,Month-to-month,UPI,850,26420.5,Yes
5149-QYTTU,Female,0,71,One year,Credit card (automatic),951.5,67708.5,No
2070-XYMFH,Female,1,23,Month-to-month,Debit Card,793.5,18353,No
2085-BOJKI,Male,0,17,One year,UPI,966.5,15882.5,No
0817-HSUSE,Male,0,1,Month-to-month,UPI,755,755,No
5442-PPTJY,Male,0,12,Two year,Debit Card,197,2583.5,No
1927-QEWMY,Female,0,72,Two year,Credit card (automatic),205,15022.5,No
1663-MHLHE,Male,0,1,Month-to-month,Debit Card,192,192,No
5663-QBGIS,Male,1,72,Two year,UPI,983.5,69294,No
4450-MDZFX,Male,0,60,Month-to-month,UPI,743.5,44533,No
6701-DHKWQ,Female,0,61,Two year,Credit card (automatic),513.5,32444,No
7554-AKDQF,Female,0,6,Month-to-month,Debit Card,456.5,3234.5,No
3536-IQCTX,Male,1,32,Month-to-month,UPI,853,26611,Yes
4911-BANWH,Female,0,31,Month-to-month,Credit card (automatic),865.5,26974,Yes
8496-EJAUI,Male,0,19,Month-to-month,Credit card (automatic),738.5,14245,Yes
0794-YVSGE,Male,0,72,Two year,UPI,203,14011.5,No
5423-BHIXO,Female,0,32,Month-to-month,UPI,542,17396,No
6908-VVYHM,Male,0,65,Month-to-month,UPI,906.5,59310,No
2959-EEXWB,Female,0,45,Month-to-month,UPI,509,23338.5,No
1839-UMACK,Male,0,42,One year,UPI,250.5,9498.5,No
3030-YDNRM,Male,0,8,Month-to-month,UPI,748.5,5724.5,No
7321-KKSDU,Male,0,32,Two year,Debit Card,205,6968,No
3402-XRIUO,Female,1,22,Month-to-month,Debit Card,635.5,13818,No
3132-TVFDZ,Male,1,57,Month-to-month,UPI,448.5,25729.5,Yes
8286-AFUYI,Male,0,1,Month-to-month,UPI,479.5,479.5,No
8080-DDEMJ,Male,1,1,Month-to-month,UPI,451,451,Yes
8356-WUAOJ,Female,0,1,Month-to-month,UPI,450,450,No
6365-MTGZX,Male,0,24,Month-to-month,UPI,960,21224.5,Yes
1349-WXNGG,Male,0,1,Month-to-month,UPI,200.5,200.5,Yes
8058-DMYRU,Male,1,54,Month-to-month,UPI,900.5,49318,No
9350-ZXYJC,Female,0,4,Two year,Credit card (automatic),253,1169.5,No
6990-YNRIO,Male,0,65,Two year,UPI,1086.5,69379.5,Yes
8958-JPTRR,Female,0,56,One year,UPI,243,12617,No
6959-GQEGV,Male,0,45,Month-to-month,UPI,759.5,32738,No
3173-WSSUE,Female,0,71,Two year,Credit card (automatic),197,14158.5,No
1265-HVPZB,Male,0,59,One year,Credit card (automatic),664,39582,No
4115-UMJFQ,Male,0,69,One year,UPI,357.5,24922.5,No
7369-TRPFD,Male,0,19,One year,Debit Card,188,2792,No
1098-KFQEC,Female,0,55,Two year,Credit card (automatic),194,10830,No
7190-XHTWJ,Female,0,38,One year,Debit Card,193,7555,No
0621-TWIEM,Male,0,10,Month-to-month,UPI,455.5,4026,Yes
3537-RYBHH,Female,1,47,Month-to-month,Credit card (automatic),674.5,32520,No
2485-ITVKB,Female,0,2,Month-to-month,UPI,351,687.5,Yes
3669-OYSJI,Male,0,1,Month-to-month,Credit card (automatic),462,462,Yes
1612-EOHDH,Female,0,1,Month-to-month,UPI,451.5,451.5,Yes
6702-OHFWR,Male,1,1,Month-to-month,UPI,433,433,Yes
5296-BFCYD,Male,0,46,Two year,Debit Card,201,9368.5,No
4510-PYUSH,Female,1,38,Month-to-month,Credit card (automatic),571.5,22506.5,Yes
9359-JANWS,Female,0,65,Two year,Credit card (automatic),589,38571,No
7517-SAWMO,Female,0,19,Month-to-month,UPI,732,14411,Yes
4143-HHPMK,Male,0,52,Month-to-month,UPI,853.5,43386,Yes
3279-DYZQM,Male,0,71,Two year,Debit Card,194.5,13784.5,No
7054-LGEQW,Female,0,1,Month-to-month,Debit Card,459.5,459.5,Yes
0523-VNGTF,Female,1,52,Month-to-month,UPI,505,25663,No
9575-IWCAZ,Male,0,6,One year,Debit Card,251,1710,No
7105-MXJLL,Female,1,26,One year,Debit Card,607,15974,No
7064-FRRSW,Male,1,48,One year,UPI,990,47443.5,No
7940-UQQUG,Female,0,64,One year,UPI,1044,67216,No
0923-PNFUB,Female,0,3,Month-to-month,UPI,837.5,2472.5,Yes
3961-SXAXY,Male,0,1,Month-to-month,UPI,440.5,440.5,No
7010-BRBUU,Male,0,72,Two year,Credit card (automatic),241,17346.5,No
3566-HJGPK,Male,0,1,Month-to-month,Debit Card,455.5,455.5,No
3062-ICYZQ,Female,0,51,Month-to-month,UPI,938,45393.5,No
9938-PRCVK,Female,0,41,Two year,UPI,197,8042.5,No
0973-KYVNF,Female,0,72,Two year,Credit card (automatic),706.5,50111.5,No
5129-HHMZC,Female,0,43,Two year,Credit card (automatic),864.5,35745,No
9637-CDTKZ,Male,0,72,Two year,Credit card (automatic),1141,80864,No
3946-JEWRQ,Male,0,47,One year,Credit card (automatic),952,45630,No
7873-CVMAW,Male,0,72,Two year,Credit card (automatic),885.5,63623.5,No
0463-WZZKO,Male,0,3,Month-to-month,Credit card (automatic),207.5,671,No
3494-JCHRQ,Male,0,1,Month-to-month,UPI,700.5,700.5,Yes
6474-FVJLC,Male,0,2,Month-to-month,UPI,860,1654.5,Yes
4524-QCSSM,Male,0,26,Month-to-month,UPI,446.5,11565.5,No
5832-EXGTT,Male,0,29,Month-to-month,Debit Card,602,18341.5,No
8840-DQLGN,Female,1,35,Month-to-month,UPI,1005,36533.5,Yes
2039-JONDJ,Male,0,27,One year,UPI,554.5,14776.5,No
7217-JYHOQ,Male,0,24,Month-to-month,Credit card (automatic),703,17064.5,No
6695-FRVEC,Male,0,67,Two year,UPI,604,39537,No
4547-LYTDD,Female,0,16,Month-to-month,UPI,726.5,11943,Yes
9894-QMIMJ,Female,0,23,One year,UPI,558,13278.5,No
8069-YQQAJ,Male,0,14,Month-to-month,Debit Card,311,4197,No
6770-XUAGN,Female,0,1,Month-to-month,UPI,210,210,Yes
4193-ORFCL,Female,1,1,Month-to-month,Debit Card,451,451,Yes
1636-NTNCO,Male,1,4,Month-to-month,Credit card (automatic),509.5,2073.5,No
3466-WAESX,Male,0,16,Month-to-month,UPI,691,10837,No
9281-PKKZE,Female,0,46,Month-to-month,UPI,439.5,20078.5,No
3638-VBZTA,Male,0,68,Two year,UPI,865,58827.5,No
7459-IMVYU,Male,0,38,Month-to-month,UPI,699.5,26575.5,No
7776-QWNFX,Male,1,30,Month-to-month,UPI,504,15275,Yes
6689-TCZHQ,Female,1,5,Month-to-month,UPI,789.5,3784,Yes
8563-OYMQY,Male,0,17,Month-to-month,Credit card (automatic),909.5,16122,No
0754-EEBDC,Male,0,4,Two year,Debit Card,199,766.5,No
5777-ZPQNC,Female,0,12,One year,UPI,201.5,2607,No
1951-IEYXM,Male,0,72,Two year,Credit card (automatic),906,64418.5,No
3318-NMQXL,Male,0,3,Month-to-month,UPI,920,2668,No
3143-ILDAL,Male,0,56,Month-to-month,UPI,944.5,51246,Yes
1022-RKXDR,Female,0,41,One year,Debit Card,248.5,9622.5,No
2361-FJWNO,Male,0,40,One year,Credit card (automatic),360,13829,No
2272-UOINI,Female,0,7,Month-to-month,UPI,785,5710.5,No
8232-UTFOZ,Male,0,69,Two year,Credit card (automatic),199.5,13993.5,No
3750-YHRYO,Male,0,7,One year,Debit Card,206.5,1500,No
6637-KYRCV,Female,0,5,Month-to-month,UPI,305,1672,No
5668-MEISB,Female,0,72,Two year,Credit card (automatic),1061,76574,No
0129-QMPDR,Male,0,44,One year,UPI,205,8650.5,No
7188-CBBBA,Female,0,65,One year,UPI,955,61538.5,No
5356-CSVSQ,Female,0,3,Month-to-month,UPI,646,1742,No
3221-CJMSG,Male,0,24,Month-to-month,Credit card (automatic),511,12696,No
4720-VSTSI,Female,0,44,Month-to-month,UPI,848,38625.5,Yes
3219-JQRSL,Female,1,72,Two year,Credit card (automatic),891,63524,No
2801-NISEI,Male,0,24,Month-to-month,UPI,549.5,13485,No
3946-MHCZW,Male,0,1,Month-to-month,Debit Card,509,509,Yes
4623-ZKHLY,Male,0,22,Month-to-month,UPI,204.5,4715.5,No
6732-VAILE,Male,0,70,Two year,Credit card (automatic),859.5,59317.5,No
8201-AAXCB,Male,0,25,Month-to-month,UPI,603.5,14046.5,No
7696-CFTAT,Male,0,37,Two year,UPI,198,7261,No
1845-CSBRZ,Female,1,22,Month-to-month,UPI,853.5,19616,No
2123-VSCOT,Female,0,59,Two year,UPI,721,41948.5,No
6651-AZVTJ,Male,0,49,Month-to-month,UPI,998,48724.5,Yes
4566-GOLUK,Male,0,47,Month-to-month,UPI,1073.5,51189.5,Yes
2484-DGXPZ,Female,0,31,Month-to-month,Debit Card,195.5,6589.5,Yes
2018-QKYGT,Male,0,1,Month-to-month,UPI,810.5,810.5,No
2792-VPPET,Male,0,3,Month-to-month,UPI,205,769.5,No
7409-JURKQ,Female,0,53,One year,UPI,1118,58097.5,No
3247-MHJKM,Male,0,1,Month-to-month,Debit Card,202,202,No
1964-SVLEA,Male,0,20,One year,Debit Card,197,4159,No
4587-NUKOX,Female,0,3,Month-to-month,UPI,791,2465,Yes
7297-DVYGA,Female,0,51,One year,UPI,198.5,9969.5,No
2239-CGBUZ,Female,0,51,One year,UPI,605,31451.5,No
0854-UYHZD,Female,0,13,Two year,Debit Card,195.5,2653,No
7243-LCGGZ,Female,0,1,Month-to-month,Debit Card,209,209,No
8267-KFGYD,Male,0,1,Month-to-month,Debit Card,210.5,210.5,No
4890-VMUAV,Male,0,63,One year,UPI,715,45763,No
9261-WDCAF,Male,0,3,Month-to-month,Debit Card,546.5,1891,No
3764-MNMOI,Male,0,46,Two year,Credit card (automatic),192,9081.5,No
7442-YGZFK,Male,0,1,Month-to-month,Credit card (automatic),498,498,No
0420-BWTPW,Male,0,8,Month-to-month,Debit Card,255,2152,Yes
8229-BUJHX,Female,0,71,Two year,UPI,205,15009.5,No
7449-HVPIV,Male,0,55,Month-to-month,Credit card (automatic),904,50991.5,No
5504-WSIUR,Female,0,70,One year,UPI,902.5,63859.5,No
8183-ONMXC,Female,0,2,Month-to-month,UPI,807.5,1594.5,Yes
8466-PZBLH,Male,0,67,Two year,UPI,1046,68857.5,No
9614-RMGHA,Male,0,65,Month-to-month,UPI,918.5,59408.5,Yes
8735-IJJEG,Male,0,14,Month-to-month,Credit card (automatic),502,6688.5,No
0564-MUUQK,Female,0,20,Month-to-month,UPI,955,19162,No
5054-IEXZT,Male,0,1,Month-to-month,UPI,753.5,753.5,Yes
5834-ASPWA,Male,0,1,Month-to-month,UPI,754.5,754.5,Yes
0701-RFGFI,Female,0,49,Month-to-month,UPI,954,46139.5,No
0019-EFAEP,Female,0,72,Two year,UPI,1013,72612.5,No
5619-PTMIK,Female,0,46,Month-to-month,UPI,531,24598,No
3737-XBQDD,Male,0,24,Month-to-month,UPI,848.5,20488,No
5882-CMAZQ,Female,0,5,Month-to-month,UPI,342.5,1635.5,No
5846-QFDFI,Female,0,33,Month-to-month,Credit card (automatic),886,28887,No
4445-KWOKW,Female,0,42,One year,UPI,601.5,24216,No
3511-APPBJ,Male,0,23,One year,Credit card (automatic),999.5,22927.5,No
7967-HYCDE,Male,0,8,Month-to-month,UPI,707,5534,No
2430-RRYUW,Male,0,66,One year,Debit Card,548,34657,No
3948-XHGNA,Male,0,24,Month-to-month,UPI,495.5,12104,Yes
3723-BFBGR,Male,1,24,Month-to-month,Credit card (automatic),548,12913,No
0565-IYCGT,Male,0,69,One year,Credit card (automatic),786,53564.5,Yes
5447-WZAFP,Female,0,53,One year,Debit Card,1003,52008,No
5110-CHOPY,Female,0,60,Two year,UPI,536,32370.5,No
5445-UTODQ,Female,0,7,Month-to-month,UPI,811,5766.5,Yes
4425-OWHWB,Female,0,20,One year,Credit card (automatic),193.5,4337.5,No
7892-QVYKW,Female,0,23,Month-to-month,UPI,856,18684,No
9675-ICXCT,Male,0,72,Two year,UPI,808,57285.5,No
1024-VRZHF,Male,0,11,Month-to-month,UPI,749.5,8257,Yes
4703-MQYKT,Male,0,21,Two year,Debit Card,196,3904,No
9497-QCMMS,Male,1,1,Month-to-month,UPI,935.5,935.5,Yes
5692-ICXLW,Male,1,31,Month-to-month,UPI,907,28451.5,No
0602-DDUML,Female,0,57,Two year,Debit Card,697.5,38944,No
2208-MPXIO,Female,0,45,Two year,UPI,200,8864,No
1960-UYCNN,Male,0,10,Month-to-month,UPI,952.5,10215.5,No
0348-SDKOL,Female,0,58,Month-to-month,Credit card (automatic),1021,58854,Yes
3190-FZATL,Male,0,14,Month-to-month,Debit Card,199.5,2684,No
7336-RLLRH,Male,0,27,One year,Debit Card,808.5,22043.5,No
4373-MAVJG,Female,0,14,Month-to-month,UPI,909,12590,Yes
8901-HJXTF,Female,0,12,Month-to-month,Debit Card,292,3091,Yes
7710-JSYOA,Female,0,69,Two year,UPI,933,63980.5,No
5419-KLXBN,Female,0,25,Month-to-month,UPI,891.5,22577.5,Yes
3424-NMNBO,Male,1,58,One year,UPI,1088.5,62872.5,Yes
9885-MFVSU,Female,0,35,Two year,Credit card (automatic),463.5,16620.5,No
4514-GFCFI,Female,1,16,Month-to-month,UPI,847.5,13501.5,Yes
0607-MVMGC,Male,0,45,One year,Credit card (automatic),787.5,36006.5,No
3365-SAIGS,Female,0,17,Month-to-month,UPI,835.5,13291.5,No
9828-AOQLM,Female,0,1,Month-to-month,UPI,457,457,Yes
8022-BECSI,Male,0,22,One year,Debit Card,196,4225,No
8000-REIQB,Female,1,1,Month-to-month,UPI,699.5,699.5,Yes
9993-LHIEB,Male,0,67,Two year,Debit Card,678.5,46276.5,No
0266-CLZKZ,Female,0,67,Two year,UPI,1056.5,67179,No
7615-ESMYF,Female,0,2,Month-to-month,UPI,446,971,Yes
3858-VOBET,Male,0,23,Month-to-month,UPI,749.5,17104.5,Yes
7020-OZKXZ,Female,1,9,Month-to-month,Credit card (automatic),755,6374,No
3977-QCRSL,Female,0,5,Month-to-month,Debit Card,201.5,1179.5,No
0017-DINOC,Male,0,54,Two year,Credit card (automatic),452,24605.5,No
1447-PJGGA,Female,0,57,Two year,UPI,952.5,54646.5,Yes
8565-CLBZW,Male,0,24,Month-to-month,Debit Card,898.5,21650.5,Yes
9139-WQQDY,Female,0,49,One year,Debit Card,1004.5,49418,Yes
0224-HJAPT,Male,0,5,Month-to-month,UPI,471.5,2231.5,Yes
8086-OVPWV,Male,0,2,Month-to-month,UPI,802,1811,Yes
9430-FRQOC,Female,0,4,Month-to-month,Debit Card,871,3414.5,Yes
7639-OPLNG,Male,0,70,Two year,UPI,792.5,57318.5,No
3074-GQWYX,Male,0,5,Month-to-month,UPI,759,3577.5,Yes
1492-QGCLU,Male,0,53,Month-to-month,UPI,857,46161,No
6845-RGTYS,Female,0,47,Month-to-month,UPI,987.5,45337,Yes
7328-OWMOM,Female,0,31,One year,Credit card (automatic),201,5892.5,No
4418-LZMSV,Male,0,13,Month-to-month,UPI,618,7501,No
5155-AZQPB,Female,0,28,Month-to-month,Debit Card,499,14102.5,No
8861-HGGKB,Female,0,10,Month-to-month,UPI,864.5,8308.5,Yes
1087-GRUYI,Male,0,38,Two year,UPI,204,7435,No
7065-YUNRY,Female,0,1,Month-to-month,Debit Card,453,453,Yes
7694-VLBWQ,Male,0,67,One year,UPI,1041,70408.5,Yes
2546-KZAAT,Male,0,52,One year,Debit Card,754,38654.5,No
0181-RITDD,Male,0,62,Two year,Debit Card,1081.5,68256.5,No
5989-PGKJB,Female,0,16,Month-to-month,UPI,862.5,13401,No
4795-KTRTH,Female,1,5,Month-to-month,UPI,810,3716.5,Yes
8272-ONJLV,Male,0,12,One year,UPI,957,11840,No
1488-PBLJN,Female,0,72,Two year,UPI,1168.5,84777,No
0308-GIQJT,Male,1,71,One year,UPI,1057.5,73828.5,No
3778-FOAQW,Female,0,24,One year,Debit Card,201.5,4568.5,No
4452-ROHMO,Female,0,15,Two year,Debit Card,196,3316,No
6481-OGDOO,Male,0,67,One year,Credit card (automatic),906,60561.5,Yes
3090-LETTY,Male,0,2,Month-to-month,UPI,609.5,1346,No
5349-AZPEW,Female,0,5,Month-to-month,Debit Card,250.5,1255,No
3753-TSEMP,Female,0,15,Month-to-month,UPI,881.5,13906,Yes
8305-VHZBZ,Male,0,1,Month-to-month,Debit Card,202,202,Yes
9720-JJJOR,Male,0,41,One year,UPI,603,25113,No
8100-HZZLJ,Female,0,43,Month-to-month,UPI,639.5,27370.5,No
8775-ERLNB,Male,1,1,Month-to-month,UPI,743,743,No
8309-IEYJD,Female,1,1,Month-to-month,Debit Card,706,706,No
9172-JITSM,Female,0,26,Month-to-month,UPI,908,23618,Yes
6298-QDFNH,Male,0,22,Month-to-month,UPI,793.5,17303.5,Yes
7398-HPYZQ,Male,0,71,Two year,UPI,905.5,64040,No
3546-GHEAE,Male,0,7,Two year,Debit Card,194.5,1653.5,No
7361-YPXFS,Female,1,28,Month-to-month,UPI,644.5,18676,No
6557-BZXLQ,Male,1,16,Month-to-month,UPI,696.5,10433,No
2550-QHZGP,Male,0,7,One year,Debit Card,195,1286,No
7519-JTWQH,Female,0,69,Two year,UPI,1105,74554.5,No
2538-OIMXF,Female,0,1,Month-to-month,Debit Card,247,247,No
8543-MSDMF,Male,0,3,Month-to-month,UPI,774,2061.5,No
9961-JBNMK,Male,1,21,Month-to-month,UPI,968,20303,Yes
1170-SASML,Female,0,69,Month-to-month,UPI,854,58694,No
4872-JCVCA,Female,0,71,Two year,UPI,476,33778,No
5346-BZCHP,Female,0,69,Two year,Debit Card,194,13462,No
2038-LLMLM,Female,0,48,Month-to-month,UPI,1038.5,49460.5,No
6173-ITPWD,Male,0,47,Month-to-month,UPI,833.5,40650,Yes
9734-UYXQI,Female,0,2,Month-to-month,UPI,494,1065.5,Yes
1216-BGTSP,Male,0,45,Month-to-month,Credit card (automatic),1084.5,49647,No
4138-NAXED,Male,0,51,Month-to-month,UPI,810,40857.5,No
2189-UXTKY,Female,0,22,Month-to-month,UPI,792,17427.5,Yes
0744-BIKKF,Male,0,72,Two year,UPI,866.5,62248,No
7483-IQWIB,Male,0,37,Month-to-month,UPI,929.5,34152.5,No
5248-KWLAR,Male,0,71,Two year,UPI,903.5,63252.5,No
4958-GZWIY,Male,0,7,Month-to-month,UPI,487,3402.5,Yes
7996-MHXLW,Female,0,66,Two year,Credit card (automatic),251.5,16836,No
7833-PKIHD,Male,0,51,One year,UPI,764,39663,No
7061-OVMIM,Female,0,30,One year,UPI,195.5,6085,No
5153-RTHKF,Female,0,34,Month-to-month,UPI,853.5,28966,No
1852-QSWCD,Male,0,64,Two year,Debit Card,248,15148.5,No
4832-VRBMR,Male,1,65,One year,UPI,1031.5,67924.5,No
9079-LWTFD,Male,0,47,Month-to-month,Debit Card,1007.5,46692,No
6356-ELRKD,Female,0,1,Month-to-month,UPI,956,956,Yes
8624-GIOUT,Female,0,49,Month-to-month,Credit card (automatic),597.5,29343,Yes
3392-EHMNK,Female,0,67,Two year,Credit card (automatic),941,63028,No
5986-WWXDV,Male,0,39,One year,UPI,193.5,7792,No
3061-BCKYI,Male,0,14,Month-to-month,Debit Card,199,2837.5,No
6179-GJPSO,Female,1,43,Month-to-month,Credit card (automatic),1081.5,46007,Yes
7901-TBKJX,Male,1,56,Month-to-month,UPI,1010.5,55940,No
7228-PAQPD,Female,0,14,One year,Credit card (automatic),591,7728.5,No
3177-LASXD,Female,0,1,Month-to-month,UPI,713.5,713.5,Yes
7746-QYVCO,Male,0,16,One year,Debit Card,558.5,8578,No
5804-HYIEZ,Male,0,70,Month-to-month,UPI,1060.5,75540.5,No
9919-FZDED,Male,1,72,Two year,Credit card (automatic),841,59816.5,No
5934-TSSAU,Female,0,23,Month-to-month,Credit card (automatic),753,17029,No
3486-KHMLI,Male,0,21,Month-to-month,Debit Card,247,4671.5,No
4897-QSUYC,Female,0,1,Month-to-month,Debit Card,201.5,201.5,Yes
1084-UQCHV,Male,0,1,Month-to-month,UPI,697.5,697.5,Yes
8290-YWKHZ,Female,1,32,Month-to-month,UPI,932,29310,Yes
2955-BJZHG,Male,0,17,Month-to-month,UPI,808.5,14008.5,Yes
3806-DXQOM,Female,0,4,Month-to-month,UPI,336.5,1378.5,Yes
6784-XYJAE,Female,0,36,One year,UPI,558,19415,No
3933-DQPWX,Female,0,50,Two year,Credit card (automatic),397,19327.5,No
6661-EIPZC,Female,0,48,Month-to-month,Credit card (automatic),295,14230.5,No
8957-THMOA,Female,0,50,Two year,Credit card (automatic),201.5,9708.5,No
2251-PYLPB,Male,0,72,Two year,Credit card (automatic),795.5,58109,No
5555-RNPGT,Male,0,10,Month-to-month,Credit card (automatic),248,2239,No
1057-FOGLZ,Female,0,18,Month-to-month,Debit Card,196.5,3917,No
9300-RENDD,Male,0,1,Month-to-month,UPI,799.5,799.5,Yes
0761-AETCS,Female,0,1,Month-to-month,UPI,193,193,Yes
8087-LGYHQ,Male,0,9,Month-to-month,UPI,940.5,8116.5,No
4137-BTIKL,Male,0,2,Month-to-month,Debit Card,907.5,1747.5,No
2190-BCXEC,Female,0,40,Month-to-month,Credit card (automatic),788.5,31268.5,No
6227-FBDXH,Male,0,69,One year,UPI,995,68414.5,No
2153-MREFK,Female,0,37,One year,UPI,992,37546,Yes
2911-WDXMV,Male,0,18,Month-to-month,Credit card (automatic),805.5,14066.5,No
7206-PQBBZ,Male,1,11,Month-to-month,UPI,702,8347,No
3106-ULWFW,Female,0,8,Month-to-month,Credit card (automatic),852,6274,Yes
0925-VYDLG,Female,0,3,Month-to-month,UPI,752.5,2420,Yes
4547-FZJWE,Male,0,55,One year,Credit card (automatic),594.5,31570,No
7422-WNBTY,Male,0,33,Month-to-month,UPI,933.5,30920,No
0842-IWYCP,Female,0,46,Month-to-month,UPI,449.5,21689,No
3521-HTQTV,Male,0,34,Two year,UPI,261,9803.5,No
3744-ZBHON,Female,0,3,Month-to-month,UPI,202,659.5,No
3373-DIUUN,Male,0,30,Two year,Debit Card,212.5,7119,No
8383-SGHJU,Female,0,33,One year,UPI,594,19528,No
7607-QKKTJ,Male,0,45,One year,Credit card (automatic),950,43688.5,No
7707-PYBBH,Male,0,40,Month-to-month,Debit Card,619,26471,No
8984-HPEMB,Female,0,71,Two year,UPI,1186.5,84776,No
4349-GFQHK,Male,0,1,Month-to-month,UPI,543.5,543.5,Yes
4139-DETXS,Female,0,72,Two year,UPI,644.5,45280,No
9779-DPNEJ,Female,0,22,Month-to-month,UPI,801.5,17906.5,No
9805-FILKB,Male,0,46,One year,UPI,202,8456,No
5793-YOLJN,Female,0,55,Two year,Debit Card,210,12103,No
0673-IGUQO,Male,0,1,Month-to-month,Debit Card,204.5,204.5,No
4123-FCVCB,Female,0,12,One year,Debit Card,758.5,8544.5,No
8819-IMISP,Male,0,31,Month-to-month,UPI,804.5,24291,No
7802-EFKNY,Male,0,5,Month-to-month,UPI,249.5,1004,Yes
8311-UEUAB,Female,0,67,Two year,UPI,755,52294.5,No
5858-EAFCZ,Male,0,1,Month-to-month,Debit Card,444.5,444.5,No
8035-BUYVG,Male,0,40,One year,UPI,423.5,17164.5,Yes
1163-ONYEY,Male,0,41,Month-to-month,Credit card (automatic),745.5,30235.5,No
9787-XVQIU,Male,0,1,Month-to-month,UPI,753,753,Yes
8945-MUQUF,Male,0,51,One year,UPI,948,48376,Yes
5656-MJEFC,Male,0,42,Two year,Credit card (automatic),481.5,20323,No
6082-OQFBA,Male,0,23,One year,Debit Card,196.5,4369,No
8051-HJRLT,Female,1,1,Month-to-month,UPI,705.5,705.5,Yes
8974-OVACP,Female,0,1,Month-to-month,Debit Card,201.5,201.5,No
4010-YLMVT,Female,0,56,Month-to-month,Credit card (automatic),1066,58939.5,No
1379-FRVEB,Male,0,15,Month-to-month,UPI,910,14300.5,No
8612-GXIDD,Male,0,12,Two year,UPI,254,3130,No
6288-CHQJB,Female,0,54,Two year,UPI,699.5,38718.5,No
8160-HOWOX,Female,0,7,Month-to-month,UPI,668.5,4581,No
3023-GFLBR,Female,0,33,Month-to-month,Credit card (automatic),861.5,27457,Yes
6648-INWPS,Male,0,16,Month-to-month,UPI,201.5,3413.5,No
4223-BKEOR,Female,0,21,One year,Debit Card,648.5,13368,No
4079-VTGLK,Male,1,30,Two year,UPI,748.5,21817.5,No
1763-WQFUK,Male,0,3,Month-to-month,Debit Card,505,1477.5,No
1391-UBDAR,Male,0,11,Month-to-month,UPI,729,8184.5,No
8894-JVDCV,Female,0,62,One year,Credit card (automatic),1150.5,71334.5,No
2023-VQFDL,Male,0,18,Month-to-month,UPI,190,3488,No
1345-GKDZZ,Male,0,6,Month-to-month,Debit Card,195.5,1286,No
2014-MKGMH,Female,0,46,One year,UPI,1011,46744,No
5628-FCGYG,Male,0,21,Month-to-month,UPI,841,17374.5,No
2560-WBWXF,Male,0,68,Two year,UPI,241.5,14988.5,No
0248-IPDFW,Female,0,1,Month-to-month,UPI,501,501,No
7978-DKUQH,Female,0,25,Month-to-month,UPI,746,17977.5,No
4335-UPJSI,Female,0,24,Two year,Debit Card,197.5,4981,No
0524-IAVZO,Female,0,30,Month-to-month,UPI,850,26242.5,Yes
2737-YNGYW,Female,0,2,Month-to-month,UPI,805.5,1841,Yes
1784-EZDKJ,Male,0,51,One year,UPI,1068,54988,No
9297-FVVDH,Female,0,57,Two year,UPI,845,48454,No
8007-YYPWD,Female,0,15,Two year,UPI,250.5,3691,No
7101-HRBLJ,Female,0,72,Two year,UPI,837,60969,No
5159-YFPKQ,Female,0,2,Month-to-month,UPI,758,1607.5,Yes
6635-CPNUN,Male,0,28,Month-to-month,Credit card (automatic),966,26843.5,No
4021-RQSNY,Male,1,29,Month-to-month,UPI,985,30041.5,Yes
5453-YBTWV,Male,0,70,Two year,Credit card (automatic),1011,69948,No
5039-LZRQT,Female,0,13,One year,Debit Card,202,2732.5,No
2931-VUVJN,Female,1,59,One year,UPI,940.5,54839,No
9061-TIHDA,Male,1,13,Month-to-month,UPI,952.5,12336.5,Yes
8699-ASUFO,Male,1,7,Month-to-month,Debit Card,744,5279,Yes
6418-PIQSP,Female,0,62,Two year,Debit Card,810,49859,No
8220-OCUFY,Female,0,21,One year,UPI,602.5,12583.5,No
3995-WFCSM,Female,0,2,Month-to-month,UPI,608.5,1114,No
1895-QTKDO,Female,0,1,Month-to-month,Credit card (automatic),439.5,439.5,No
2038-OEQZH,Male,0,4,Month-to-month,UPI,860.5,3081,No
1178-PZGAB,Female,0,19,One year,Credit card (automatic),202.5,3836.5,No
7927-AUXBZ,Female,0,30,Month-to-month,UPI,851.5,25559,Yes
2626-VEEWG,Male,0,67,Two year,Credit card (automatic),194,12842,No
2878-RMWXY,Male,1,72,Two year,Credit card (automatic),1026.5,75503,No
1657-DYMBM,Male,0,53,Two year,Credit card (automatic),199,11100.5,No
7311-MQJCH,Female,0,5,One year,UPI,195.5,996,No
7375-WMVMT,Male,1,71,Two year,Credit card (automatic),955,67071.5,No
1136-XGEQU,Female,0,50,One year,Credit card (automatic),841.5,41644,No
2530-FMFXO,Male,0,56,Two year,UPI,1032,58737.5,No
6844-DZKRF,Male,0,2,Month-to-month,Credit card (automatic),502,1092.5,No
4695-WJZUE,Female,1,2,Month-to-month,UPI,885.5,1792.5,Yes
7619-ODSGN,Male,0,24,Month-to-month,UPI,547.5,13381.5,Yes
5970-GHJAW,Male,0,46,Two year,Credit card (automatic),199.5,8624,No
8879-XUAHX,Male,0,71,Two year,UPI,1162.5,85647.5,No
3689-MOZGR,Female,0,29,Month-to-month,UPI,312,9262,No
4195-PNGZS,Male,0,69,Two year,UPI,244.5,17182,No
5003-XZWWO,Male,0,71,Two year,Credit card (automatic),842,59568.5,No
3988-RQIXO,Female,1,1,Month-to-month,UPI,913,913,Yes
7622-FWGEW,Male,1,56,Two year,UPI,856.5,48244.5,No
6922-NCEDI,Male,0,56,One year,Debit Card,212,12386.5,No
2514-GINMM,Male,0,1,Month-to-month,UPI,795,795,Yes
9891-NQDBD,Female,0,28,One year,Debit Card,255.5,6722,No
6131-IUNXN,Female,0,19,Month-to-month,Debit Card,202,3822,No
8548-AWOFC,Male,0,66,Month-to-month,UPI,638.5,42646,No
9798-DRYDS,Female,0,17,One year,Debit Card,619.5,10707,No
8532-UEFWH,Male,0,52,Two year,Debit Card,257.5,13458.5,No
6296-DDOOR,Female,0,19,One year,UPI,582,10452.5,No
7951-VRDVK,Female,0,36,One year,UPI,858.5,30035.5,No
5931-FLJJF,Male,1,7,Month-to-month,Debit Card,701,4675.5,Yes
4815-YOSUK,Male,0,72,One year,Credit card (automatic),1049,75375,No
2659-VXMWZ,Male,0,67,One year,UPI,1113,74821,Yes
0380-NEAVX,Male,1,34,One year,UPI,998.5,33431.5,No
3207-OYBWH,Male,1,57,Month-to-month,UPI,952.5,54270.5,Yes
4285-GYRQC,Female,0,7,Month-to-month,UPI,862.5,5871,Yes
7216-EWTRS,Female,1,1,Month-to-month,UPI,1008,1008,Yes
4365-MSDYN,Male,0,8,Month-to-month,UPI,195.5,1611.5,No
7036-TYDEC,Female,0,69,Two year,UPI,1040,70285,No
5802-ADBRC,Female,0,50,One year,Debit Card,1044,52329,No
8076-FEZKJ,Male,0,10,One year,Debit Card,195,2258.5,No
5197-YPYBZ,Female,0,12,Two year,Credit card (automatic),252.5,2747,No
8337-MSSXB,Female,0,14,Month-to-month,UPI,863,11809.5,Yes
4312-GVYNH,Female,0,70,Two year,UPI,498.5,33702,No
8495-LJDFO,Female,1,64,Month-to-month,UPI,1089.5,71113,No
0839-JTCUD,Female,0,66,Two year,Credit card (automatic),899,59588.5,No
5494-WOZRZ,Female,0,71,Two year,Credit card (automatic),820,59998.5,No
1302-UHBDD,Male,1,20,Month-to-month,UPI,899.5,16484.5,No
2234-EOFPT,Male,0,72,Two year,UPI,793.5,57532.5,No
8619-IJNDK,Female,0,71,Two year,Credit card (automatic),640.5,44929,No
8378-LKJAF,Male,0,38,Month-to-month,Credit card (automatic),1011.5,39567,No
8182-BJDSI,Female,0,28,Month-to-month,UPI,899.5,26255.5,Yes
2528-HFYZX,Male,1,17,Month-to-month,UPI,764.5,12334,Yes
1153-GNOLC,Male,0,33,One year,UPI,391,13090,No
3298-QEICA,Female,0,23,Two year,Debit Card,346,8134.5,No
0788-DXBFY,Male,0,58,One year,UPI,195.5,11088,No
3597-YASZG,Female,1,70,Two year,UPI,1044.5,73493.5,No
3496-LFSZU,Male,0,4,Month-to-month,UPI,705,2942,No
5242-UOWHD,Male,0,45,Two year,Debit Card,203.5,9292,No
2482-CZGBB,Male,0,10,Month-to-month,UPI,700,7400,Yes
6479-SZPLM,Male,0,36,Two year,Credit card (automatic),194.5,7545,No
8097-VBQTZ,Male,0,54,Month-to-month,Debit Card,699,38833,No
4500-HKANN,Male,0,23,Two year,Debit Card,597,14142,No
9917-KWRBE,Female,0,41,One year,Credit card (automatic),783.5,32112,No
3420-ZDBMA,Male,1,5,Month-to-month,Debit Card,714.5,3716,No
2212-LYASK,Male,0,27,One year,Credit card (automatic),458.5,12464,No
1393-IMKZG,Female,0,1,Month-to-month,UPI,958.5,958.5,No
8069-RHUXK,Female,0,67,Two year,Credit card (automatic),357,25457,No
3398-GCPMU,Female,1,72,Two year,Credit card (automatic),895.5,64488.5,No
2908-WGAXL,Female,0,56,Two year,Credit card (automatic),249.5,14689,No
3378-AJRAO,Male,0,44,One year,UPI,248.5,10136,No
1013-QCWAM,Female,1,66,Month-to-month,UPI,1008,66907.5,No
0866-QLSIR,Female,0,34,One year,Debit Card,644,20887.5,Yes
6050-FFXES,Female,0,69,Two year,UPI,1053.5,72406.5,No
7181-BQYBV,Female,0,1,Month-to-month,UPI,1024.5,1024.5,Yes
0362-RAOQO,Female,0,40,Two year,Credit card (automatic),196.5,8302.5,No
9554-DFKIC,Male,0,30,Month-to-month,UPI,544.5,15887,No
5527-ACHSO,Female,0,11,Month-to-month,Debit Card,705,8293,No
0829-DDVLK,Female,0,15,One year,Credit card (automatic),201,3024.5,No
1399-UBQIU,Male,0,11,Month-to-month,UPI,693.5,7122.5,No
1813-JLKWR,Female,0,64,One year,UPI,198,13366.5,No
0336-PIKEI,Male,1,72,Two year,UPI,744,53607.5,No
7322-OCWHC,Male,1,72,Two year,UPI,930.5,67350.5,No
9537-VHDTA,Female,0,1,Month-to-month,Debit Card,512,512,No
4957-TIALW,Female,0,15,One year,Credit card (automatic),656,10100,No
2054-PJOCK,Female,0,60,One year,Credit card (automatic),805.5,48470.5,No
9150-HEPMB,Male,0,56,One year,Debit Card,527,30197,No
9030-QGZNL,Female,0,8,Two year,Debit Card,208.5,1616.5,No
6204-IEUXJ,Female,0,3,Month-to-month,Credit card (automatic),801,2175.5,Yes
3126-WQMGH,Female,0,49,Month-to-month,Credit card (automatic),521.5,25837.5,No
4529-CKBCL,Female,0,2,Month-to-month,UPI,802,1460.5,Yes
2506-CLAKW,Female,0,6,Month-to-month,UPI,981.5,5674.5,Yes
7176-WRTNX,Male,0,70,Two year,UPI,1149.5,77112.5,No
1583-IHQZE,Male,0,12,Month-to-month,Debit Card,1129.5,13847.5,Yes
5732-IKGQH,Male,1,52,One year,UPI,1044.5,54812.5,No
9239-GZHZE,Female,0,72,Two year,Credit card (automatic),1136.5,81242,No
7205-BAIAD,Female,0,40,Two year,UPI,206,8273,No
0151-ONTOV,Female,0,1,Month-to-month,Debit Card,709,709,Yes
4140-MUHUG,Female,1,3,Month-to-month,UPI,868.5,2209.5,Yes
0093-EXYQL,Female,1,40,Month-to-month,UPI,915.5,36736,No
8064-RAVOH,Male,0,1,Month-to-month,UPI,498.5,498.5,No
0219-QAERP,Male,0,30,One year,Credit card (automatic),198,5766.5,No
0320-JDNQG,Male,0,23,Month-to-month,UPI,998.5,23313,Yes
7180-PISOG,Male,0,1,Month-to-month,UPI,745,745,Yes
9168-INPSZ,Female,1,44,Month-to-month,UPI,1041.5,44956.5,No
3571-RFHAR,Male,0,65,Month-to-month,UPI,1091.5,69412,Yes
0015-UOCOJ,Female,1,7,Month-to-month,UPI,482,3403.5,No
5334-AFQJB,Male,1,72,Two year,Credit card (automatic),251,17899,No
2754-SDJRD,Female,1,8,Month-to-month,Credit card (automatic),1001.5,9085.5,No
9578-VRMNM,Female,0,16,Month-to-month,Credit card (automatic),652,10433.5,Yes
1587-FKLZB,Male,1,66,Month-to-month,Credit card (automatic),995,68221.5,Yes
6140-QNRQQ,Male,0,1,Month-to-month,Debit Card,715.5,715.5,Yes
8963-JLGJT,Male,0,3,Month-to-month,Debit Card,559,1575.5,No
4307-KTUMW,Male,0,53,Month-to-month,UPI,939,50292,Yes
1465-LNTLJ,Male,1,8,Month-to-month,Credit card (automatic),644,5817,No
5440-FLBQG,Male,1,69,Two year,UPI,1084,73182,Yes
2135-DQWAQ,Female,0,5,Month-to-month,Debit Card,853,4204.5,No
4056-QHXHZ,Female,0,72,Two year,Debit Card,1074.5,75767,No
7470-MCQTK,Female,0,13,Month-to-month,UPI,487.5,6334,Yes
7488-MXJIV,Female,0,4,Month-to-month,UPI,856.5,3216.5,Yes
7401-JIXNM,Female,0,54,Two year,Credit card (automatic),913,49650,No
9339-FIIJL,Male,0,72,Two year,UPI,859.5,61519,No
2027-FECZV,Male,0,12,Month-to-month,UPI,1067,12539,Yes
2672-DZUOY,Male,0,1,Month-to-month,UPI,251.5,251.5,Yes
4706-DGAHW,Male,1,1,Month-to-month,UPI,452,452,No
3870-MQAMG,Female,0,54,One year,UPI,1103.5,58931.5,Yes
6670-MFRPK,Male,0,69,Two year,Credit card (automatic),792,54206.5,No
6177-PEVRA,Female,0,48,Two year,Credit card (automatic),555,26273.5,No
4800-CZMPC,Female,0,48,One year,Credit card (automatic),1032.5,50375.5,Yes
4813-HQMGZ,Female,0,8,Month-to-month,UPI,902.5,7437.5,No
7579-KKLOE,Male,0,71,Two year,Debit Card,912.5,65896,No
7377-DMMRI,Male,0,2,Month-to-month,UPI,478,924.5,Yes
8402-EIVQS,Male,0,67,One year,Credit card (automatic),1009,67331.5,No
4947-DSMXK,Male,0,34,Month-to-month,UPI,977,34100,No
7245-NIIWQ,Female,0,3,Month-to-month,UPI,698.5,1998.5,No
0002-ORFBO,Female,0,9,One year,Debit Card,656,5933,No
3324-OIRTO,Male,0,71,One year,UPI,1046.5,72884,No
5414-OFQCB,Male,0,57,Two year,Credit card (automatic),904.5,52298,No
4967-WPNCF,Male,0,72,Two year,UPI,637,44648,No
8552-OBVRU,Female,1,48,Month-to-month,UPI,1045,50680.5,No
8499-BRXTD,Male,0,18,One year,Debit Card,201,4018.5,No
9154-QDGTH,Male,0,43,One year,Credit card (automatic),1043,44518.5,No
8197-BFWVU,Female,0,72,Two year,UPI,932.5,66889.5,No
2577-GVSIL,Male,0,35,One year,UPI,734.5,26611,No
9367-OIUXP,Male,0,4,Month-to-month,Debit Card,207,730.5,No
6770-UAYGJ,Female,0,49,Two year,Debit Card,252.5,12116.5,No
6463-HHXJR,Female,0,71,Two year,UPI,1005,70306.5,No
7928-VJYAB,Male,0,11,Month-to-month,UPI,906,10202,No
1187-WILMM,Male,0,63,Two year,Credit card (automatic),894,55976.5,No
9776-OJUZI,Female,1,65,Month-to-month,UPI,954.5,62233,No
1306-RPWXZ,Female,0,49,Two year,Credit card (automatic),204.5,10246.5,No
8949-JTMAY,Female,0,29,Month-to-month,Credit card (automatic),986,29332,Yes
2774-LVQUS,Female,1,15,Month-to-month,UPI,830.5,12583,Yes
3097-PYWXL,Female,0,4,Month-to-month,UPI,199.5,829,No
2266-SJNAT,Female,0,72,One year,Credit card (automatic),1091.5,77896,No
0869-PAPRP,Female,1,26,Month-to-month,Credit card (automatic),857,20670,No
4238-JSSWH,Female,1,35,Month-to-month,UPI,1020.5,34525.5,No
2972-YDYUW,Female,0,57,One year,UPI,947,54689.5,No
1104-FEJAM,Male,0,28,Month-to-month,UPI,644,18021.5,No
2809-ILCYT,Female,0,25,One year,Debit Card,268,7335.5,No
5499-ECUTN,Female,0,47,One year,Credit card (automatic),660.5,30214.5,No
4981-FLTMF,Female,0,57,Month-to-month,UPI,652,36878.5,No
9121-PHQSR,Male,1,16,Month-to-month,Credit card (automatic),850.5,13911.5,No
3113-IWHLC,Male,0,5,Month-to-month,Debit Card,558,2743.5,No
3211-ILJTT,Male,0,17,Month-to-month,UPI,704,12140.5,Yes
4612-THJBS,Female,1,56,One year,UPI,1047.5,55106.5,Yes
4277-BWBML,Male,0,72,Two year,UPI,199.5,13228.5,No
4094-NSEDU,Female,1,21,Month-to-month,UPI,942.5,19737.5,Yes
0234-TEVTT,Female,0,48,One year,Credit card (automatic),450,21963,No
4304-TSPVK,Female,0,68,Two year,UPI,1149,78435.5,No
1552-AAGRX,Female,0,30,Month-to-month,UPI,1064,32119,No
2637-FKFSY,Female,0,3,Month-to-month,Debit Card,461,1301.5,No
9796-MVYXX,Female,1,14,Two year,Debit Card,397,6923.5,No
7874-ECPQJ,Female,0,4,Month-to-month,UPI,200.5,855,No
0020-INWCK,Female,0,71,Two year,Credit card (automatic),957.5,68494,No
7089-RKVSZ,Male,0,8,One year,Debit Card,244,2039.5,No
2683-JXWQQ,Male,0,61,Month-to-month,UPI,336,21172,No
9548-ZMVTX,Male,0,72,Two year,UPI,904.5,65658.5,No
8739-XNIKG,Female,0,5,Month-to-month,UPI,840,4247.5,No
9755-JHNMN,Female,0,49,Two year,UPI,674,33068.5,No
3981-QSVQI,Male,0,8,Month-to-month,UPI,197,1689,No
2789-HQBOU,Male,0,3,Month-to-month,UPI,803.5,2538,No
9424-CMPOG,Male,0,9,Two year,Debit Card,196,1974,No
5067-WJEUN,Male,0,67,Two year,UPI,542,38382,No
3450-WXOAT,Male,0,46,Month-to-month,Credit card (automatic),452,20651.5,No
9251-WNSOD,Female,0,67,One year,Debit Card,751,50644.5,No
6974-DAFLI,Female,0,55,One year,UPI,197,11400.5,No
2616-UUTFK,Male,0,33,Month-to-month,UPI,727.5,24474.5,No
7064-JHXCE,Male,0,62,Two year,Credit card (automatic),200.5,12639,No
5103-MHMHY,Female,0,1,Month-to-month,Debit Card,459.5,459.5,Yes
7989-AWGEH,Male,0,49,Month-to-month,UPI,392,18381.5,No
4373-VVHQL,Male,0,1,Month-to-month,UPI,447.5,447.5,No
4559-UWIHT,Male,0,14,Month-to-month,UPI,826.5,11850,No
7268-IGMFD,Male,1,18,Month-to-month,UPI,939,17439,No
1846-XWOQN,Female,1,1,Month-to-month,UPI,701.5,701.5,Yes
0235-KGSLC,Female,0,1,Month-to-month,Credit card (automatic),855.5,855.5,Yes
6650-BWFRT,Female,0,72,Two year,Credit card (automatic),1171.5,85295,No
9570-KYEUA,Male,0,64,Two year,Credit card (automatic),992.5,65494.5,No
6993-YGFJV,Male,0,69,Two year,UPI,1125.5,78065,No
2712-SYWAY,Female,0,1,Month-to-month,UPI,257,257,No
0730-BGQGF,Male,0,71,Two year,Credit card (automatic),903,62873,No
5498-IBWPI,Female,0,66,One year,Credit card (automatic),494,32518.5,No
9101-NTIXF,Male,0,2,Month-to-month,Debit Card,194,506,No
0013-SMEOE,Female,1,71,Two year,UPI,1097,79042.5,No
9314-QDMDW,Male,0,11,One year,UPI,612.5,7299.5,No
9308-ANMVE,Male,0,47,Month-to-month,UPI,553,26540.5,No
2884-GBPFB,Female,0,35,Month-to-month,UPI,703,24165.5,Yes
3757-NJYBX,Male,1,32,Month-to-month,UPI,1063.5,35207.5,Yes
3413-DHLPB,Male,0,60,Month-to-month,UPI,1037.5,59699.5,No
7649-PHJVR,Male,0,11,One year,Debit Card,195,2268,No
6114-TCFID,Female,0,29,One year,Credit card (automatic),395,10827.5,No
3787-TRIAL,Male,0,21,Month-to-month,UPI,260.5,5657.5,No
2573-GYRUU,Male,1,48,Month-to-month,Credit card (automatic),910.5,43707.5,No
5156-UMKOW,Female,0,3,Month-to-month,Debit Card,296.5,900.5,No
1247-QBVSH,Female,0,43,Month-to-month,Debit Card,502,21694,No
6734-GMPVK,Male,0,5,Month-to-month,UPI,1053,5506,No
9822-OAOVB,Female,0,1,Month-to-month,UPI,554.5,554.5,No
6161-ERDGD,Male,0,71,One year,UPI,854.5,63008.5,No
1226-JZNKR,Female,0,8,One year,UPI,198,1600.5,No
7318-EIVKO,Male,0,8,Month-to-month,UPI,592.5,4366,No
3771-PZOBW,Male,0,20,Month-to-month,Credit card (automatic),907,17813.5,No
5136-KCKGI,Female,0,33,One year,Debit Card,1037,34670,Yes
8231-BSWXX,Male,0,71,One year,Credit card (automatic),790.5,55525,No
6486-LHTMA,Female,1,31,One year,UPI,907,28355,No
4083-BFNYK,Female,1,38,One year,Credit card (automatic),950,35912.5,No
3722-WPXTK,Male,0,1,Month-to-month,UPI,883.5,883.5,Yes
7389-KBFIT,Female,0,2,Month-to-month,Debit Card,302.5,637.5,No
7176-WIONM,Female,0,12,Month-to-month,UPI,498.5,6171.5,No
5141-ZUVBH,Female,0,9,Month-to-month,UPI,930,8702.5,No
1089-HDMKP,Male,1,11,Month-to-month,UPI,545.5,6012.5,No
7623-HKYRK,Male,0,6,Month-to-month,Debit Card,197,1116.5,No
0310-SUCIN,Female,0,71,One year,UPI,848,60461,No
5197-PYEPU,Female,0,42,One year,Credit card (automatic),944.5,39238,No
2929-ERCFZ,Female,0,8,Month-to-month,UPI,942,7773,Yes
7548-SEPYI,Female,0,5,Month-to-month,UPI,962.5,5124.5,Yes
8835-VSDSE,Female,0,2,Month-to-month,UPI,707,1414.5,Yes
6619-RPLQZ,Female,0,45,Two year,Debit Card,208.5,8921.5,No
3275-RHRNE,Male,0,28,One year,Credit card (automatic),600,16820.5,No
3503-TYDAY,Female,0,43,Month-to-month,UPI,804.5,33989,No
6901-GOGZG,Male,0,60,Two year,UPI,849.5,49848.5,No
1623-NLDOT,Female,0,42,One year,Debit Card,335.5,14453,Yes
7021-XSNYE,Male,0,7,Two year,Credit card (automatic),496.5,3055.5,No
9621-OUPYD,Female,0,25,One year,UPI,202,5079,No
9898-KZQDZ,Female,1,40,Month-to-month,Credit card (automatic),945.5,36404.5,Yes
8982-NHAVY,Male,0,27,One year,UPI,1005,26734.5,No
4307-KWMXE,Male,0,10,Month-to-month,UPI,357.5,3898,No
0141-YEAYS,Female,1,27,Month-to-month,UPI,864.5,24010.5,No
2450-ZKEED,Female,0,11,One year,UPI,538,6515.5,No
3694-DELSO,Male,0,4,Month-to-month,Credit card (automatic),385.5,1561,No
3893-JRNFS,Male,0,68,Month-to-month,UPI,399,27963.5,No
9603-OAIHC,Male,1,1,Month-to-month,UPI,700.5,700.5,No
1133-KXCGE,Female,0,18,One year,Debit Card,201,4070.5,No
5236-PERKL,Female,0,57,Two year,UPI,1129.5,64650,Yes
0142-GVYSN,Male,0,26,Month-to-month,UPI,203,5112.5,No
1049-FYSYG,Female,0,17,Month-to-month,Credit card (automatic),356.5,6460.5,No
7854-FOKSF,Male,0,1,Month-to-month,UPI,359,359,Yes
2519-FAKOD,Male,0,38,Month-to-month,UPI,992.5,37771.5,Yes
8406-LNMHF,Male,1,59,One year,Credit card (automatic),829.5,49031.5,No
1821-BUCWY,Male,0,30,Two year,Debit Card,556.5,16538.5,No
8263-JQAIK,Male,1,2,Month-to-month,Debit Card,244.5,475,Yes
0023-UYUPN,Female,1,50,One year,UPI,252,13063,No
8314-DPQHL,Male,0,9,One year,Debit Card,508,4636,No
1465-WCZVT,Female,0,3,Month-to-month,Debit Card,196.5,606.5,No
9481-SFCQY,Female,0,14,Month-to-month,Credit card (automatic),598,8248.5,No
6360-SVNWV,Female,1,31,Month-to-month,Credit card (automatic),735.5,20946.5,No
0567-GGCAC,Female,0,7,Month-to-month,UPI,614,4389,No
7089-IVVAZ,Female,0,8,Month-to-month,UPI,1033.5,8473,Yes
8884-MRNSU,Male,0,17,One year,UPI,199,3297.5,No
2171-UDMFD,Male,0,32,Month-to-month,Credit card (automatic),194.5,6745.5,No
9050-IKDZA,Female,1,2,Month-to-month,Debit Card,815,1625.5,No
2205-YMZZJ,Male,1,7,Month-to-month,UPI,848,5469.5,Yes
9802-CAQUT,Female,0,72,Two year,Credit card (automatic),1095.5,78872.5,No
1254-IZEYF,Female,1,31,Month-to-month,UPI,999.5,31866.5,Yes
0187-WZNAB,Female,0,27,Month-to-month,Debit Card,744,19723.5,No
9492-TOKRI,Female,0,18,Month-to-month,Credit card (automatic),900,15273.5,Yes
1475-VWVDO,Male,0,7,Month-to-month,UPI,749,4905.5,No
9221-OTIVJ,Female,1,14,Month-to-month,UPI,1048.5,15314,Yes
1357-MVDOZ,Male,0,11,Month-to-month,UPI,596.5,6832.5,No
7602-MVRMB,Female,0,72,Two year,UPI,1104.5,80588.5,No
3325-FUYCG,Male,0,28,One year,UPI,1061,28474,Yes
5908-QMGOE,Male,1,15,Month-to-month,Credit card (automatic),742,11339,Yes
1197-BVMVG,Female,1,4,Month-to-month,UPI,744.5,2944.5,No
5406-KGRMX,Female,0,71,Two year,UPI,245.5,17191.5,No
8481-YYXWG,Female,0,5,Month-to-month,UPI,893.5,4617,Yes
5968-HYJRZ,Male,0,47,Two year,Debit Card,245.5,11604.5,No
5198-EFNBM,Male,1,57,One year,UPI,906.5,51998,No
7516-GMHUV,Male,1,50,Two year,Credit card (automatic),1050.5,51633,No
7140-ADSMJ,Male,0,8,Month-to-month,Credit card (automatic),204.5,1623,No
2230-XTUWL,Female,0,48,Two year,Debit Card,195.5,8833.5,No
7706-YLMQA,Female,0,70,One year,UPI,197,13415,No
2585-KTFRE,Male,0,1,Month-to-month,UPI,704.5,704.5,No
7994-UYIVZ,Male,0,8,Month-to-month,UPI,856.5,6594.5,No
2609-IAICY,Female,0,1,Month-to-month,UPI,771.5,771.5,Yes
1740-CSDJP,Male,0,1,Month-to-month,UPI,352.5,352.5,Yes
7717-BICXI,Male,0,60,Two year,Debit Card,205.5,12050.5,No
6559-RAKOZ,Male,0,49,One year,UPI,979.5,49179,No
2636-OHFMN,Male,0,4,Month-to-month,UPI,485.5,2010,Yes
4716-MRVEN,Female,0,29,One year,Debit Card,200,5993,No
2143-LJULT,Female,0,67,Two year,Credit card (automatic),252.5,17331.5,No
1323-OOEPC,Female,0,53,Month-to-month,Credit card (automatic),984,51495,Yes
3200-MNQTF,Male,0,67,Two year,Credit card (automatic),709,46771,No
6164-HXUGH,Female,0,6,Month-to-month,Debit Card,198.5,1193,No
5630-IXDXV,Female,0,47,Month-to-month,UPI,1063.5,48491,No
0320-DWVTU,Female,0,53,Two year,Debit Card,995,54242.5,No
9135-MGVPY,Male,0,69,Two year,Debit Card,847,58789,No
1212-GLHMD,Male,0,3,Month-to-month,Debit Card,860.5,2448.5,No
7878-JGDKK,Male,0,4,Month-to-month,Debit Card,445.5,2207.5,No
1088-AUUZZ,Male,0,56,Two year,Credit card (automatic),758.5,42612,No
0397-GZBBC,Male,1,59,Month-to-month,UPI,938.5,55747.5,Yes
6614-YWYSC,Male,1,61,Two year,UPI,250,15017.5,No
9588-OZDMQ,Female,0,2,Month-to-month,UPI,450,897.5,No
7641-EUYET,Male,1,46,Month-to-month,UPI,1007,45412,Yes
6476-EPYZR,Male,0,12,Month-to-month,Debit Card,205,2555,No
9921-ZVRHG,Female,0,14,Month-to-month,UPI,804.5,10720,Yes
1174-FGIFN,Female,0,28,One year,UPI,904.5,25092.5,No
6620-HVDUJ,Male,0,24,Month-to-month,UPI,604.5,14407.5,No
4701-MLJPN,Male,0,31,Month-to-month,UPI,552.5,17156.5,Yes
1032-MAELW,Female,0,68,One year,UPI,784.5,53333.5,No
7641-TQFHN,Male,0,39,Two year,Debit Card,1005.5,38953.5,No
1552-TKMXS,Female,0,42,Month-to-month,Credit card (automatic),203.5,8699,No
9206-GVPEQ,Male,0,13,Month-to-month,UPI,544.5,7068.5,Yes
8622-ZLFKO,Female,0,6,Month-to-month,UPI,907.5,5122.5,No
1596-BBVTG,Male,0,35,Month-to-month,Credit card (automatic),753.5,26360.5,Yes
6188-UXBBR,Female,0,38,One year,Credit card (automatic),202.5,8147.5,No
2333-KWEWW,Male,0,18,Two year,Credit card (automatic),200.5,3886,No
5702-SKUOB,Female,0,4,Month-to-month,Debit Card,196,934.5,No
1134-YWTYF,Male,0,27,Month-to-month,UPI,538,13898.5,No
6061-GWWAV,Male,0,41,One year,Debit Card,702,28945.5,No
0679-TDGAK,Male,0,50,One year,UPI,755,40256,No
6585-WCEWR,Male,0,72,Two year,UPI,203.5,13544,No
9067-YGSCA,Female,0,70,One year,Credit card (automatic),260.5,18564,No
9067-SQTNS,Male,0,44,One year,UPI,206,9260,No
8433-WXGNA,Male,0,2,Month-to-month,UPI,757,1892,Yes
1776-SPBWV,Female,0,34,One year,UPI,201,6821,No
8735-SDUFN,Female,1,72,Two year,UPI,243,17787,No
9668-PUGNU,Male,0,71,Two year,UPI,245,18162,No
9405-GPBBG,Female,0,64,Two year,Credit card (automatic),1105,70692.5,No
1926-QUZNN,Female,0,72,Two year,UPI,252.5,18412,No
3707-GNWHM,Male,0,1,Month-to-month,Debit Card,742.5,742.5,Yes
7016-NVRIC,Male,1,29,One year,UPI,901,26567,No
5829-NVSQN,Female,0,23,One year,UPI,687.5,16894.5,No
9565-AXSMR,Male,0,52,Two year,Debit Card,192,10547.5,No
8922-LIEGH,Female,1,25,Month-to-month,UPI,897,21875.5,Yes
8869-LIHMK,Female,0,64,Two year,UPI,1151,73340.5,No
8245-UMPYT,Female,1,16,Month-to-month,UPI,964,15812,Yes
5186-SAMNZ,Male,1,1,Month-to-month,UPI,695,695,Yes
0447-RXSGD,Male,0,24,Month-to-month,UPI,996.5,24048.5,No
4927-WWOOZ,Male,0,2,Month-to-month,UPI,914.5,1714.5,No
5788-YPOEG,Female,0,34,Two year,Debit Card,847.5,28394.5,No
5373-SFODM,Male,1,36,Month-to-month,Credit card (automatic),852.5,31327.5,Yes
0661-KBKPA,Male,0,53,One year,Debit Card,787.5,39424.5,No
9081-WWXKP,Female,0,47,Two year,Credit card (automatic),202.5,8734,No
0784-ZQJZX,Male,0,72,Two year,Credit card (automatic),199,15296.5,No
3133-PZNSR,Male,0,72,Two year,Credit card (automatic),977.5,69916,No
5766-ZJYBB,Male,0,1,Month-to-month,Debit Card,194,194,Yes
8931-GJJIQ,Female,0,9,Month-to-month,UPI,833,8033,Yes
4277-PVRAN,Female,0,8,Month-to-month,UPI,801,6793,Yes
0022-TCJCI,Male,1,45,One year,Credit card (automatic),627,27915,Yes
0722-SVSFK,Female,0,7,Month-to-month,UPI,1004,7150,No
3612-YVGSJ,Female,0,71,Two year,Credit card (automatic),244.5,16816,No
9825-YCXWZ,Female,1,41,One year,UPI,1011,40162,No
5397-NSKQG,Male,0,67,Two year,Credit card (automatic),509,32816.5,No
8565-HBFNN,Male,0,69,One year,Credit card (automatic),1072,73171,No
2000-DHJUY,Female,1,70,Two year,UPI,922,64744.5,No
0203-HHYIJ,Male,0,25,One year,UPI,253,6763.5,Yes
8670-ERCJH,Male,0,72,Two year,UPI,1134,81641,No
7758-UJWYS,Male,0,34,Two year,UPI,405.5,13258.5,No
2050-ONYDQ,Female,0,65,Two year,Credit card (automatic),260,16548.5,No
7055-JCGNI,Female,0,70,Two year,Credit card (automatic),1119.5,77959.5,No
0739-UUAJR,Female,0,72,Two year,Credit card (automatic),538,39524.5,No
4826-DXMUP,Male,0,35,One year,Debit Card,721,24951.5,No
0952-KMEEH,Male,0,13,Month-to-month,Debit Card,981.5,12302.5,Yes
7285-KLOTR,Female,0,12,One year,UPI,788.5,8767.5,No
0654-PQKDW,Female,0,62,One year,UPI,707.5,42634.5,No
7175-NTIXE,Female,0,25,Month-to-month,Credit card (automatic),761.5,19929.5,No
7963-SHNDT,Female,0,52,Two year,Debit Card,391,19821,No
9796-BPKIW,Male,1,8,Month-to-month,Credit card (automatic),699.5,5627,No
0188-GWFLE,Male,0,2,Month-to-month,Debit Card,200.5,337,No
8129-GMVGI,Female,0,56,Two year,Debit Card,200.5,10901,No
2882-DDZPG,Female,0,12,Month-to-month,UPI,194.5,2274.5,No
3547-LQRIK,Female,0,47,One year,UPI,269,12508.5,No
9137-NOQKA,Male,1,2,Month-to-month,UPI,192,372,No
5843-TTHGI,Female,0,18,Month-to-month,Debit Card,500,8927,No
1849-RJYIG,Female,0,8,Month-to-month,UPI,600,4877.5,No
8868-GAGIO,Male,0,45,Month-to-month,Debit Card,845.5,37139.5,No
4061-UKJWL,Male,0,3,Month-to-month,Debit Card,454.5,1417,No
5380-XPJNZ,Female,0,38,One year,Debit Card,200.5,6782,No
8263-QMNTJ,Male,0,72,Two year,UPI,1155.5,84253,No
8178-EYZUO,Male,0,46,Month-to-month,UPI,937,41548,Yes
3230-JCNZS,Female,0,71,Two year,Credit card (automatic),990,70616.5,No
0277-ORXQS,Male,0,66,Two year,UPI,505.5,33645.5,No
5130-IEKQT,Male,1,25,Month-to-month,Debit Card,1059.5,26552.5,Yes
3230-WYKIR,Male,0,18,One year,Credit card (automatic),820,14254.5,Yes
7996-BPXHY,Female,0,13,Two year,UPI,250,3325,No
3227-WLKLI,Female,0,65,Two year,UPI,915.5,59639.5,No
0407-BDJKB,Male,0,60,Month-to-month,UPI,957.5,57429,Yes
2266-FUBDZ,Male,0,15,Two year,Debit Card,193.5,2788.5,No
8237-ULIXL,Female,0,72,Two year,Credit card (automatic),248.5,18718.5,No
9600-UDOPK,Male,0,30,Month-to-month,Credit card (automatic),940.5,28664.5,Yes
8216-AZUUZ,Female,0,42,Two year,UPI,1004,43036.5,No
9153-BTBVV,Female,0,71,Two year,UPI,250,17530,No
4074-SJFFA,Female,0,1,Month-to-month,Debit Card,547.5,547.5,Yes
3269-ATYWD,Male,1,39,Month-to-month,UPI,956.5,37590.5,Yes
5186-PEIZU,Female,0,35,Month-to-month,UPI,192.5,6176.5,No
1074-AMIOH,Female,0,53,Month-to-month,UPI,1082.5,59351,No
4910-GMJOT,Female,0,1,Month-to-month,UPI,946,946,Yes
0354-WYROK,Female,1,31,Month-to-month,UPI,989,29113,Yes
4361-FEBGN,Male,0,48,Two year,Credit card (automatic),201.5,9829.5,No
7748-UMTRK,Female,1,30,Month-to-month,UPI,1013,29745,No
0380-ZCSBI,Male,0,10,Month-to-month,Credit card (automatic),200,1987,No
7145-FEJWU,Female,0,12,Month-to-month,UPI,1053,12756.5,No
6463-MVYRY,Female,1,57,Two year,UPI,698.5,40030,No
3969-JQABI,Female,0,58,Month-to-month,Credit card (automatic),652.5,37916,No
9624-EGDEQ,Female,0,37,Two year,Debit Card,198,8133,No
1051-EQPZR,Female,0,44,Month-to-month,Debit Card,196,7802.5,No
5849-ASHZJ,Male,0,27,One year,Credit card (automatic),200.5,5529,No
5780-INQIK,Female,0,8,Month-to-month,UPI,494,4082.5,No
7576-OYWBN,Male,1,3,Month-to-month,UPI,760.5,2318,Yes
4526-ZJJTM,Female,1,25,Month-to-month,UPI,884,21911.5,No
8384-FZBJK,Female,0,57,Month-to-month,UPI,1006,56117,No
3750-RNQKR,Female,0,12,Month-to-month,Debit Card,194.5,2462.5,No
0962-CQPWQ,Female,0,62,Two year,UPI,203,12961.5,No
3096-YXENJ,Female,0,65,Two year,UPI,1076.5,70828.5,No
1265-BCFEO,Female,0,71,Two year,UPI,804.5,56622.5,No
5837-LXSDN,Female,0,21,One year,Credit card (automatic),588.5,12154.5,No
5945-AZYHT,Male,0,71,One year,UPI,1096,78541.5,No
8325-QRPZR,Female,0,7,Month-to-month,UPI,751.5,5250,No
6384-VMJHP,Female,0,72,Two year,Credit card (automatic),730,52652,No
2262-SLNVK,Female,0,1,Month-to-month,UPI,701,701,No
7730-CLDSV,Female,0,72,Two year,UPI,986.5,71294.5,No
1135-HIORI,Female,0,64,One year,UPI,1114.5,72669.5,No
0164-APGRB,Female,0,72,Two year,UPI,1149,84967,No
6481-ESCNL,Female,0,29,Month-to-month,UPI,1005.5,28787.5,No
1790-NESIO,Female,0,13,Two year,Debit Card,204,2613,No
1550-EENBN,Female,0,31,Month-to-month,UPI,1043.5,32056,No
5539-TMZLF,Male,1,1,Month-to-month,UPI,697.5,697.5,Yes
4323-SADQS,Male,0,7,Month-to-month,UPI,345,2792.5,Yes
4446-BZKHU,Male,0,61,Month-to-month,UPI,1055.5,62814.5,Yes
5202-IVJNU,Female,0,39,Month-to-month,Credit card (automatic),301,11313,Yes
5976-JCJRH,Male,0,10,Month-to-month,UPI,703,7382,Yes
8198-RKSZG,Female,0,14,Month-to-month,Credit card (automatic),804.5,11370.5,No
0137-OCGAB,Female,0,1,Month-to-month,Debit Card,802,802,Yes
3351-NQLDI,Female,0,67,One year,Credit card (automatic),943.5,63414.5,Yes
9297-EONCV,Female,0,72,Two year,UPI,913.5,66972,No
7593-JNWRU,Male,0,6,Month-to-month,UPI,446,2608,Yes
4588-YBNIB,Female,0,1,Month-to-month,Debit Card,196,196,Yes
1069-QJOEE,Male,0,25,One year,UPI,199,5054.5,No
3336-JORSO,Female,1,33,Month-to-month,UPI,1104.5,36554.5,Yes
7799-DSEWS,Male,0,18,Month-to-month,UPI,683.5,12998,No
8766-PAFNE,Male,0,71,Two year,Credit card (automatic),791,55648.5,No
5315-CKEQK,Male,1,28,One year,UPI,510,13818,No
3130-ICDUP,Female,0,2,Month-to-month,Credit card (automatic),805.5,1881,No
0820-FNRNX,Male,0,17,Month-to-month,Debit Card,667,10770.5,No
0880-FVFWF,Male,0,56,Month-to-month,UPI,864,49224,No
4611-ANLQC,Female,0,60,One year,UPI,500.5,29115,No
4213-HKBJO,Female,0,33,Two year,Credit card (automatic),257,8261,No
2792-LSHWX,Female,0,1,Month-to-month,Debit Card,834,834,No
5028-GZLDO,Male,0,2,Month-to-month,Credit card (automatic),707,1407,Yes
0014-BMAQU,Male,0,63,Two year,Credit card (automatic),846.5,53778,No
6861-XWTWQ,Male,1,7,Month-to-month,UPI,992.5,6654.5,Yes
9018-PCIOK,Female,0,55,Two year,Debit Card,647.5,36171,No
4837-QUSFT,Female,0,65,One year,UPI,1001.5,66435,No
6877-TJMBR,Male,0,1,Month-to-month,UPI,848,848,Yes
9953-ZMKSM,Male,0,63,Two year,Debit Card,252.5,15593,No
0907-HQNTS,Female,1,70,Two year,Credit card (automatic),1130,79876,No
7665-NKLAV,Female,0,36,Two year,Credit card (automatic),406.5,15473.5,No
6769-DCQLI,Male,0,52,One year,UPI,1050,54268.5,Yes
2433-KMEAS,Male,0,22,Month-to-month,UPI,544.5,11273.5,Yes
4391-LNRXK,Male,0,22,Month-to-month,UPI,949.5,21428,No
8250-ZNGGW,Female,1,5,Month-to-month,Credit card (automatic),599,2878.5,No
2195-ZRVAX,Female,0,47,Month-to-month,UPI,853,40456.5,Yes
3550-SAHFP,Female,0,33,Month-to-month,UPI,833.5,27578.5,Yes
2011-TRQYE,Male,0,18,Month-to-month,Credit card (automatic),335,6000,Yes
8562-GHPPI,Female,0,1,Month-to-month,Credit card (automatic),198,198,No
5893-PYOLZ,Male,0,56,Two year,Credit card (automatic),818,45344.5,No
4986-MXSFP,Female,0,2,Month-to-month,Debit Card,200,409,No
6131-FOYAS,Male,0,35,Month-to-month,UPI,596,20949,No
3027-YNWZU,Female,0,64,Two year,Credit card (automatic),250,15848,No
5609-IMCGG,Female,0,15,Month-to-month,Credit card (automatic),843.5,13026.5,No
4873-ILOLJ,Male,0,24,Month-to-month,UPI,903.5,22385,Yes
4727-MCYZG,Male,0,1,Month-to-month,Debit Card,555.5,555.5,No
9481-WHGWY,Female,0,70,Two year,Credit card (automatic),753.5,54377.5,No
2725-KXXWT,Male,0,1,Month-to-month,UPI,907.5,907.5,Yes
9565-DJPIB,Female,0,4,Month-to-month,Debit Card,896,3656.5,Yes
4328-VUFWD,Female,0,39,One year,UPI,593,22091.5,No
3301-LSLWQ,Female,0,29,Month-to-month,UPI,661,19121.5,No
7473-ZBDSN,Female,0,14,Two year,Debit Card,188,2555.5,No
3166-PNEOF,Female,0,61,Two year,Credit card (automatic),864.5,51753,No
5639-NTUPK,Male,0,13,Month-to-month,Credit card (automatic),521,6706.5,No
8780-YRMTT,Female,0,66,Two year,Debit Card,474,31772.5,No
8348-HFYIV,Male,0,2,Month-to-month,UPI,492.5,903.5,Yes
5140-FOMCQ,Female,0,59,One year,Credit card (automatic),1091.5,65577.5,No
6242-SGYTS,Male,0,62,One year,Credit card (automatic),949.5,57918.5,No
8166-ORCHU,Male,1,33,One year,UPI,935.5,30555,No
8414-OOEEL,Male,0,66,Two year,Credit card (automatic),795,51961,No
8454-AATJP,Female,0,72,Two year,Credit card (automatic),1150.5,84050,No
6849-WLEYG,Male,0,1,Month-to-month,Debit Card,197.5,197.5,Yes
4659-NZRUF,Female,0,19,Month-to-month,UPI,951.5,17892.5,Yes
4531-AUZNK,Female,0,51,One year,Debit Card,951.5,50000.5,No
4191-XOVOM,Male,0,63,Month-to-month,UPI,1054,67132,No
2150-OEGBV,Male,0,27,One year,UPI,201,5626,No
8429-XIBUM,Male,0,22,Month-to-month,UPI,1013.5,23171,Yes
1855-CFULU,Female,1,4,Month-to-month,Debit Card,200.5,914.5,No
4878-BUNFV,Male,0,42,Two year,Debit Card,207,8288.5,No
1872-EBWSC,Female,0,29,One year,Debit Card,203.5,6173.5,No
2608-BHKFN,Female,0,4,Month-to-month,Credit card (automatic),700.5,2669,Yes
7026-YMSBE,Male,0,30,One year,Debit Card,197,6250.5,No
7341-LXCAF,Male,0,4,Month-to-month,UPI,746.5,3014,Yes
6997-UVGOX,Male,0,71,Two year,UPI,854.5,60299,No
9674-EHPPG,Male,0,46,Two year,Credit card (automatic),404,18427,No
9462-MJUAW,Male,0,4,Month-to-month,Debit Card,504,2066,Yes
8128-YVJRG,Female,0,7,Month-to-month,Debit Card,796.5,6047,Yes
5440-VHLUL,Male,0,69,One year,UPI,1052,73860.5,No
5781-BKHOP,Female,0,72,Two year,UPI,1006.5,73340.5,No
4283-FUTGF,Male,1,19,Month-to-month,UPI,798.5,14717.5,Yes
5213-TWWJU,Male,0,28,Month-to-month,UPI,910,26261.5,No
1569-TTNYJ,Male,0,5,Month-to-month,UPI,787.5,4121,Yes
8628-MFKAX,Female,1,72,Two year,Credit card (automatic),1167.5,82770.5,No
2397-BRLOM,Male,1,8,Month-to-month,Credit card (automatic),804.5,5834.5,Yes
7629-WIXZF,Female,0,7,One year,UPI,591,3692.5,No
5445-GLVOT,Female,0,22,Month-to-month,UPI,498,10490.5,No
3976-HXHCE,Male,0,72,Two year,UPI,193,14148,No
2466-NEJOJ,Male,0,8,Month-to-month,Credit card (automatic),196.5,1697.5,No
0254-KCJGT,Male,0,52,One year,Credit card (automatic),814,43544.5,No
5472-CVMDX,Female,0,68,Two year,Debit Card,389,27192,No
6461-SZMCV,Female,0,71,Two year,UPI,879.5,63653.5,No
8150-QUDFX,Male,0,2,Month-to-month,Debit Card,198.5,516,No
9508-ILZDG,Female,1,34,Month-to-month,UPI,963.5,31902.5,No
2346-DJQTB,Female,0,35,Month-to-month,UPI,241.5,8125,No
1697-LYYYX,Female,0,61,One year,Credit card (automatic),191,11438,No
1942-OQFRW,Male,0,1,Month-to-month,UPI,440,440,No
4749-VFKVB,Female,0,1,Month-to-month,Debit Card,501,501,Yes
9640-ZSLDC,Female,0,53,One year,Credit card (automatic),606,32970,No
4231-LZUYM,Female,0,72,Two year,UPI,256.5,18870,No
7598-UAASY,Male,0,2,Month-to-month,UPI,764,1518,Yes
7938-OUHIO,Male,0,3,Month-to-month,UPI,987,2936.5,Yes
8510-AWCXC,Female,1,13,Month-to-month,UPI,1008,13081,Yes
6128-AQBMT,Male,1,41,Month-to-month,UPI,539.5,22154,No
3594-BDSOA,Female,0,24,One year,Credit card (automatic),204,4828,No
0431-APWVY,Female,0,28,One year,UPI,901,25989.5,Yes
5133-VRSAB,Male,0,8,Month-to-month,Debit Card,293.5,2164.5,No
5996-DAOQL,Male,0,1,Month-to-month,Debit Card,204.5,204.5,No
6838-YAUVY,Female,0,54,Two year,UPI,951,50648.5,No
0484-JPBRU,Male,0,41,Month-to-month,UPI,252.5,9964.5,No
7883-ROJOC,Female,0,19,Month-to-month,Debit Card,449,8396.5,No
0244-LGNFY,Female,0,72,Two year,UPI,926.5,67330,No
7274-CGTOD,Male,0,62,Two year,UPI,437,26183,No
4295-YURET,Female,1,56,Two year,Credit card (automatic),726,40843.5,No
3426-NIYYL,Male,0,15,Month-to-month,UPI,515.5,7655,Yes
8225-BTJAU,Male,1,10,Month-to-month,UPI,792.5,7935.5,Yes
4635-EJYPD,Male,0,32,Two year,Debit Card,189.5,6139.5,No
1866-ZSLJM,Male,0,21,Month-to-month,Credit card (automatic),205,4028.5,No
4636-TVXVG,Male,0,62,One year,UPI,199.5,12448,No
4236-UJPWO,Female,0,2,Month-to-month,UPI,245,464,No
9392-XBGTD,Male,0,27,Two year,Debit Card,206,5818.5,No
3387-VATUS,Male,0,5,Month-to-month,UPI,948.5,4628,Yes
6402-SSEJG,Female,0,25,One year,UPI,610.5,15402,No
1143-NMNQJ,Female,0,2,Month-to-month,UPI,857,1698,Yes
1169-SAOCL,Male,0,49,One year,UPI,1066.5,51681,No
1110-KYLGQ,Female,0,63,Month-to-month,Credit card (automatic),1082.5,67801,No
9929-PLVPA,Female,0,4,Month-to-month,Credit card (automatic),204,945,No
3518-PZXZQ,Female,0,1,Month-to-month,Debit Card,553,553,No
2371-JUNGC,Male,0,11,Month-to-month,Debit Card,202.5,2080,No
7693-QPEFS,Male,1,52,Month-to-month,UPI,729.5,38297.5,No
0924-BJCRC,Female,1,60,Month-to-month,UPI,894.5,52946,No
5074-FBGHB,Male,0,64,One year,Credit card (automatic),1046.5,68898,No
2351-BKRZW,Female,0,43,Two year,UPI,752,32543.5,No
4455-BFSPD,Female,0,61,One year,UPI,1011.5,63839,No
0415-MOSGF,Female,0,1,Month-to-month,Debit Card,444,444,Yes
1724-BQUHA,Male,1,5,Month-to-month,UPI,895,4777,Yes
3948-KXDUF,Male,0,66,Two year,UPI,687.5,44475.5,No
2323-ARSVR,Male,0,67,Two year,UPI,1110.5,73210.5,No
0815-MFZGM,Female,0,42,Two year,Credit card (automatic),990,41350,No
4826-XTSOH,Male,1,1,Month-to-month,UPI,860.5,860.5,Yes
5480-XTFFL,Female,0,31,Two year,Debit Card,210,6977,No
8295-FHIVV,Male,0,7,Month-to-month,Debit Card,194,1686.5,No
2495-INZWQ,Male,0,4,Month-to-month,UPI,445.5,1743,Yes
9086-YJYXS,Male,0,34,One year,UPI,772,27538,No
1179-INLAT,Male,0,3,One year,Debit Card,194.5,692.5,No
7909-FIOIY,Female,0,19,Month-to-month,Debit Card,248.5,4348,No
4139-SUGLD,Male,0,31,Month-to-month,UPI,354,10775,Yes
6857-VWJDT,Female,0,1,Month-to-month,Debit Card,956.5,956.5,Yes
6351-SCJKT,Male,0,3,Month-to-month,Debit Card,413.5,1072.5,No
5468-BPMMO,Male,0,46,Month-to-month,UPI,196,8512,No
5624-BQSSA,Female,0,1,Month-to-month,Debit Card,209.5,209.5,Yes
0197-PNKNK,Female,0,69,One year,UPI,844.5,58486,No
2439-QKJUL,Male,0,5,Month-to-month,Debit Card,202.5,1098,No
1194-SPVSP,Male,0,1,Month-to-month,UPI,196.5,196.5,No
9534-NSXEM,Male,0,26,One year,Credit card (automatic),206.5,5955,No
2408-WITXK,Female,1,10,Month-to-month,UPI,347,3298,Yes
8929-KSWIH,Male,0,25,Two year,UPI,993,25135,No
2250-IVBWA,Male,0,64,Month-to-month,UPI,810.5,51353.5,No
1810-MVMAI,Male,0,30,Month-to-month,UPI,676,20002,No
9506-UXUSK,Male,0,13,Month-to-month,UPI,701.5,9317.5,No
1229-RCALF,Female,0,64,One year,UPI,1150,73961.5,No
3572-UOLYZ,Female,0,46,Month-to-month,UPI,848,39588.5,No
1429-UYJSV,Female,0,12,One year,Debit Card,197,2609,No
5577-OTWWW,Female,0,15,Month-to-month,UPI,197.5,2973,Yes
6100-QQHEB,Male,0,17,Month-to-month,UPI,925.5,15151,Yes
6366-XIVKZ,Female,0,13,Month-to-month,Debit Card,631.5,8168,No
3470-OBUET,Female,0,67,Two year,Credit card (automatic),740,48684,No
2770-NSVDG,Male,0,24,Month-to-month,UPI,291,6880,No
9375-MHRRS,Male,0,6,Month-to-month,Debit Card,500.5,2883.5,No
2634-HCZGT,Male,1,53,One year,UPI,600.5,32296.5,Yes
7503-QQRVF,Male,1,16,Month-to-month,Credit card (automatic),743,11782.5,Yes
4860-YZGZM,Male,0,10,Month-to-month,UPI,200,1854,No
6599-GZWCM,Female,0,13,One year,Debit Card,746.5,9662.5,No
2691-NZETQ,Male,0,9,Month-to-month,UPI,853.5,7586,Yes
4404-HIBDJ,Female,0,25,One year,Debit Card,743,18638,Yes
5533-NHFRF,Male,1,7,Month-to-month,UPI,444,2658,No
7037-MTYVW,Male,0,38,Two year,UPI,854,32970,No
4760-THGOT,Female,0,43,Month-to-month,UPI,941,41073,No
7295-JOMMD,Female,0,4,Month-to-month,UPI,981,3963,Yes
4016-BJKTZ,Female,0,25,Two year,UPI,1089,28090.5,No
6584-VQMYT,Male,0,27,One year,Debit Card,562,15675.5,No
9838-BFCQT,Male,0,72,Two year,Debit Card,261,18514.5,No
2790-XUYMV,Male,0,71,One year,Credit card (automatic),854.5,60289.5,No
0581-MDMPW,Female,0,24,Month-to-month,Credit card (automatic),889.5,20727.5,No
5013-SBUIH,Female,0,50,Two year,UPI,1096.5,55511.5,Yes
1023-BQXZE,Male,0,57,Two year,UPI,743.5,43173.5,No
9163-GHAYE,Female,0,15,Month-to-month,UPI,488.5,7368,No
3904-UKFRE,Male,0,4,Month-to-month,UPI,801,3361.5,No
5353-WILCI,Female,0,28,Month-to-month,UPI,560.5,15226.5,No
0709-TVGUR,Female,1,9,Month-to-month,UPI,745.5,6229,Yes
0058-EVZWM,Female,0,55,Month-to-month,UPI,898,49596,No
6023-YEBUP,Male,0,3,Month-to-month,UPI,1009.5,3299.5,Yes
7209-JCUDS,Male,0,10,Month-to-month,UPI,949,10488.5,Yes
7009-PCARS,Male,0,55,One year,UPI,191,10015,No
0519-DRGTI,Female,0,20,Month-to-month,Debit Card,203.5,4426,No
1017-FBQMM,Female,0,62,One year,Credit card (automatic),1060.5,67035,No
3001-CBHLQ,Male,1,32,Month-to-month,UPI,1049,33515.5,Yes
1985-MBRYP,Female,0,43,Two year,UPI,196.5,7792.5,No
6158-DWPZT,Male,0,9,One year,UPI,241,2598,Yes
9372-TXXPS,Female,0,60,Two year,UPI,598.5,34834.5,No
3259-QMXUN,Male,0,58,Two year,UPI,861,48905,No
1015-JPFYW,Male,0,7,One year,Debit Card,194.5,1367.5,No
6645-MXQJT,Male,0,2,Month-to-month,UPI,971,1841.5,No
4360-QRAVE,Male,1,37,Month-to-month,UPI,366.5,13150,No
8433-WPJTV,Female,1,65,One year,UPI,1039,67671,No
5804-JMYIO,Female,0,39,Two year,Debit Card,197.5,7579.5,No
3763-GCZHZ,Male,0,66,One year,UPI,1040.5,68900,Yes
6484-LATFU,Male,0,68,Two year,Debit Card,245.5,16574,No
7599-NTMDP,Female,0,62,Two year,UPI,487,30085.5,No
0772-GYEQQ,Male,0,3,Month-to-month,Debit Card,883.5,2620.5,Yes
0536-ACXIP,Female,0,72,Two year,UPI,1095.5,81651,No
0936-NQLJU,Female,0,41,Two year,Credit card (automatic),206.5,8755.5,No
4831-EOBFE,Male,0,29,Month-to-month,Credit card (automatic),946.5,26491.5,Yes
1575-KRZZE,Female,0,4,Month-to-month,UPI,552,2206.5,No
3251-YMVWZ,Male,0,53,One year,UPI,240.5,13019,No
4102-OQUPX,Male,1,1,Month-to-month,UPI,744,744,Yes
9170-GYZJC,Female,0,41,Month-to-month,Credit card (automatic),799,33262,Yes
4884-LEVMQ,Male,0,39,Two year,UPI,204.5,7900,No
8857-CUPFQ,Male,0,63,Two year,Debit Card,192.5,12376.5,No
7610-TVOPG,Male,0,15,Month-to-month,UPI,263.5,3786,No
3638-DIMPH,Female,0,13,One year,UPI,438,5926.5,No
1845-ZLLIG,Male,0,1,Month-to-month,Debit Card,501.5,501.5,No
8559-WNQZS,Male,0,1,Two year,Debit Card,204.5,204.5,No
3999-QGRJH,Male,1,8,Month-to-month,UPI,697,5608.5,Yes
1699-UOTXU,Male,0,60,Two year,UPI,614,36382.5,No
2454-RPBRZ,Female,1,12,Month-to-month,UPI,981,10602,Yes
0635-WKOLD,Male,0,40,One year,Credit card (automatic),707.5,29217.5,No
5993-JSUWV,Female,0,66,Two year,UPI,611.5,40174.5,No
4518-FZBSX,Male,0,42,One year,Debit Card,202.5,8549,No
5387-ASZNZ,Female,1,66,One year,Credit card (automatic),638.5,41743.5,No
6988-CJEYV,Male,0,49,Month-to-month,UPI,987,49205.5,No
2002-MZHWP,Female,0,1,Month-to-month,Debit Card,205,205,Yes
3097-FQTVJ,Female,0,41,Two year,Debit Card,200,8103,No
5465-BUBFA,Female,0,41,Two year,UPI,193,7724,No
7299-GNVPL,Female,0,23,Month-to-month,Debit Card,844,19368.5,No
9743-DQKQW,Male,0,3,Month-to-month,UPI,251,798,No
1215-VFYVK,Female,0,4,Month-to-month,Debit Card,482.5,2022.5,No
9371-BITHB,Female,0,52,Two year,Debit Card,198.5,10705,No
2265-CYWIV,Female,1,4,Month-to-month,UPI,996,3476.5,Yes
9093-FPDLG,Female,0,11,Month-to-month,UPI,942,9999,No
0541-FITGH,Female,0,2,Month-to-month,Debit Card,621.5,1131,No
6985-HAYWX,Female,0,26,Month-to-month,UPI,793,20158,No
7508-KBIMB,Male,0,24,One year,Credit card (automatic),562.5,14542.5,No
6838-HVLXG,Female,0,12,Month-to-month,Debit Card,203,2467,No
2277-DJJDL,Male,1,60,Month-to-month,UPI,990,60179,No
1897-OKVMW,Female,0,64,Two year,Debit Card,906,58174.5,No
5485-ITNPC,Male,0,66,Two year,UPI,859,55953,No
0233-FTHAV,Female,0,60,One year,UPI,792,47650,No
4644-PIZRT,Male,0,17,One year,UPI,703.5,12016.5,No
8922-NPKBJ,Male,0,42,Two year,Debit Card,193.5,8673,No
2740-TVLFN,Male,0,1,Month-to-month,UPI,501.5,501.5,No
7771-CFQRQ,Female,0,47,Two year,UPI,638,30072.5,No
9512-PHSMG,Female,0,10,Month-to-month,Debit Card,205.5,2527.5,No
6963-EZQEE,Male,1,70,Two year,Credit card (automatic),885.5,63065,No
2452-KDRRH,Male,1,67,Month-to-month,Credit card (automatic),1014,68410.5,No
2004-OCQXK,Female,0,1,Month-to-month,UPI,819.5,819.5,Yes
5027-QPKTE,Male,0,7,Month-to-month,UPI,693.5,4511,Yes
4146-SVFUD,Male,0,1,Month-to-month,Debit Card,446,446,No
1564-HJUVY,Male,0,4,Month-to-month,UPI,637.5,2262,No
3617-XLSGQ,Female,0,66,Two year,UPI,1092.5,70825,No
7517-LDMPS,Female,0,12,Month-to-month,UPI,846,10173.5,No
7244-KXYZN,Female,0,24,One year,Credit card (automatic),204.5,5273.5,No
5226-NOZFC,Male,0,26,Month-to-month,UPI,857.5,21465,No
2672-HUYVI,Female,0,6,Month-to-month,UPI,911,4553,Yes
1400-WIVLL,Male,0,57,Two year,UPI,1079.5,59698.5,No
7508-MYBOG,Male,0,14,Month-to-month,UPI,861,12355.5,Yes
8148-NLEGT,Female,0,42,Two year,UPI,229.5,10142.5,No
0148-DCDOS,Male,0,25,Month-to-month,UPI,947,23621,Yes
8347-GDTMP,Female,0,64,Two year,Credit card (automatic),194.5,12256.5,No
9992-RRAMN,Male,0,22,Month-to-month,UPI,851,18737,Yes
6746-WAUWT,Male,0,19,One year,Credit card (automatic),197,3865,No
0310-MVLET,Female,0,61,Month-to-month,UPI,991.5,60100.5,Yes
0428-IKYCP,Male,0,22,Month-to-month,UPI,870,18506.5,No
4550-VBOFE,Male,1,70,Month-to-month,UPI,1029.5,71015,Yes
2187-PKZAY,Male,0,12,Month-to-month,UPI,799.5,10434,No
4003-OCTMP,Female,0,31,One year,UPI,640,19107.5,No
6652-YFFJO,Female,0,11,Month-to-month,UPI,649,7161,No
7225-IILWY,Male,0,68,Two year,Debit Card,257.5,16861.5,No
5248-RPYWW,Female,1,72,Two year,UPI,901.5,67164.5,No
7923-IYJWY,Male,1,67,Two year,Credit card (automatic),1161,78398.5,No
3170-GWYKC,Female,0,60,Month-to-month,UPI,1049.5,62367.5,No
5696-QURRL,Male,0,1,Month-to-month,Debit Card,450.5,450.5,Yes
7409-KIUTL,Female,1,1,Month-to-month,UPI,710,710,Yes
9830-ECLEN,Male,0,58,One year,Debit Card,500,29198.5,No
1732-VHUBQ,Female,1,47,Month-to-month,UPI,705.5,33092.5,Yes
0495-RVCBF,Female,0,1,Month-to-month,UPI,797,797,Yes
2668-TZSPS,Male,0,1,Month-to-month,Debit Card,204.5,204.5,No
7854-EDSSA,Male,0,22,Month-to-month,UPI,590,12547,Yes
8869-TORSS,Female,0,48,One year,Credit card (automatic),603.5,28964,Yes
7446-SFAOA,Female,0,37,One year,UPI,198.5,7175,No
9522-ZSINC,Male,0,13,One year,UPI,199.5,2538,No
8234-GSZYK,Male,0,43,Two year,UPI,264.5,11100.5,No
6505-OZNPG,Female,0,6,Two year,Debit Card,634,3488,No
6164-HAQTX,Male,0,71,Two year,UPI,539.5,38886.5,No
0679-IDSTG,Female,1,1,Month-to-month,UPI,692.5,692.5,Yes
7765-LWVVH,Female,0,72,Two year,UPI,951,68431.5,No
1658-TJVOA,Female,1,6,Month-to-month,UPI,741,4509,No
0953-LGOVU,Male,0,12,Month-to-month,Debit Card,355,4322.5,No
2115-BFTIW,Male,0,25,Month-to-month,Debit Card,709.5,17673.5,Yes
4692-NNQRU,Female,0,21,One year,UPI,792,17424.5,No
7742-MYPGI,Female,0,6,Month-to-month,Debit Card,488,2973.5,No
0611-DFXKO,Male,0,20,Month-to-month,Debit Card,890,18204.5,Yes
7780-OTDSO,Male,0,18,Month-to-month,UPI,994,17429.5,Yes
9619-GSATL,Female,0,43,One year,UPI,554.5,24442.5,No
5622-UEJFI,Female,0,35,Two year,Credit card (automatic),254,9498,No
9747-DDZOS,Female,0,1,Month-to-month,UPI,735,735,Yes
0674-DGMAQ,Male,1,32,Month-to-month,UPI,935,29708,No
6203-HBZPA,Male,0,52,Two year,Credit card (automatic),639,33349.5,No
0484-FFVBJ,Male,0,32,One year,UPI,648.5,20109.5,No
0301-FIDRB,Female,0,72,Two year,UPI,638,46843,No
4139-JPIAM,Male,0,51,Month-to-month,Credit card (automatic),444.5,21815.5,No
2181-TIDSV,Male,0,68,Two year,UPI,199.5,13032.5,No
2761-XECQW,Male,1,8,Month-to-month,Debit Card,433.5,3714,No
1936-CZAKF,Male,0,49,Two year,Credit card (automatic),496.5,24099,No
9453-PATOS,Female,0,72,Two year,Debit Card,851,61554,No
0564-JJHGS,Male,0,9,Month-to-month,UPI,955,8291,Yes
3348-CFRNX,Female,0,28,Month-to-month,Debit Card,923.5,26029,Yes
4402-FTBXC,Male,0,54,Month-to-month,Debit Card,898,46670,No
1428-GTBJJ,Male,0,11,Month-to-month,UPI,745.5,8247.5,Yes
2931-XIQBR,Female,0,50,One year,Debit Card,1030.5,51535,No
0106-UGRDO,Female,0,69,Two year,UPI,1160,81828.5,No
5542-TBBWB,Male,0,1,Month-to-month,UPI,699,699,No
1930-QPBVZ,Male,0,68,Two year,UPI,951,66834,No
2606-PKWJB,Male,0,40,One year,Debit Card,402.5,15640.5,No
5322-ZSMZY,Male,0,31,Two year,Debit Card,257.5,7556,No
8059-UDZFY,Female,1,33,Month-to-month,UPI,1053.5,34650.5,No
7740-BTPUX,Male,1,55,Two year,UPI,1136,62927,No
5220-AGAAX,Male,0,68,Two year,UPI,240,16643,No
0208-BPQEJ,Female,0,12,Month-to-month,UPI,194,1981,No
9435-JMLSX,Male,0,71,Two year,UPI,861,60459,No
3352-ALMCK,Male,0,40,Month-to-month,Debit Card,1026.5,41081.5,No
5312-IRCFR,Female,0,64,One year,UPI,928.5,59807.5,No
5294-IMHHT,Male,0,53,One year,UPI,977.5,50432,No
8802-UNOJF,Male,1,12,Month-to-month,Debit Card,838,10297.5,Yes
6313-GIDIT,Male,1,53,Month-to-month,UPI,544.5,28545.5,Yes
6176-YJWAS,Male,0,72,Two year,Credit card (automatic),979.5,71142.5,No
5310-NOOVA,Male,0,46,Two year,UPI,199.5,9070.5,No
4526-EXKKN,Male,0,40,Two year,Debit Card,246,9739.5,No
5311-IHLEI,Male,0,12,Month-to-month,UPI,509.5,6057.5,No
3987-KQDDU,Male,0,9,Month-to-month,UPI,756,6615.5,No
3404-JNXAX,Female,0,51,Month-to-month,UPI,807.5,41169,No
5131-PONJI,Male,0,49,Month-to-month,Credit card (automatic),904,44946.5,No
2845-AFFTX,Male,1,41,Month-to-month,UPI,998,42593,Yes
3489-VSFRD,Female,0,56,One year,Credit card (automatic),602.5,32827.5,No
3345-JHUEO,Male,0,4,Month-to-month,UPI,202,557,No
5815-HGGHV,Male,0,20,One year,Debit Card,641.5,12744.5,No
5260-UMPWX,Female,0,26,Month-to-month,Credit card (automatic),202.5,4939.5,No
2249-YPRNG,Female,0,20,Month-to-month,UPI,1058.5,22396.5,Yes
7410-YTJIK,Female,0,7,Month-to-month,Debit Card,754.5,4807.5,Yes
4626-GYCZP,Male,0,7,Month-to-month,UPI,938.5,6356,Yes
5649-RXQTV,Male,0,51,Month-to-month,UPI,990,50381.5,No
2674-MIAHT,Female,0,4,Month-to-month,Debit Card,803,3242,No
2576-HXMPA,Female,0,1,Month-to-month,Credit card (automatic),195.5,195.5,No
7587-AOVVU,Male,0,27,Month-to-month,UPI,1007.5,27935.5,No
5590-BYNII,Male,0,22,Month-to-month,UPI,1007.5,20950,Yes
6898-MDLZW,Male,0,12,Month-to-month,Debit Card,537.5,6486.5,No
3237-AJGEH,Female,0,3,Month-to-month,Debit Card,310,950.5,Yes
4707-YNOQA,Female,0,34,One year,Credit card (automatic),256,9171.5,No
9357-UJRUN,Male,0,24,One year,UPI,583.5,13469,No
1591-NFNLQ,Male,0,51,Month-to-month,Credit card (automatic),800,42423.5,Yes
8648-PFRMP,Female,1,14,Month-to-month,UPI,463.5,6727,No
7663-CUXZB,Male,0,59,Two year,UPI,1137.5,65612.5,No
0258-NOKBL,Male,0,3,Month-to-month,UPI,904,2684.5,No
1163-VIPRI,Female,0,65,Two year,UPI,1093,73375.5,No
2815-CPTUL,Male,1,5,Month-to-month,Debit Card,702.5,3319,Yes
9348-ROUAI,Female,0,59,Two year,Credit card (automatic),903,51940.5,No
9443-JUBUO,Male,0,72,Two year,Credit card (automatic),652.5,44788.5,No
0596-BQCEQ,Female,0,62,Month-to-month,UPI,1001.5,62833,Yes
1481-ZUWZA,Male,0,28,Month-to-month,Credit card (automatic),945,26594,Yes
3043-TYBNO,Male,0,3,Month-to-month,Debit Card,606.5,1969,No
4830-FAXFM,Male,0,19,Month-to-month,Credit card (automatic),241,4392,No
5906-BFOZT,Male,0,1,Month-to-month,Debit Card,195,195,No
2960-NKRSO,Male,0,24,Month-to-month,UPI,859.5,21071.5,No
8996-ZROXE,Male,1,57,One year,UPI,535,30358,No
5598-IKHQQ,Female,0,72,Two year,Credit card (automatic),254.5,18664.5,No
0397-ZXWQF,Male,0,67,Two year,UPI,205,14309.5,No
5266-PFRQK,Male,0,52,One year,Credit card (automatic),208.5,10716,No
4674-HGNUA,Male,0,71,Two year,Credit card (automatic),899,64571.5,No
6765-MBQNU,Female,0,26,One year,Debit Card,260,6840.5,No
9786-IJYDL,Female,0,35,Two year,Debit Card,1132,39140.5,No
1303-SRDOK,Female,0,55,Two year,Credit card (automatic),690.5,38426,No
3769-MHZNV,Female,0,33,Two year,Debit Card,201,6703.5,No
6295-OSINB,Male,0,72,Two year,UPI,1096.5,78802.5,No
3308-MHOOC,Male,0,1,Month-to-month,Debit Card,192,192,No
2309-OSFEU,Male,0,10,Month-to-month,Debit Card,339,2984.5,Yes
2207-QPJED,Female,1,37,Month-to-month,UPI,900,33717.5,No
4177-JPDFU,Male,0,12,Month-to-month,Debit Card,340,4424.5,No
2239-CFOUJ,Male,0,1,One year,Debit Card,204,204,No
8046-DNVTL,Male,0,62,Two year,Credit card (automatic),386,23455.5,No
2209-XADXF,Female,0,1,Month-to-month,UPI,252.5,252.5,No
6620-JDYNW,Female,0,18,Month-to-month,Debit Card,606,11563.5,No
1891-FZYSA,Male,1,69,Month-to-month,UPI,899.5,61431.5,Yes
4770-UEZOX,Male,0,2,Month-to-month,UPI,747.5,1448,No
1038-RQOST,Male,0,19,Month-to-month,Debit Card,206,4149.5,No
7613-LLQFO,Male,0,12,Month-to-month,UPI,844.5,10595.5,Yes
4568-TTZRT,Male,0,9,Month-to-month,Debit Card,204,1818,No
9513-DXHDA,Male,0,27,One year,UPI,817,22125.5,No
2640-PMGFL,Male,0,27,Month-to-month,UPI,795,21805.5,Yes
3801-HMYNL,Male,0,1,Month-to-month,Debit Card,891.5,891.5,Yes
0516-QREYC,Female,1,24,Month-to-month,Debit Card,203,4599.5,No
9685-WKZGT,Male,1,14,Month-to-month,UPI,749.5,10367.5,Yes
6022-UGGSO,Female,1,32,Month-to-month,UPI,744,22769.5,Yes
8084-OIVBS,Female,0,11,One year,Debit Card,200,2119.5,No
8896-BQTTI,Male,0,1,Month-to-month,Debit Card,250,250,No
3865-QBWSJ,Male,1,38,Month-to-month,Debit Card,804.5,31626.5,No
3352-RICWQ,Female,0,9,Two year,Debit Card,197.5,2106.5,No
2160-GPFXD,Male,0,54,Two year,Credit card (automatic),656.5,35667,No
2065-MMKGR,Female,0,29,One year,Credit card (automatic),710,20801,No
5857-TYBCJ,Male,1,44,Month-to-month,UPI,892,40402,No
1498-NHTLT,Male,0,59,Two year,UPI,867.5,51860,No
4484-CGXFK,Female,0,3,Month-to-month,UPI,553,1961.5,Yes
1402-PTHGN,Female,0,18,One year,Debit Card,615,10874.5,No
4176-RELJR,Male,1,67,Two year,Credit card (automatic),251,16721.5,No
6214-EDAKZ,Female,0,22,Month-to-month,UPI,551.5,12060.5,Yes
5199-FPUSP,Male,0,33,One year,Credit card (automatic),340.5,11139.5,No
6377-KSLXC,Male,0,5,Month-to-month,Debit Card,199.5,1070.5,No
1796-JANOW,Female,0,2,Month-to-month,Debit Card,199.5,381.5,No
0238-WHBIQ,Male,0,72,Two year,Credit card (automatic),897,63393,No
8735-NBLWT,Male,0,9,Month-to-month,Debit Card,204,1841,No
6651-RLGGM,Male,0,67,Two year,Debit Card,263,16889,No
6127-ISGTU,Female,0,16,Month-to-month,UPI,849.5,13782.5,Yes
1614-JBEBI,Female,0,8,Month-to-month,Debit Card,207,1376,No
8740-XLHDR,Male,0,5,Month-to-month,Debit Card,432.5,2190,Yes
1208-DNHLN,Male,0,23,One year,Credit card (automatic),483.5,10671.5,Yes
1761-AEZZR,Male,0,1,Month-to-month,UPI,795.5,795.5,Yes
3923-CSIHK,Female,1,50,Month-to-month,UPI,710.5,34448.5,Yes
5696-EXCYS,Male,0,17,Two year,Credit card (automatic),194.5,3690.5,No
5795-KTGUD,Female,0,68,Two year,UPI,1108,75536,No
7120-RFMVS,Male,0,1,Month-to-month,UPI,845,845,Yes
7924-GJZFI,Female,1,25,Month-to-month,UPI,693,18131,No
4702-HDRKD,Male,0,67,One year,UPI,493.5,33213.5,No
8512-WIWYV,Male,0,32,One year,Credit card (automatic),203.5,7075,No
5897-ZYEKH,Female,1,67,One year,UPI,1056,71121.5,No
5456-ITGIC,Male,1,72,Two year,Credit card (automatic),644.5,46411,No
7317-GGVPB,Male,0,71,Two year,Credit card (automatic),1086,76909,Yes
1406-PUQVY,Male,0,1,Month-to-month,UPI,499,499,No
1322-AGOQM,Male,0,46,Month-to-month,UPI,303,13801,Yes
3677-IYRBF,Female,1,2,Month-to-month,UPI,304,786.5,Yes
5692-FPTAH,Female,0,1,Month-to-month,Debit Card,454,454,Yes
9114-AAFQH,Female,0,48,One year,UPI,656.5,30946.5,No
8715-KKTFG,Female,0,61,One year,UPI,1033,65183.5,No
1550-LOAHA,Female,0,32,Month-to-month,UPI,841.5,25859.5,Yes
1728-BQDMA,Female,0,2,Month-to-month,UPI,444.5,827,No
0268-QKIWO,Female,0,3,Month-to-month,UPI,197.5,588.5,Yes
0876-WDUUZ,Female,0,5,Month-to-month,Credit card (automatic),854,4259,Yes
5117-ZSMHQ,Female,0,71,Two year,UPI,899,63427,No
5151-HQRDG,Male,0,37,Month-to-month,Debit Card,550.5,20307.5,No
0960-HUWBM,Male,0,65,Two year,UPI,1041,67000.5,No
6465-GSRCL,Female,0,67,One year,UPI,1066,72447,No
0617-FHSGK,Male,0,49,Month-to-month,Credit card (automatic),752,36783,Yes
0263-FJTQO,Male,0,50,Two year,Credit card (automatic),705,34866.5,No
7319-ZNRTR,Male,0,25,One year,UPI,196,4111.5,No
2858-MOFSQ,Female,0,17,One year,Debit Card,558.5,9375,Yes
7503-EPSZW,Female,0,64,Two year,Debit Card,240.5,15591.5,No
7089-XXAYG,Male,0,25,One year,Credit card (automatic),381,9704,No
8118-LSUEL,Male,1,23,Month-to-month,UPI,1064,24835,Yes
8070-AAWZP,Male,1,24,Month-to-month,Debit Card,342.5,8282,No
1666-JXLKU,Female,0,37,Month-to-month,UPI,1000.5,38105.5,No
7855-DIWPO,Female,0,21,Month-to-month,UPI,686.5,14932,No
5133-POWUA,Male,0,1,Month-to-month,Debit Card,458,458,No
5652-MSDEY,Female,0,10,Month-to-month,Debit Card,757.5,7773,No
7005-CCBKV,Male,0,6,Month-to-month,UPI,844,5563.5,Yes
1810-BOHSY,Male,0,51,One year,Credit card (automatic),964,49110.5,No
1784-BXEFA,Female,0,10,Month-to-month,Debit Card,205.5,1873.5,No
7351-MHQVU,Female,0,6,Month-to-month,Credit card (automatic),509.5,3076,No
9224-VTYID,Male,0,47,Two year,Debit Card,905,43183.5,No
9500-IWPXQ,Female,0,61,One year,UPI,794,48205.5,No
5762-TJXGK,Female,0,52,Two year,UPI,587.5,30385.5,No
4504-YOULA,Female,0,35,Month-to-month,Credit card (automatic),594.5,21369,No
5569-IDSEY,Male,0,71,One year,UPI,1057,74721.5,No
4250-FDVOU,Female,0,6,Month-to-month,UPI,562.5,3891,Yes
7284-ZZLOH,Male,0,45,Two year,Credit card (automatic),533,22962.5,No
5277-ZLOOR,Female,1,2,Month-to-month,UPI,855.5,1874.5,Yes
2141-RRYGO,Female,0,4,Month-to-month,UPI,686.5,2612.5,Yes
1777-JYQPJ,Male,0,2,Month-to-month,Debit Card,243,384.5,No
6376-GAHQE,Male,0,4,Month-to-month,UPI,778.5,2992,Yes
3401-URHDA,Male,0,51,One year,Credit card (automatic),599,30436,No
1599-EAHXY,Male,0,60,One year,Credit card (automatic),239.5,15064,No
8631-XVRZL,Male,0,9,One year,Debit Card,201.5,1637,No
5052-PNLOS,Male,0,3,Month-to-month,UPI,1053.5,3232.5,Yes
3853-LYGAM,Male,0,17,Month-to-month,UPI,956.5,16400,No
6979-ZNSFF,Female,0,8,Month-to-month,UPI,870.5,7621,Yes
5751-USDBL,Male,0,46,Two year,Debit Card,810,38463.5,No
5680-LQOGP,Female,0,68,Two year,Credit card (automatic),824.5,56466,No
2386-LAHRK,Male,0,1,Month-to-month,Debit Card,535,535,Yes
8189-DUKMV,Female,0,4,One year,UPI,205,790.5,No
6032-IGALN,Female,0,1,Month-to-month,Debit Card,251,251,Yes
9931-DCEZH,Male,0,28,One year,Credit card (automatic),544,15166,No
1898-JSNDC,Female,0,39,One year,Credit card (automatic),586,22245,No
0315-LVCRK,Male,0,11,Month-to-month,UPI,848,8887.5,No
3911-RSNHI,Female,0,71,Two year,Credit card (automatic),614,43103.5,No
2410-CIYFZ,Male,0,2,Month-to-month,Debit Card,204,429,No
4248-HCETZ,Male,1,30,Month-to-month,Debit Card,796.5,23651.5,Yes
5505-OVWQW,Female,0,17,One year,Debit Card,201.5,3536.5,No
7271-AJDTL,Female,0,55,Month-to-month,Credit card (automatic),944.5,50731,No
1867-TJHTS,Female,0,58,Month-to-month,UPI,798,45268.5,No
0516-WJVXC,Female,0,5,Month-to-month,UPI,542,3082.5,Yes
9174-FKWZE,Female,1,1,Month-to-month,UPI,194.5,194.5,Yes
6860-YRJZP,Male,1,9,Month-to-month,UPI,740.5,6784.5,No
4429-WYGFR,Male,0,26,Month-to-month,UPI,491.5,12373,No
2817-LVCPP,Female,0,50,Two year,Credit card (automatic),194,10239.5,No
5038-ETMLM,Female,0,72,Two year,UPI,1136.5,81827.5,No
5056-FIMPT,Female,0,43,One year,Credit card (automatic),1060,45323,No
4521-WFJAI,Male,0,56,Two year,UPI,259.5,14440.5,No
6569-KTMDU,Female,0,1,Month-to-month,Debit Card,191,191,No
8809-RIHDD,Male,0,72,Two year,UPI,1034,73726.5,Yes
8809-XKHMD,Male,0,72,Two year,UPI,1005.5,73251,No
0396-YCHWO,Male,0,36,Month-to-month,UPI,954,34742,No
0867-LDTTC,Male,0,5,Month-to-month,UPI,751.5,3926.5,No
4822-NGOCH,Female,0,13,Month-to-month,UPI,844.5,10586,Yes
9391-DXGGG,Female,1,44,One year,Credit card (automatic),891.5,39907.5,No
9844-FELAJ,Female,1,70,One year,UPI,1079,74758.5,No
2122-SZZZD,Male,0,44,One year,Credit card (automatic),195,8355,No
5307-DZCVC,Female,1,32,Month-to-month,Credit card (automatic),859.5,26286,Yes
3148-AOIQT,Female,0,69,Two year,Credit card (automatic),249.5,17183.5,No
8679-JOEVF,Female,1,16,Month-to-month,UPI,594,10239,Yes
8395-ETZKQ,Male,1,68,One year,UPI,195,11935.5,No
6692-YQHXC,Male,0,16,Month-to-month,Credit card (automatic),699.5,12055,No
3889-VWBID,Male,0,68,Two year,UPI,828.5,57764.5,No
5222-JCXZT,Male,0,4,Month-to-month,Debit Card,190,789,No
9754-CLVZW,Female,0,26,Month-to-month,Credit card (automatic),388.5,10251.5,No
1432-FPAXX,Female,0,29,Month-to-month,UPI,306,8563.5,Yes
2739-CCZMB,Male,0,5,Month-to-month,Credit card (automatic),203.5,1220,No
7080-TNUWP,Male,0,70,One year,UPI,950,66029,No
0496-AHOOK,Male,0,24,One year,UPI,744,17129,No
8336-TAVKX,Female,1,72,Two year,UPI,784.5,56822.5,No
2468-SJFLM,Male,0,1,Month-to-month,Debit Card,743,743,No
3181-VTHOE,Male,0,70,One year,UPI,510.5,36351.5,No
7168-HDQHG,Female,0,36,Month-to-month,UPI,192,7029,No
4803-AXVYP,Female,1,38,Month-to-month,UPI,995.5,37342.5,Yes
3884-HCSWG,Female,0,17,Month-to-month,UPI,700,11445,Yes
4567-AKPIA,Female,0,41,One year,UPI,1091,44542.5,No
5077-DXTCG,Female,0,1,Month-to-month,UPI,453,453,Yes
1142-WACZW,Male,0,2,Month-to-month,UPI,298.5,756,Yes
7901-HXJVA,Male,0,14,Month-to-month,UPI,764.5,11175.5,No
5649-ANRML,Male,1,2,Month-to-month,Credit card (automatic),951,1802.5,Yes
4892-VLANZ,Male,0,1,Month-to-month,Debit Card,198,198,Yes
5924-IFQTT,Male,0,13,Month-to-month,UPI,728,9300.5,No
7968-QUXNS,Male,0,6,Month-to-month,Debit Card,189.5,1101.5,No
2919-HBCJO,Female,0,4,Month-to-month,UPI,766.5,3336,Yes
4236-XPXAV,Female,0,5,Month-to-month,Debit Card,991.5,4650.5,Yes
8903-WMRNW,Female,0,15,Month-to-month,UPI,1017.5,16694,No
2452-SNHFZ,Female,0,47,Month-to-month,Credit card (automatic),754.5,35451,No
3629-WEAAM,Female,0,8,Month-to-month,Debit Card,641,5040.5,No
6029-CSMJE,Male,0,17,Month-to-month,Debit Card,256.5,4402,No
7993-NQLJE,Male,0,15,Month-to-month,Debit Card,751,11515.5,No
9909-DFRJA,Female,0,26,One year,UPI,958.5,24753.5,No
9099-FTUHS,Female,0,23,Month-to-month,UPI,544,12492.5,No
0581-BXBUB,Female,1,4,Month-to-month,UPI,727.5,3177.5,No
4962-CHQPW,Male,0,29,One year,Debit Card,198.5,5350.5,No
9467-ROOLM,Female,0,25,Month-to-month,Debit Card,190.5,4613,No
3030-YZADT,Male,0,9,Month-to-month,Debit Card,449.5,4310,Yes
7410-KTVFV,Male,0,18,Month-to-month,Debit Card,495.5,8783.5,Yes
5150-ITWWB,Male,1,3,Month-to-month,UPI,948.5,3357.5,No
2253-KPMNB,Female,0,69,Two year,UPI,462.5,31214,No
1345-ZUKID,Male,0,14,One year,Debit Card,193.5,3248,No
6429-SHBCB,Male,0,19,Month-to-month,Debit Card,696,13945.5,No
9281-OFDMF,Male,1,39,Month-to-month,UPI,907,34132.5,No
2603-HVKCG,Male,0,31,Month-to-month,UPI,1014,31436.5,No
1834-WULEG,Male,0,24,One year,Debit Card,202.5,4397.5,No
9097-ZUBYC,Male,0,14,Month-to-month,UPI,488,6644,No
5148-ORICT,Female,0,64,Two year,Debit Card,743.5,47595.5,No
4893-GYUJU,Female,0,50,One year,Debit Card,193.5,10330,No
4578-PHJYZ,Male,0,52,One year,UPI,687.5,34828.5,No
7272-QDCKA,Male,0,28,One year,UPI,1002,26884.5,No
8908-SLFCJ,Female,0,21,Two year,Credit card (automatic),208.5,4352.5,No
8393-DLHGA,Male,0,25,Month-to-month,UPI,959,24487.5,Yes
9766-HGEDE,Female,0,17,One year,Debit Card,193.5,3070,No
6968-MHOMU,Male,0,58,One year,Credit card (automatic),450,26893.5,No
7395-IGJOS,Male,1,17,Month-to-month,UPI,815,13292,Yes
5044-XDPYX,Female,0,51,Two year,Debit Card,255,12812.5,No
1814-WFGVS,Male,0,72,Two year,Debit Card,489,35270,No
2834-SPCJV,Male,0,52,Month-to-month,UPI,841,43486.5,Yes
3721-WKIIL,Female,0,27,Two year,Debit Card,196,5611.5,No
6734-CKRSM,Female,0,3,Month-to-month,Debit Card,200,636,No
1265-ZFOSD,Female,0,64,Two year,Debit Card,813,51293,No
6568-POCUI,Female,0,45,Two year,Credit card (automatic),952,42858,No
7890-VYYWG,Male,1,3,Month-to-month,Debit Card,364.5,937,Yes
5197-LQXXH,Female,0,71,Two year,Credit card (automatic),833,58945,No
9907-SWKKF,Female,1,1,Month-to-month,Debit Card,250.5,250.5,Yes
3457-PQBYH,Female,0,58,Two year,Credit card (automatic),203,11607.5,No
7682-AZNDK,Male,0,34,Month-to-month,UPI,898.5,30917.5,No
0587-DMGBH,Female,0,8,Month-to-month,UPI,498.5,3655.5,Yes
5384-ZTTWP,Female,0,15,Month-to-month,Debit Card,198,2729.5,No
3745-HRPHI,Male,0,66,Two year,UPI,546.5,36320,No
7636-OWBPG,Male,1,12,Month-to-month,Credit card (automatic),293.5,3812,No
1231-YNDEK,Male,0,58,Two year,UPI,191.5,10355,No
1407-DIGZV,Female,0,3,Two year,Debit Card,191,520,No
6397-JNZZG,Female,1,43,Month-to-month,Credit card (automatic),555.5,23422,Yes
0570-BFQHT,Female,0,9,Month-to-month,UPI,805.5,6539,No
4393-OBCRR,Female,0,3,One year,Debit Card,202.5,712,No
3523-QRQLL,Female,0,22,One year,UPI,695,14982,Yes
8564-LDKFL,Male,0,40,One year,UPI,1060,41786.5,No
3696-DFHHB,Female,0,68,Two year,UPI,255,18218,No
0895-DQHEW,Male,0,54,Month-to-month,UPI,1043,52781.5,Yes
4717-GHADL,Female,0,50,Two year,Debit Card,796,40242,No
5501-TVMGM,Male,0,1,Month-to-month,UPI,552.5,552.5,No
5879-HMFFH,Female,0,72,Two year,UPI,880.5,65208,No
6772-WFQRD,Male,0,40,One year,UPI,204,8549,No
3810-DVDQQ,Female,0,72,Two year,UPI,1176,83089,No
6972-SNKKW,Female,0,6,Month-to-month,Debit Card,200,1092,No
3694-GLTJM,Female,0,5,Month-to-month,Credit card (automatic),196.5,920.5,No
8550-XSXUQ,Male,0,48,One year,Credit card (automatic),705.5,34205,No
8149-RSOUN,Female,0,1,Month-to-month,UPI,938.5,938.5,Yes
9055-MOJJJ,Female,0,64,One year,Debit Card,658,40680,No
4359-INNWN,Female,0,17,One year,Credit card (automatic),200.5,3379,No
0585-EGDDA,Male,0,40,Month-to-month,UPI,800,31687.5,No
4032-RMHCI,Female,0,41,One year,Credit card (automatic),354,14124,No
0549-CYCQN,Male,1,51,One year,UPI,796,39747,No
3481-JHUZH,Male,0,41,Month-to-month,UPI,802.5,34390,No
7250-EQKIY,Female,0,1,Month-to-month,Debit Card,504.5,504.5,Yes
3594-IVHJZ,Female,0,2,Month-to-month,Debit Card,204.5,424.5,No
6869-FGJJC,Male,0,68,One year,Credit card (automatic),796,54614.5,No
3896-ZVNET,Female,0,24,Two year,Debit Card,247,5717.5,No
8205-VSLRB,Male,0,70,Two year,Credit card (automatic),773,54982,No
5960-MVTUK,Male,0,3,Month-to-month,UPI,297.5,968.5,No
6817-WTYHE,Male,0,2,Month-to-month,UPI,449,1110.5,No
3082-VQXNH,Male,0,3,Month-to-month,Credit card (automatic),298,944,No
4013-UBXWQ,Female,0,7,Month-to-month,UPI,746.5,5211,Yes
4931-TRZWN,Female,0,13,Month-to-month,UPI,719.5,9238.5,No
0750-EKNGL,Male,0,7,Month-to-month,Debit Card,207.5,1411,No
7669-LCRSD,Male,0,12,Month-to-month,Debit Card,563,6286.5,No
3567-PQTSO,Male,0,53,One year,UPI,1052.5,55763,No
5519-NPHVG,Female,0,12,Month-to-month,UPI,942,10461,Yes
8043-PNYSD,Male,0,63,Two year,Debit Card,195.5,12456,No
9938-EKRGF,Female,0,15,Month-to-month,Debit Card,844.5,12878.5,No
2703-AMTUL,Male,0,36,One year,Debit Card,536.5,19393.5,No
0928-JMXNP,Male,1,4,Month-to-month,UPI,299,1182.5,No
8173-RXAYP,Female,0,24,Two year,Debit Card,197,4525.5,No
4825-XJGDM,Female,0,61,One year,Credit card (automatic),437,26965.5,No
5402-HTOTQ,Male,0,16,Month-to-month,UPI,553,8753.5,No
6734-JDTTV,Male,0,65,Two year,Credit card (automatic),198.5,12670.5,No
7850-THJMU,Female,0,26,Two year,Credit card (automatic),196.5,4949,No
3890-RTCMS,Male,0,16,Month-to-month,Debit Card,494.5,7990,No
8849-GYOKR,Female,0,54,One year,UPI,1065.5,57633,Yes
3148-BLQJT,Male,0,1,Month-to-month,Debit Card,201,201,Yes
3717-FDJFU,Male,0,5,Two year,Debit Card,204.5,1069,No
3665-JATSN,Female,0,19,Month-to-month,UPI,397,7100.5,No
7966-YOTQW,Male,0,10,Month-to-month,Credit card (automatic),545,5682,No
0461-CVKMU,Female,0,23,Month-to-month,UPI,838,19002.5,Yes
8806-EAGWC,Male,0,3,Month-to-month,Debit Card,551.5,1591.5,Yes
8853-TZDGH,Female,0,72,Two year,UPI,1116,80127.5,No
7779-LGOVN,Male,1,10,Month-to-month,UPI,866.5,8566.5,Yes
4324-BZCKL,Female,0,10,Month-to-month,Debit Card,555.5,5513,No
6924-TDGMT,Male,0,11,One year,Debit Card,205.5,1849.5,No
9710-ZUSHQ,Female,1,37,Month-to-month,UPI,1067.5,40567.5,Yes
1536-YHDOE,Male,0,17,One year,Debit Card,621,10966.5,No
8123-QBNAZ,Female,0,36,Month-to-month,Credit card (automatic),1045,36849.5,No
3629-ZNKXA,Male,1,17,Month-to-month,UPI,1018,17524.5,No
4827-LTQRJ,Female,1,66,One year,Credit card (automatic),1106,72108.5,No
7711-YIJWC,Male,0,61,One year,UPI,849,52645,No
5482-VXSXJ,Male,0,22,Month-to-month,Debit Card,932,21573,No
7365-BVCJH,Male,0,1,Month-to-month,UPI,244,244,No
9620-ENEJV,Female,0,6,Month-to-month,Credit card (automatic),705.5,4339.5,No
4183-WCSEP,Male,0,31,Month-to-month,UPI,784.5,24351.5,Yes
2378-YIZKA,Female,0,68,Two year,Credit card (automatic),850,56077.5,No
5498-TXHLF,Female,0,34,Month-to-month,UPI,874.5,28741.5,Yes
0689-DSXGL,Female,0,52,Month-to-month,UPI,858,44333,No
6818-DJXAA,Female,0,10,Month-to-month,UPI,911,9643.5,No
9722-UJOJR,Male,0,29,Month-to-month,UPI,707.5,19748,Yes
0464-WJTKO,Female,0,72,Two year,UPI,201,14608.5,No
8902-ZEOVF,Male,0,47,One year,Debit Card,200.5,9515.5,No
6778-EICRF,Male,0,24,One year,Debit Card,748,18212,No
2662-NNTDK,Male,0,65,One year,Credit card (automatic),248,16009.5,No
4132-KALRO,Female,0,4,Month-to-month,Debit Card,1008.5,3992.5,No
3902-FOIGH,Male,1,12,Month-to-month,UPI,1013.5,12185.5,Yes
6772-KSATR,Male,0,1,Month-to-month,UPI,817,817,Yes
7112-OPOTK,Male,0,33,Month-to-month,UPI,682.5,21711.5,Yes
2874-YXVVA,Female,0,34,Month-to-month,UPI,1051,36348,No
1245-HARPS,Female,0,14,Two year,Debit Card,204,2924,No
4210-QFJMF,Female,0,4,Month-to-month,UPI,791.5,3172.5,Yes
4323-ELYYB,Male,0,13,One year,Debit Card,200,2185.5,No
4293-ETKAP,Female,0,65,Two year,UPI,794,50719,No
6064-PUPMC,Male,0,23,One year,Credit card (automatic),572,14233.5,No
6504-VBLFL,Male,0,55,Two year,UPI,586,30686,No
6322-PJJDJ,Male,0,49,Two year,UPI,948,46906.5,No
0330-BGYZE,Male,0,60,One year,UPI,1025,61576,No
1085-LDWAM,Female,0,69,One year,Credit card (automatic),203.5,14426.5,No
7586-ZATGZ,Male,0,40,Month-to-month,UPI,849,33690.5,No
7197-VOJMM,Male,0,67,Two year,Credit card (automatic),692,46716.5,No
3318-OSATS,Male,1,35,Month-to-month,UPI,954.5,34740.5,Yes
5828-AVIPD,Male,0,19,One year,UPI,1009.5,18755.5,Yes
1843-TLSGD,Female,0,13,Two year,Debit Card,208.5,2723.5,No
9626-VFRGG,Female,0,41,Month-to-month,UPI,885,36450.5,No
7075-BNDVQ,Female,0,4,Month-to-month,Debit Card,350,1357.5,No
9143-CANJF,Female,0,24,Month-to-month,UPI,551.5,13198.5,No
7284-BUYEC,Female,0,5,Month-to-month,Credit card (automatic),509.5,2294,No
2041-JIJCI,Female,0,5,Month-to-month,UPI,640,3702.5,No
1086-LXKFY,Female,0,1,Month-to-month,Debit Card,691,691,Yes
4900-MSOMT,Female,0,72,Two year,UPI,802,57142,No
2229-VWQJH,Female,0,24,Month-to-month,Credit card (automatic),493,12332.5,No
9194-GFVOI,Female,0,42,Two year,Credit card (automatic),843.5,35716,No
1336-EZFZY,Female,0,4,Month-to-month,Debit Card,200.5,833,No
4282-MSACW,Male,0,68,One year,Credit card (automatic),1172,80359.5,No
1403-LKLIK,Female,0,33,One year,Debit Card,201,5794,No
2636-ALXXZ,Female,1,1,Month-to-month,UPI,696,696,Yes
7774-OJSXI,Male,0,31,One year,UPI,1034.5,30664.5,Yes
7786-WBJYI,Female,0,4,Month-to-month,UPI,779.5,3055.5,Yes
0136-IFMYD,Male,1,69,Two year,UPI,1099.5,76342.5,No
5144-TVGLP,Male,1,38,Month-to-month,UPI,947.5,36530,No
9643-AVVWI,Female,0,3,Month-to-month,UPI,800,2413,No
0253-ZTEOB,Female,0,48,Two year,UPI,796.5,38703,No
2706-QZIHY,Female,0,15,Two year,Debit Card,252,3879,No
6061-PQHMK,Female,0,25,One year,Credit card (automatic),199,5275,No
9885-CSMWE,Female,1,1,Month-to-month,UPI,784.5,784.5,Yes
6137-MFAJN,Female,0,48,Month-to-month,UPI,448,21045.5,No
9122-UMROB,Male,0,1,Month-to-month,Debit Card,203,203,No
4232-JGKIY,Male,0,1,Month-to-month,UPI,192,192,No
2402-TAIRZ,Female,0,37,One year,UPI,800.5,30191,No
9659-ZTWSM,Male,1,66,One year,UPI,1073.5,70519.5,No
9139-TWBAS,Female,0,26,One year,UPI,478.5,11905,No
6685-GBWJZ,Male,0,63,One year,Credit card (automatic),708,44488,No
5016-ETTFF,Male,0,10,Month-to-month,Debit Card,295,2552.5,Yes
3866-MDTUB,Female,0,2,Month-to-month,UPI,707.5,1469,Yes
2195-VVRJF,Male,1,18,Month-to-month,Credit card (automatic),591,10110.5,No
3913-RDSJZ,Female,0,64,Two year,Debit Card,255.5,17149.5,No
8058-JMEQO,Female,1,9,Month-to-month,UPI,844.5,7625,Yes
4203-QGNZA,Female,0,28,Month-to-month,Debit Card,202.5,5353.5,No
5043-TRZWM,Female,0,1,Month-to-month,UPI,755.5,755.5,No
0697-ZMSWS,Male,0,4,Month-to-month,UPI,856.5,3389,Yes
7657-DYEPJ,Male,1,38,One year,Credit card (automatic),701.5,24973.5,Yes
9494-BDNNC,Male,0,66,One year,UPI,953,62734,No
1640-PLFMP,Female,0,1,Month-to-month,UPI,702.5,702.5,No
5366-OBVMR,Female,0,18,Month-to-month,Debit Card,503,9087.5,No
8276-MQBYC,Male,1,51,Month-to-month,UPI,978,49133,Yes
7644-OMVMY,Male,0,1,Two year,Debit Card,198.5,0,No
7593-XFKDI,Male,0,1,Month-to-month,Debit Card,463,463,Yes
4573-JKNAE,Male,0,12,Two year,UPI,193.5,2123,No
0337-CNPZE,Female,0,41,Month-to-month,UPI,1063,44434.5,Yes
9817-APLHW,Male,0,12,Month-to-month,UPI,250,3162,No
8380-MQINP,Female,0,55,Two year,Debit Card,203,10790.5,No
0840-DFEZH,Female,0,7,Month-to-month,UPI,753.5,5646.5,No
1513-XNPPH,Female,0,12,Month-to-month,UPI,894,10956.5,Yes
8690-ZVLCL,Female,0,68,Two year,Credit card (automatic),880,61619,No
6015-VVHHE,Female,1,5,Month-to-month,Credit card (automatic),831.5,4460.5,Yes
1125-SNVCK,Female,1,49,Month-to-month,Debit Card,438,21060.5,No
0384-LPITE,Male,0,40,One year,Credit card (automatic),620.5,25115.5,No
4616-EWBNJ,Female,0,16,One year,UPI,201,3186,No
6347-DCUIK,Male,0,10,Month-to-month,Debit Card,741.5,8118,Yes
1335-HQMKX,Female,0,72,One year,UPI,1013.5,73231.5,No
2545-EBUPK,Female,1,2,Month-to-month,UPI,840.5,1860.5,No
6923-AQONU,Male,0,23,Two year,Debit Card,209,4540,No
2172-EJXVF,Female,1,71,One year,UPI,1059,75219.5,No
0897-FEGMU,Female,0,11,Month-to-month,UPI,995,10569.5,Yes
7663-RGWBC,Male,0,1,Month-to-month,Debit Card,441.5,441.5,Yes
1120-BMWUB,Female,0,16,Month-to-month,Debit Card,539,8341.5,Yes
9124-LHCJQ,Female,0,1,Month-to-month,Debit Card,854.5,854.5,Yes
4536-PLEQY,Male,0,12,Month-to-month,Credit card (automatic),850.5,9998,No
7029-IJEJK,Female,0,54,One year,UPI,441,23697,No
8871-JLMHM,Female,0,68,Two year,Credit card (automatic),902,62976.5,No
2235-ZGKPT,Female,0,4,Month-to-month,Debit Card,508.5,2395.5,Yes
3891-PUQOD,Female,0,1,Month-to-month,UPI,592,592,Yes
5447-VYTKW,Male,0,27,Month-to-month,Debit Card,534.5,14614.5,No
3623-FQBOX,Male,0,21,Month-to-month,Debit Card,199.5,4164,No
0689-NKYLF,Male,0,13,Month-to-month,UPI,832,10606,Yes
8659-HDIYE,Female,1,64,Month-to-month,Credit card (automatic),746.5,48693.5,No
3658-KIBGF,Female,0,1,Month-to-month,UPI,549,549,Yes
3474-BAFSJ,Male,0,57,Two year,UPI,575,32659.5,No
5519-YLDGW,Female,0,21,Month-to-month,UPI,1039,22542,Yes
3865-ZFZIB,Male,0,19,Two year,Debit Card,196.5,3581.5,No
1855-AGAWH,Male,0,31,One year,UPI,938,29398,No
7109-CQYUZ,Male,0,52,Two year,Debit Card,892.5,46524,No
1370-GGAWX,Female,0,46,One year,UPI,941.5,44084.5,No
4680-KUTAJ,Female,1,11,Month-to-month,UPI,556,5808,No
5307-UVGNB,Female,0,53,Month-to-month,UPI,487,24952,No
4946-EDSEW,Female,0,11,Month-to-month,Debit Card,192.5,1803,Yes
2883-ILGWO,Male,1,57,Month-to-month,UPI,1049,59139.5,No
2516-VQRRV,Female,1,2,Month-to-month,Debit Card,754.5,1584,Yes
7580-UGXNC,Female,1,2,Month-to-month,Debit Card,548.5,1042,Yes
3642-BYHDO,Female,0,71,Two year,UPI,199,13893.5,No
9629-NHXFW,Female,0,1,Month-to-month,Debit Card,194,194,No
2696-RZVZW,Male,0,68,Two year,Credit card (automatic),250.5,16292,No
5766-FTRTS,Male,0,72,Two year,Debit Card,844.5,60331,No
0396-HUJBP,Female,0,2,Month-to-month,Debit Card,193,444,No
5178-LMXOP,Male,1,1,Month-to-month,UPI,951,951,Yes
8879-ZKJOF,Female,0,41,One year,UPI,798.5,33207.5,No
6285-FTQBF,Male,0,72,Two year,Credit card (automatic),255.5,18677,No
8185-UPYBR,Male,0,6,Month-to-month,UPI,755,4380,Yes
4585-HETAI,Female,0,4,Month-to-month,UPI,737.5,3254.5,Yes
7526-BEZQB,Male,0,12,Month-to-month,UPI,960.5,11481,Yes
1474-JUWSM,Female,0,58,One year,UPI,684,39722.5,No
3530-CRZSB,Female,0,7,Month-to-month,Debit Card,206.5,1559,No
8498-XXGWA,Female,0,65,Month-to-month,Debit Card,551.5,36731.5,No
9617-INGJY,Male,0,1,Month-to-month,Debit Card,706,706,No
0621-TSSMU,Male,0,56,One year,Credit card (automatic),199.5,11267.5,No
7234-KMNRQ,Male,0,4,Month-to-month,Debit Card,190,734.5,No
7636-PEPNS,Female,0,58,One year,Debit Card,441,24130.5,No
4683-WYDOU,Male,0,62,Two year,UPI,1076,69127,No
9052-DHNKM,Male,0,26,One year,UPI,615.5,15819.5,No
6794-HKIAJ,Male,0,62,Month-to-month,UPI,907,55864.5,No
5578-NKCXI,Female,0,58,One year,Credit card (automatic),992.5,58466.5,No
1642-HMARX,Female,0,68,Two year,UPI,917,64247,No
3096-WPXBT,Female,0,61,One year,Credit card (automatic),1007,60186.5,No
8434-PNQZX,Female,0,42,Two year,Credit card (automatic),784.5,33734,No
5950-AAAGJ,Male,0,18,Month-to-month,UPI,843,15379,No
4299-OPXEJ,Female,0,56,Two year,UPI,195.5,10805.5,No
4951-UKAAQ,Female,0,4,Month-to-month,UPI,889.5,3552,Yes
9618-LFJRU,Female,0,4,Month-to-month,Credit card (automatic),204.5,828.5,No
6693-DJWTY,Female,0,35,One year,Credit card (automatic),556,20164.5,No
0744-GKNGE,Female,0,64,Month-to-month,UPI,868,53272.5,No
6447-EGDIV,Female,0,31,One year,Debit Card,209.5,6832.5,No
1167-OYZJF,Female,1,67,Two year,UPI,200.5,12630.5,No
2108-YKQTY,Female,0,4,Month-to-month,Credit card (automatic),507,1513,Yes
4806-DXQCE,Female,1,70,Two year,UPI,1136.5,77146.5,No
4918-QLLIW,Male,0,3,Month-to-month,Credit card (automatic),534,1887,Yes
7056-IMHCC,Male,1,53,Month-to-month,UPI,1019,55494,Yes
4854-SSLTN,Male,0,2,Two year,Debit Card,595,1305,No
5294-DMSFH,Female,0,29,Month-to-month,Credit card (automatic),878,26217.5,No
4837-PZTIC,Female,0,47,Two year,Debit Card,419,18752.5,No
1625-JAIIY,Female,0,68,One year,UPI,830,56858,Yes
0603-OLQDC,Male,0,12,Month-to-month,Debit Card,698.5,8375,No
3272-VUHPV,Female,0,8,Month-to-month,UPI,563,4015,No
4176-FXYBO,Male,0,54,Month-to-month,UPI,1095.5,61189.5,No
1063-DHQJF,Male,0,69,Two year,Debit Card,921.5,64809,No
8663-UPDGF,Female,0,26,Month-to-month,UPI,695,18000.5,No
6719-FGEDO,Female,0,72,Two year,UPI,970,71042,No
1837-YQUCE,Female,0,70,Two year,UPI,583.5,42142.5,No
2947-DOMLJ,Male,0,1,Month-to-month,Debit Card,506,506,Yes
4112-LUEIZ,Male,0,10,Month-to-month,UPI,895,8631,Yes
0369-ZGOVK,Female,0,28,One year,UPI,704,19922,No
4510-HIMLV,Male,0,1,Month-to-month,UPI,698,698,Yes
9919-KNPOO,Female,0,21,Month-to-month,UPI,943,19483.5,No
8749-JMNKX,Male,1,51,Month-to-month,UPI,938,47509.5,Yes
7872-BAAZR,Female,0,53,One year,UPI,195.5,10079,No
9391-LMANN,Male,0,53,One year,UPI,959.5,50369,No
2430-USGXP,Male,0,24,Month-to-month,UPI,1010.5,23918,Yes
8174-TBVCF,Female,0,70,Two year,Credit card (automatic),948,68590.5,No
1698-XFZCI,Male,0,61,One year,UPI,1077.5,65219,No
1877-HKBQX,Female,0,11,One year,Debit Card,546,6178.5,No
4450-DLLMH,Male,0,2,Month-to-month,Credit card (automatic),713,1577.5,No
0428-AXXLJ,Male,0,25,One year,UPI,195,5163,No
2746-DIJLO,Female,0,41,One year,Credit card (automatic),563,23640,No
5955-ERIHD,Male,0,18,Month-to-month,UPI,947,16879.5,Yes
0917-EZOLA,Male,1,72,Two year,UPI,1041.5,76899.5,Yes
3508-VLHCZ,Female,0,71,Two year,Credit card (automatic),905.5,62390.5,No
4086-ATNFV,Female,0,34,One year,Debit Card,608,20420.5,No
0468-YRPXN,Male,0,29,Month-to-month,Credit card (automatic),988,28071,No
5996-NRVXR,Male,1,40,One year,Credit card (automatic),981.5,41168,No
3739-YBWAB,Male,0,36,One year,Debit Card,353.5,13179.5,No
7047-FWEYA,Female,0,46,One year,UPI,1031.5,45946.5,No
2000-MPKCA,Female,0,58,One year,UPI,1077.5,63327.5,No
9762-YAQAA,Male,0,39,One year,Credit card (automatic),814,32137.5,No
5949-EBSQK,Male,0,4,Month-to-month,Credit card (automatic),614.5,2295.5,Yes
5473-KHBPS,Female,0,52,One year,Credit card (automatic),957,49761.5,No
0100-DUVFC,Male,1,70,One year,UPI,1048,73089.5,No
5397-TUPSH,Male,1,65,One year,UPI,709.5,45552,No
8950-MTZNV,Male,0,1,Month-to-month,Debit Card,449.5,449.5,No
0326-VDYXE,Female,0,70,One year,UPI,976.5,69825,No
6773-LQTVT,Female,1,29,Month-to-month,Debit Card,356.5,10251.5,No
7274-RTAPZ,Male,0,1,Month-to-month,UPI,905.5,905.5,Yes
0436-TWFFZ,Female,0,67,Two year,Debit Card,852.5,57142,No
8566-YPRGL,Female,0,1,Month-to-month,Debit Card,195,195,No
0311-UNPFF,Female,0,26,Month-to-month,UPI,888,22743.5,Yes
6609-MXJHJ,Female,0,30,Two year,Debit Card,251,7895.5,No
2669-OIDSD,Female,0,48,Month-to-month,Credit card (automatic),1000.5,48340,No
8400-WZICQ,Female,0,55,Month-to-month,UPI,557,31318,No
3834-XUIFC,Male,0,7,Month-to-month,Debit Card,852,6025.5,Yes
9576-SYUHJ,Male,0,37,Month-to-month,UPI,911.5,33692.5,No
0410-IPFTY,Female,0,31,Month-to-month,UPI,838.5,26741.5,No
2831-EBWRN,Male,0,4,Month-to-month,UPI,459,1997.5,No
9430-NKQLY,Male,0,72,Two year,Credit card (automatic),251,17908,No
8414-MYSHR,Male,1,5,Month-to-month,UPI,914,4497.5,Yes
0247-SLUJI,Male,0,1,Month-to-month,Debit Card,197,197,No
9402-ORRAH,Female,1,15,Month-to-month,UPI,915,14003,No
6483-OATDN,Male,0,8,Month-to-month,Credit card (automatic),513,4116,No
1293-HHSHJ,Female,0,35,One year,Debit Card,211,7410,No
4840-ORQXB,Female,1,56,Month-to-month,UPI,1047.5,58413.5,No
7599-FKVXZ,Male,0,42,Month-to-month,UPI,1061.5,45127,Yes
3982-DQLUS,Male,1,65,Month-to-month,UPI,857.5,56884.5,No
8610-ZIKJJ,Female,0,2,One year,Debit Card,203,319,No
3756-VNWDH,Male,1,65,One year,UPI,1007.5,66746.5,No
7801-KICAO,Female,0,18,Month-to-month,UPI,741.5,13457.5,No
7673-LPRNY,Female,0,23,One year,UPI,785.5,18430.5,No
8229-TNIQA,Female,0,4,Month-to-month,Debit Card,453,1969.5,Yes
6060-QBMGV,Male,0,70,Two year,Credit card (automatic),198.5,14338,No
7339-POGZN,Female,0,4,Month-to-month,UPI,507,2145.5,No
2828-SLQPF,Male,0,19,Month-to-month,UPI,450,8658.5,No
4465-VDKIQ,Female,0,18,Month-to-month,UPI,778,13586,No
2921-XWDJH,Female,1,38,Month-to-month,UPI,834.5,31471.5,No
6221-AVQYL,Male,0,2,Month-to-month,Credit card (automatic),732.5,1310.5,Yes
2558-BUOZZ,Male,0,47,One year,UPI,948,45358.5,No
9257-AZMTZ,Female,0,52,Two year,UPI,201,10787.5,No
0003-MKNFE,Male,0,9,Month-to-month,Debit Card,599,5424,No
0975-UYDTX,Female,0,26,One year,Credit card (automatic),901,23125.5,No
7743-EXURX,Male,0,8,Month-to-month,UPI,510.5,4150.5,Yes
4682-BLBUC,Male,0,44,One year,UPI,709.5,32504.5,No
0975-VOOVL,Female,0,3,Month-to-month,Debit Card,292,985,No
5968-VXZLG,Male,0,2,Month-to-month,UPI,466,879,No
5569-KGJHX,Female,0,9,Month-to-month,UPI,853.5,7546.5,Yes
4988-IQIGL,Male,1,1,Month-to-month,UPI,753.5,753.5,Yes
5201-FRKKS,Male,0,25,Month-to-month,UPI,743,19522.5,No
9799-CAYJJ,Female,1,2,Month-to-month,UPI,693,1538,No
7730-IUTDZ,Male,0,43,Month-to-month,UPI,752,31986,Yes
0426-TIRNE,Female,0,1,Month-to-month,Debit Card,209,209,Yes
5443-SCMKX,Female,0,58,One year,UPI,943,56101.5,No
8295-KMENE,Female,0,59,Two year,Debit Card,764.5,45195,No
6738-ISCBM,Male,0,44,One year,UPI,540,24402.5,No
9821-BESNZ,Male,0,66,One year,UPI,1042.5,68606,No
3678-MNGZX,Male,0,68,Two year,UPI,199.5,13777,No
1335-NTIUC,Male,0,9,Month-to-month,UPI,249.5,1902.5,No
2916-BQZLN,Male,0,19,Month-to-month,UPI,847.5,16519.5,No
4558-CGYCZ,Male,0,4,Month-to-month,Debit Card,197.5,783,No
2368-GAKKQ,Female,0,70,Two year,UPI,1136.5,79392.5,No
8710-YGLWG,Male,0,1,Month-to-month,Debit Card,449,449,No
3199-XGZCY,Female,0,8,Month-to-month,UPI,752.5,5767,No
3785-KTYSH,Male,0,53,Two year,Debit Card,246,12790,No
6814-ZPWFQ,Male,1,51,One year,UPI,250,12607,No
4063-EIKNQ,Male,0,11,Month-to-month,UPI,209.5,2673.5,No
6993-YCOBK,Male,0,60,Two year,UPI,1106,65868.5,No
5206-HPJKM,Male,0,17,Month-to-month,Credit card (automatic),555,9341.5,No
7587-RZNME,Male,0,3,Month-to-month,UPI,433,1236.5,Yes
0748-RDGGM,Male,0,70,One year,UPI,1095,75346.5,Yes
8393-JMVMB,Male,0,1,Month-to-month,Debit Card,194.5,194.5,No
5019-GQVCR,Male,1,43,Month-to-month,UPI,848.5,36456,No
6036-TTFYU,Female,0,16,Month-to-month,Debit Card,196,3144.5,No
2550-AEVRU,Female,0,57,One year,UPI,534.5,30530,No
0969-RGKCU,Male,0,37,One year,Credit card (automatic),198,6770.5,No
0378-CJKPV,Female,0,72,Two year,Credit card (automatic),1121,79659.5,No
4706-AXVKM,Female,1,11,Month-to-month,Credit card (automatic),848,9068.5,Yes
5889-JTMUL,Female,1,50,Month-to-month,UPI,950.5,48887,Yes
9026-RNUJS,Male,1,5,Month-to-month,UPI,503.5,2372.5,Yes
3746-EUBYR,Male,0,1,Month-to-month,UPI,746,746,Yes
2332-EFBJY,Male,0,16,Month-to-month,Debit Card,197,3424,Yes
2880-FPNAE,Male,1,2,Month-to-month,UPI,742,1401,No
1703-MGIAB,Female,0,17,Month-to-month,Debit Card,690,11080,No
4311-QTTAI,Female,0,16,One year,Credit card (automatic),193.5,2955.5,No
9474-PHLYD,Female,0,15,Month-to-month,UPI,594.5,8926.5,Yes
4318-RAJVY,Female,0,10,One year,Debit Card,198,1982.5,No
2165-VOEGB,Female,0,46,One year,UPI,1052,48228.5,Yes
3612-YUNGG,Male,0,64,Two year,Credit card (automatic),1092,67411.5,No
2254-DLXRI,Female,0,1,Month-to-month,Debit Card,791.5,791.5,No
5062-CJJKH,Male,0,25,One year,Debit Card,536.5,13554.5,No
9028-LIHRP,Male,0,71,Two year,Credit card (automatic),1002,72090,No
2219-MVUSO,Male,0,8,Month-to-month,Debit Card,451.5,4384,Yes
1053-MXTTK,Female,0,72,Two year,UPI,1086.5,77263.5,No
1530-ZTDOZ,Female,0,49,Month-to-month,UPI,406.5,20707.5,No
1301-LOPVR,Male,0,29,One year,Credit card (automatic),553.5,16369.5,No
0853-TWRVK,Male,0,72,Two year,UPI,1056,75815,No
8914-RBTSB,Male,0,31,Month-to-month,UPI,938,30195,Yes
6212-ATMLK,Female,0,50,Month-to-month,UPI,957,47297.5,No
8200-LGKSR,Male,0,71,Two year,UPI,832,61261,No
1568-BEKZM,Male,1,70,Two year,Credit card (automatic),900.5,63334,No
0670-ANMUU,Male,0,71,One year,Credit card (automatic),976.5,66878.5,No
6897-RWMUB,Male,0,61,Two year,UPI,680.5,41582.5,No
0963-ZBDRN,Male,0,32,Month-to-month,UPI,962,31834,Yes
7594-RQHXR,Female,0,1,Month-to-month,UPI,796,796,Yes
6999-CHVCF,Male,0,68,Two year,UPI,1021,71493.5,No
6134-KWTBV,Male,0,62,Two year,UPI,234,14296.5,No
1077-HUUJM,Female,0,7,Month-to-month,UPI,710.5,4726.5,No
6331-EWIEB,Male,0,20,Month-to-month,UPI,852.5,17345,Yes
0895-LNKRC,Male,0,6,One year,Debit Card,194.5,1135,No
2045-BMBTJ,Female,1,33,Month-to-month,UPI,594.5,18846.5,No
8417-GSODA,Male,0,28,One year,UPI,922,25681.5,No
5171-EPLKN,Male,0,27,Two year,Credit card (automatic),198.5,4700,No
4452-QIIEB,Male,0,7,Month-to-month,Debit Card,439,2784,No
5998-VVEJY,Male,0,26,Month-to-month,UPI,805,20888,Yes
1624-NALOJ,Male,1,5,Month-to-month,UPI,898,5026,Yes
6741-EGCBI,Male,1,30,Month-to-month,Credit card (automatic),905,25958.5,No
7820-ZYGNY,Male,0,63,One year,Credit card (automatic),904.5,58255,No
4317-VTEOA,Male,0,1,Month-to-month,UPI,507.5,507.5,Yes
9677-AVKED,Female,0,53,One year,UPI,846,44497.5,No
1670-SVOWZ,Female,0,14,Month-to-month,Credit card (automatic),896.5,12083.5,Yes
2227-JRSJX,Female,0,21,Month-to-month,UPI,991.5,19564,No
9847-HNVGP,Male,0,17,One year,Debit Card,199.5,3106,No
6696-YDAYZ,Male,0,16,Two year,Debit Card,205,2905.5,No
8980-WQFWL,Female,0,35,Month-to-month,UPI,621,20961,No
1730-ZMAME,Female,1,32,Month-to-month,UPI,795,26650,No
6506-EYCNH,Female,0,28,Month-to-month,UPI,195.5,5438,No
4634-JLRJT,Female,0,1,Month-to-month,Debit Card,203.5,203.5,No
9501-UKKNL,Male,0,59,Month-to-month,UPI,517,30058,No
2560-QTSBS,Female,0,72,One year,UPI,233,16231.5,No
7541-YLXCL,Male,0,36,One year,Debit Card,654,24984,Yes
4795-WRNVT,Female,0,40,Month-to-month,Debit Card,651,25860,No
6080-TCMYC,Male,0,40,Month-to-month,UPI,812,32923,No
0260-ZDLGK,Female,0,9,Month-to-month,Debit Card,729,6514,Yes
7860-UXCRM,Male,0,63,Two year,Credit card (automatic),745,46745.5,No
6357-JJPQT,Female,0,3,Month-to-month,UPI,805,2323.5,No
2292-XQWSV,Male,0,40,One year,Debit Card,603,24485,No
9552-TGUZV,Male,0,8,Month-to-month,Debit Card,750,6581,No
5913-INRQV,Male,1,34,One year,Debit Card,901.5,31288,No
8722-NGNBH,Male,0,5,Month-to-month,Debit Card,400,2234.5,Yes
6210-KBBPI,Male,1,9,Month-to-month,Credit card (automatic),994.5,9194,Yes
9643-YBLUR,Male,0,9,Month-to-month,Credit card (automatic),690.5,6539.5,No
8734-FNWVH,Male,0,31,Month-to-month,UPI,597,18255,No
9447-YPTBX,Female,0,50,One year,UPI,198.5,9431,No
0133-BMFZO,Female,0,2,Month-to-month,UPI,862.5,1816.5,Yes
6128-CZOMY,Female,0,1,Month-to-month,UPI,456.5,456.5,Yes
9540-JYROE,Male,0,8,Month-to-month,Debit Card,701,5513.5,Yes
9026-LHEVG,Female,0,9,Month-to-month,UPI,407.5,3594,No
2260-USTRB,Female,1,2,Month-to-month,UPI,702,1159.5,Yes
3656-TKRVZ,Female,0,3,Month-to-month,UPI,553.5,1652,Yes
7011-CVEUC,Male,0,25,Month-to-month,Credit card (automatic),957,23383.5,No
6185-TASNN,Male,1,1,Month-to-month,UPI,463,463,No
7925-PNRGI,Female,0,45,Month-to-month,Debit Card,813,35411,No
8623-TMRBY,Male,1,51,Month-to-month,UPI,842,41460.5,Yes
1552-CZCLL,Female,0,55,Month-to-month,Credit card (automatic),200,10872.5,No
3038-PQIUY,Female,0,38,Month-to-month,UPI,661.5,25224,No
1501-SGHBW,Male,0,2,Month-to-month,Debit Card,458.5,810,Yes
9313-CDOGY,Male,0,38,Month-to-month,UPI,196,7173,No
8148-BPLZQ,Male,0,34,Month-to-month,UPI,498,17342,No
2623-DRYAM,Female,0,70,One year,UPI,1017.5,70693,No
9987-LUTYD,Female,0,13,One year,Debit Card,551.5,7429,No
3208-YPIOE,Male,0,39,Month-to-month,UPI,752.5,30176.5,Yes
4488-KQFDT,Female,0,61,One year,UPI,1039.5,64230,No
2612-RANWT,Female,0,12,Month-to-month,UPI,1001.5,11643,Yes
5693-PIPCS,Male,0,41,Two year,Credit card (automatic),996.5,42203.5,No
0491-KAPQG,Male,0,21,Month-to-month,UPI,737,15587,No
1925-LFCZZ,Male,1,55,One year,UPI,500.5,27434.5,No
8039-EQPIM,Male,0,69,Two year,UPI,602.5,40555,No
6900-PXRMS,Male,1,26,Month-to-month,UPI,1057.5,27102.5,Yes
8707-RMEZH,Female,1,69,One year,Credit card (automatic),873,60555.5,No
3346-BRMIS,Female,1,18,Month-to-month,UPI,483.5,8107,Yes
3209-ZPKFI,Male,0,47,Month-to-month,UPI,542.5,25382,No
6479-VDGRK,Female,0,72,Two year,UPI,853,61292,No
9373-WSLOY,Male,1,33,Month-to-month,UPI,500,17508.5,No
2933-FILNV,Female,0,2,Month-to-month,Debit Card,244,365.5,Yes
3569-JFODW,Female,0,72,Two year,Credit card (automatic),909.5,66524.5,No
9819-FBNSV,Male,1,37,Month-to-month,UPI,722.5,25754.5,No
9544-PYPSJ,Female,1,62,Month-to-month,Credit card (automatic),961,60193.5,No
1591-XWLGB,Female,0,71,Two year,Credit card (automatic),198.5,13796,No
0396-UKGAI,Male,0,23,Month-to-month,UPI,553,12842,No
3243-ZHOHY,Female,0,16,One year,Debit Card,201,2961.5,No
5186-EJEGL,Male,0,9,Month-to-month,Debit Card,695,6532.5,No
7527-QNRUS,Male,0,17,Two year,Debit Card,251.5,4126,No
9986-BONCE,Female,0,4,Month-to-month,UPI,209.5,855,Yes
2722-JMONI,Female,1,1,Month-to-month,UPI,495.5,495.5,Yes
2203-GHNWN,Female,0,24,Month-to-month,Debit Card,796.5,19287,No
3878-AVSOQ,Female,1,1,Month-to-month,UPI,712.5,712.5,No
3258-SYSWS,Male,1,72,Two year,UPI,1138,78458,No
5296-PSYVW,Female,0,72,Two year,UPI,245.5,17507,No
6319-QSUSR,Female,0,11,Month-to-month,Credit card (automatic),197,2162,No
4083-EUGRJ,Male,0,9,Month-to-month,Debit Card,202.5,1785,Yes
7579-OOPEC,Female,1,2,Month-to-month,Credit card (automatic),501.5,1151,Yes
0512-FLFDW,Female,1,60,One year,Credit card (automatic),1005,60290,No
1771-OADNZ,Male,1,29,Month-to-month,UPI,959,27452,Yes
0487-CRLZF,Female,0,49,Two year,UPI,744.5,37219,No
2107-FBPTK,Female,1,30,Month-to-month,UPI,1041,31211,No
9451-WLYRI,Female,0,53,One year,Credit card (automatic),190.5,9904.5,No
8219-VYBVI,Male,0,39,Two year,Debit Card,250,10043.5,No
1991-VOPLL,Female,0,9,Month-to-month,Debit Card,190.5,1576.5,No
9738-QLWTP,Male,0,39,One year,UPI,819,32197.5,No
1016-DJTSV,Male,1,8,Month-to-month,UPI,697,5728.5,No
9419-IPPBE,Female,0,51,One year,UPI,901.5,45548.5,No
0174-QRVVY,Male,0,71,Two year,Credit card (automatic),253.5,18475.5,No
5699-BNCAS,Male,1,71,Two year,Debit Card,246.5,17667.5,No
2900-PHPLN,Female,1,70,Two year,Credit card (automatic),195.5,14620.5,No
0612-RTZZA,Female,1,1,Month-to-month,UPI,252.5,252.5,Yes
8106-GWQOK,Male,0,38,Two year,UPI,600,21932,No
8751-EDEKA,Female,0,28,Month-to-month,Credit card (automatic),899,24335,No
6878-GGDWG,Female,0,32,Month-to-month,UPI,194,6411.5,No
4039-PIMHX,Male,1,49,Two year,Debit Card,498,23984,No
8450-LUGUK,Female,0,37,Two year,UPI,241,8618.5,No
3604-WLABM,Female,0,10,Month-to-month,UPI,542.5,5830,No
0795-GMVQO,Male,0,67,One year,Credit card (automatic),1099,73324,No
2259-OUUSZ,Male,0,7,One year,Credit card (automatic),355,2495.5,No
1142-IHLOO,Female,0,51,One year,Credit card (automatic),875.5,44759,No
6410-LEFEN,Female,0,9,Month-to-month,UPI,451.5,4164.5,Yes
4633-MKHYU,Female,0,9,Month-to-month,Debit Card,884,7886,No
6257-RJOHI,Male,0,4,Month-to-month,Debit Card,508,2023,No
1545-JFUML,Male,0,71,Two year,UPI,990,69946,No
3194-ORPIK,Female,0,50,Month-to-month,UPI,844,41161.5,Yes
7826-VVKWT,Female,1,24,Two year,UPI,965.5,22634.5,No
1353-GHZOS,Male,0,22,One year,UPI,597.5,13743.5,No
2587-EKXTS,Male,0,44,Month-to-month,UPI,1115,49151.5,No
5442-BXVND,Female,0,33,Month-to-month,UPI,242.5,8385,No
8816-VXNZD,Female,0,1,Month-to-month,UPI,751,751,Yes
9378-FXTIZ,Female,0,54,One year,Credit card (automatic),701.5,37156.5,Yes
1723-HKXJQ,Male,0,42,Month-to-month,UPI,1017.5,42734.5,Yes
7825-GKXMW,Female,0,1,Month-to-month,UPI,458,458,Yes
9753-OYLBX,Female,0,1,Month-to-month,Debit Card,205,205,No
2364-UFROM,Male,0,30,One year,UPI,704,20447.5,No
6656-JWRQX,Female,0,1,Month-to-month,Debit Card,305.5,305.5,No
6473-ULUHT,Male,0,16,Month-to-month,UPI,849,13982.5,No
1240-KNSEZ,Male,0,1,Month-to-month,Debit Card,201,201,Yes
0836-SEYLU,Male,0,9,Month-to-month,Debit Card,406.5,3289.5,Yes
4433-JCGCG,Male,1,46,Month-to-month,UPI,1010,46800.5,Yes
3716-BDVDB,Male,0,1,Month-to-month,UPI,691,691,Yes
7688-AWMDX,Male,0,71,Two year,UPI,545,37782,No
2842-BCQGE,Male,0,43,Month-to-month,Credit card (automatic),753.5,31614,No
7244-QWYHG,Male,0,50,One year,UPI,444.5,21884.5,No
5899-MQZZL,Female,0,13,Month-to-month,Debit Card,750,9994.5,Yes
6849-OYAMU,Male,0,19,One year,UPI,1000,18886.5,Yes
5312-UXESG,Female,0,41,Month-to-month,UPI,980.5,39906,No
9488-HGMJH,Female,1,1,Month-to-month,UPI,711.5,711.5,Yes
6038-GCYEC,Female,0,24,Month-to-month,Credit card (automatic),541.5,12402.5,Yes
2150-WLKUW,Female,0,40,One year,UPI,639,26350,No
7159-FVYPK,Female,0,3,Month-to-month,UPI,691.5,2350,No
7032-LMBHI,Female,0,37,One year,UPI,646.5,23478.5,No
1150-WFARN,Female,0,67,Two year,Credit card (automatic),1087.5,71562,Yes
6088-BXMRG,Female,0,32,Month-to-month,UPI,988.5,30896,No
3144-AUDBS,Female,0,6,Month-to-month,UPI,491.5,2708,Yes
4821-SJHJV,Female,0,32,Month-to-month,UPI,896,29018,No
7346-MEDWM,Female,0,59,Month-to-month,UPI,832.5,49491,No
1137-DGOWI,Female,0,30,One year,UPI,702.5,21989,No
5616-PRTNT,Male,0,20,Month-to-month,UPI,194,3745,Yes
3812-LRZIR,Female,0,27,Two year,UPI,245,7619.5,No
4818-QIUFN,Female,1,20,Month-to-month,UPI,791.5,15209,Yes
9483-GCPWE,Male,0,9,One year,Debit Card,201,1902.5,No
4227-OJHAL,Female,0,68,One year,Credit card (automatic),730,51630,No
9220-CXRSC,Female,0,69,Two year,Credit card (automatic),614,40598.5,No
4993-JCRGJ,Male,0,26,Month-to-month,Debit Card,843,22816,No
9537-JALFH,Male,0,69,Two year,UPI,199,13567,No
6698-OXETB,Male,0,11,Two year,Debit Card,204,2314.5,No
2103-ZRXFN,Male,0,1,Month-to-month,Debit Card,507.5,507.5,No
3724-BSCVH,Male,0,10,One year,Debit Card,204.5,2424,No
4877-TSOFF,Female,0,55,One year,UPI,757.5,42642.5,No
9209-NWPGU,Male,0,44,One year,UPI,654,27745.5,No
6961-VCPMC,Male,1,46,Month-to-month,UPI,804,36052,Yes
7306-YDSOI,Male,0,69,Two year,UPI,597.5,40699,No
5288-AHOUP,Male,1,11,Month-to-month,UPI,785,8742,No
6688-UZPWD,Female,0,11,Month-to-month,UPI,1020,11453.5,Yes
0655-YDGFJ,Male,0,29,Month-to-month,UPI,489.5,13237,No
8468-EHYJA,Female,0,57,Month-to-month,UPI,996.5,54970.5,No
6823-SIDFQ,Male,0,28,One year,Credit card (automatic),182.5,5347,No
1097-FSPVW,Female,0,42,Month-to-month,Credit card (automatic),545.5,24550.5,No
2839-RFSQE,Female,0,2,Month-to-month,Debit Card,206.5,387,Yes
8328-SKJNO,Male,0,23,One year,UPI,406.5,9474,No
7010-ZMVBF,Female,0,18,Month-to-month,Debit Card,204.5,3570,No
5201-CBWYG,Male,0,62,One year,UPI,248,14762.5,No
0968-GSIKN,Female,0,1,Month-to-month,Debit Card,708,708,Yes
1965-DDBWU,Male,0,16,Month-to-month,Credit card (automatic),890.5,14486,Yes
9057-SIHCH,Female,0,3,Month-to-month,UPI,966,2919,Yes
6352-GIGGQ,Male,0,67,One year,UPI,888,59031.5,No
3635-QQRQD,Male,0,62,Two year,Credit card (automatic),200.5,12016.5,No
6771-XWBDM,Female,0,57,Month-to-month,Credit card (automatic),1045,59213.5,Yes
2897-DOVND,Male,0,2,Month-to-month,UPI,698,1466.5,No
3082-YVEKW,Female,0,23,Two year,UPI,771.5,17594,No
0191-EQUUH,Female,0,25,Two year,UPI,350.5,8444.5,No
7134-HBPBS,Female,1,72,Two year,UPI,1081,77740.5,No
3489-HHPFY,Female,0,2,Month-to-month,UPI,840.5,1340.5,No
2926-JEJJC,Female,0,8,One year,UPI,202,1409.5,No
8601-QACRS,Female,0,5,Month-to-month,Debit Card,506,2499.5,Yes
4950-BDEUX,Male,0,35,Month-to-month,UPI,492,17016.5,No
5789-LDFXO,Male,0,24,One year,UPI,246,5926.5,No
0508-OOLTO,Female,0,2,Month-to-month,UPI,716.5,1357.5,No
2984-TBYKU,Male,0,72,Two year,Credit card (automatic),1049,77326.5,No
9822-WMWVG,Female,0,41,Month-to-month,UPI,1065,42824,No
2391-SOORI,Male,0,4,Month-to-month,UPI,493.5,2196.5,Yes
9040-KZVWO,Male,0,26,One year,UPI,755,20181,No
2645-QTLMB,Male,0,7,Month-to-month,UPI,942.5,6690,Yes
4806-HIPDW,Female,0,1,Month-to-month,UPI,689.5,689.5,Yes
1548-ARAGG,Female,0,4,Month-to-month,Debit Card,585,2248.5,No
6339-RZCBJ,Male,0,48,Two year,Credit card (automatic),789,37715,No
4424-TKOPW,Male,1,2,Month-to-month,UPI,938.5,1967.5,Yes
4415-WNGVR,Female,1,12,One year,UPI,792,9438.5,No
2522-AHJXR,Male,0,60,Month-to-month,UPI,1094.5,65728.5,No
0412-UCCNP,Male,0,55,Two year,UPI,592,31758.5,No
1816-FLZDK,Male,0,1,Month-to-month,Debit Card,291.5,291.5,No
7096-UCLNH,Male,0,1,Month-to-month,Debit Card,200.5,200.5,No
8443-ZRDBZ,Male,0,4,Month-to-month,UPI,760.5,3189,Yes
9136-ALYBR,Male,0,1,Month-to-month,Debit Card,244.5,244.5,Yes
4615-PIVVU,Female,0,42,Two year,Credit card (automatic),665,27627.5,No
8885-QSQBX,Female,0,1,Month-to-month,UPI,495.5,495.5,No
7479-NITWS,Male,0,7,Month-to-month,Credit card (automatic),893.5,6318.5,Yes
8617-ENBDS,Male,0,3,Month-to-month,Credit card (automatic),736,2325,No
9385-NXKDA,Female,0,72,Two year,Credit card (automatic),826.5,59193.5,No
0430-IHCDJ,Male,0,15,Month-to-month,UPI,490,7492.5,No
2959-MJHIC,Male,0,4,Month-to-month,UPI,803.5,3074,Yes
6674-KVJHG,Female,0,11,One year,UPI,252,2451.5,No
1814-DKOLC,Female,0,5,Month-to-month,Debit Card,254.5,1347.5,No
4201-JMNGR,Female,1,1,Month-to-month,UPI,558,558,Yes
9351-HXDMR,Male,0,72,Two year,Credit card (automatic),1109,82408.5,No
3537-HPKQT,Female,0,55,Month-to-month,Credit card (automatic),777.5,42664,No
2129-ALKBS,Female,0,40,Month-to-month,UPI,262,10775,No
5821-MMEIL,Female,0,57,Two year,UPI,199,11156,No
5960-WPXQM,Male,0,1,Month-to-month,UPI,790.5,790.5,Yes
0684-AOSIH,Male,0,1,Month-to-month,UPI,950,950,Yes
8260-NGFNY,Female,0,1,Month-to-month,Debit Card,252,252,Yes
1309-XGFSN,Male,1,52,One year,UPI,808.5,40795.5,No
1866-RZZQS,Male,1,41,Month-to-month,UPI,984,41877.5,Yes
6968-URWQU,Male,0,43,One year,Debit Card,563.5,23911.5,No
4742-TXUEX,Female,0,47,Two year,UPI,193,8905,No
9631-XEYKE,Male,0,3,Month-to-month,UPI,504,1372.5,No
8631-NBHFZ,Male,1,66,Two year,Credit card (automatic),794,51546,Yes
1335-MXCSE,Male,0,55,Two year,Credit card (automatic),552.5,31199,No
8873-TMKGR,Male,0,29,One year,Debit Card,191,5295,No
8800-JOOCF,Female,0,12,Month-to-month,UPI,840.5,9665.5,No
1469-LBJQJ,Female,0,66,Month-to-month,UPI,1052,69368.5,No
4958-XCBDQ,Male,1,35,Month-to-month,UPI,1014,34963,Yes
8337-UPOAQ,Male,1,10,Month-to-month,UPI,898,9143,Yes
0064-YIJGF,Male,0,27,Month-to-month,UPI,757.5,19290,No
2386-OWURY,Female,0,58,Month-to-month,UPI,953,58177,No
1725-IQNIY,Male,0,54,Two year,UPI,1097.5,61102,Yes
0310-VQXAM,Male,0,9,Month-to-month,Debit Card,198.5,1788,No
6598-RFFVI,Male,0,2,One year,Credit card (automatic),193,283,Yes
3453-RTHJQ,Male,0,6,Month-to-month,UPI,691,4350,No
6712-OAWRH,Female,1,26,Month-to-month,UPI,912.5,23518,Yes
6278-FEPBZ,Female,0,9,Month-to-month,Debit Card,202.5,1861.5,No
4280-DLSHD,Male,0,8,Month-to-month,Debit Card,547.5,4458.5,No
1508-DFXCU,Male,0,12,Month-to-month,UPI,814.5,9120,No
8614-VGMMV,Female,0,15,Month-to-month,UPI,491,6795.5,Yes
7868-BGSZA,Male,0,43,One year,UPI,802,35816,No
2800-QQUSO,Male,0,42,Month-to-month,UPI,1003,42229.5,No
2930-UOTMB,Female,0,31,Month-to-month,Credit card (automatic),652.5,19943,Yes
7973-DZRKH,Female,0,66,Two year,Credit card (automatic),909.5,59300.5,No
5914-DVBWJ,Female,1,18,Month-to-month,UPI,854.5,15058.5,Yes
7698-YFGEZ,Male,0,1,Month-to-month,Debit Card,200,200,No
2533-QVMSK,Male,0,61,Two year,UPI,941,56383,Yes
9773-PEQBZ,Male,0,10,Month-to-month,UPI,798.5,7972.5,No
8644-XLFBW,Male,1,1,Month-to-month,UPI,716.5,716.5,Yes
0650-BWOZN,Female,1,18,Month-to-month,UPI,735.5,13594.5,No
8625-AZYZY,Male,0,24,Month-to-month,UPI,1046.5,25424.5,Yes
7785-RDVIG,Female,0,3,Month-to-month,Debit Card,193,547,No
9602-WCXPI,Male,0,50,One year,Credit card (automatic),201.5,9890.5,No
2903-YYTBW,Male,0,1,Month-to-month,UPI,445.5,445.5,No
3620-MWJNE,Male,0,2,Month-to-month,Debit Card,544.5,873,No
8573-JGCZW,Male,0,17,One year,UPI,196.5,3515.5,No
6837-HAEVO,Male,0,69,Two year,UPI,1050,72977.5,No
6701-YVNQG,Male,0,72,Two year,Credit card (automatic),887,63017,No
9306-CPCBC,Female,0,3,Month-to-month,UPI,742.5,2103,Yes
4304-XUMGI,Male,1,50,Two year,UPI,751.5,38224.5,No
9504-YAZWB,Female,0,53,Two year,Debit Card,202.5,10484.5,No
8819-ZBYNA,Female,0,58,Two year,Credit card (automatic),1091,63936.5,No
6174-NRBTZ,Male,0,46,One year,UPI,307.5,14893,No
9481-IEBZY,Male,1,72,Month-to-month,Credit card (automatic),1129,80615,No
1833-VGRUM,Female,1,1,Month-to-month,UPI,742,742,Yes
6137-NICCO,Female,0,6,Month-to-month,Debit Card,940.5,5187.5,No
9065-ZCPQX,Male,0,72,Two year,UPI,788.5,57631.5,No
6402-EJMWF,Male,0,4,Month-to-month,Debit Card,553,2385,No
3620-EHIMZ,Female,0,52,Two year,Debit Card,193.5,10317,No
3213-VVOLG,Male,0,1,Two year,Debit Card,253.5,0,No
6870-ECSHE,Female,0,2,One year,Debit Card,204.5,348,No
8747-UDCOI,Female,0,65,Two year,UPI,193.5,13199.5,No
8374-XGEJJ,Male,1,43,Month-to-month,UPI,1010,43884,Yes
2656-TABEH,Male,0,4,Month-to-month,UPI,1002,4202,Yes
6946-LMSQS,Male,1,25,One year,UPI,890.5,21774.5,Yes
4626-OZDTJ,Female,0,51,One year,Credit card (automatic),786.5,39508.5,No
9169-BSVIN,Male,0,12,Month-to-month,UPI,747.5,8270.5,No
2325-ZUSFD,Female,0,57,One year,UPI,701,39133,Yes
8194-PEEBY,Female,0,24,One year,Debit Card,199,5335,No
6872-HXFNF,Female,0,64,One year,UPI,583.5,37564.5,No
3932-CMDTD,Female,0,4,One year,UPI,1056.5,4439,Yes
7714-YXSMB,Female,0,26,Month-to-month,UPI,1005,25999.5,No
8387-UGUSU,Female,0,15,Month-to-month,Debit Card,200.5,2843,No
1080-BWSYE,Male,1,64,Two year,Credit card (automatic),256.5,17408,No
4039-HEUNW,Male,1,36,Month-to-month,UPI,965,34361,Yes
1194-HVAIF,Female,0,27,Month-to-month,Credit card (automatic),950,24625.5,No
0812-WUPTB,Male,1,1,Month-to-month,Debit Card,708.5,708.5,Yes
3594-UVONA,Female,0,35,One year,Credit card (automatic),859.5,31101,Yes
0004-TLHLJ,Male,0,4,Month-to-month,UPI,739,2808.5,Yes
1767-TGTKO,Female,0,8,Month-to-month,UPI,454.5,4117.5,No
8439-LTUGF,Male,0,10,Month-to-month,Credit card (automatic),200,1986,No
8805-JNRAZ,Female,0,2,Month-to-month,Debit Card,492,1037,No
5089-IFSDP,Female,0,58,Two year,UPI,1094.5,61445.5,Yes
6418-HNFED,Male,0,51,Two year,Credit card (automatic),832.5,40894.5,No
0206-OYVOC,Female,0,46,Two year,Debit Card,192.5,8642,No
7291-CDTMJ,Male,0,1,Month-to-month,UPI,196.5,196.5,No
7128-GGCNO,Male,0,46,Month-to-month,UPI,728,32494,No
0237-YFUTL,Female,0,50,Month-to-month,UPI,1096.5,54058,No
7691-KGKGP,Male,0,53,Month-to-month,Credit card (automatic),650,33638,No
6710-HSJRD,Male,0,61,Month-to-month,UPI,1141,71321.5,No
3675-EQOZA,Male,0,5,Month-to-month,UPI,206.5,935.5,No
0840-DCNZE,Male,0,47,One year,UPI,869.5,41389,No
1732-FEKLD,Female,0,54,One year,UPI,947.5,51217.5,No
9862-KJTYK,Male,0,19,Month-to-month,Credit card (automatic),253.5,5661,No
0479-HMSWA,Female,0,26,Two year,UPI,1054.5,27153,No
5854-KSRBJ,Male,0,70,Two year,Debit Card,254,17820.5,No
0365-BZUWY,Male,0,17,Month-to-month,UPI,1025.5,17425,No
4817-VYYWS,Female,0,30,Month-to-month,UPI,1002,29838,Yes
5701-SVCWR,Female,0,1,Month-to-month,Debit Card,240,240,No
3129-AAQOU,Female,0,19,Two year,Debit Card,256,4859,No
4922-CVPDX,Female,0,26,Two year,Credit card (automatic),735,19057,No
1396-QWFBJ,Female,0,21,Month-to-month,UPI,740.5,15657,Yes
1357-BIJKI,Male,0,50,One year,UPI,982.5,48587,No
1099-BTKWT,Female,0,68,One year,UPI,544,37236.5,No
5299-SJCZT,Male,0,3,Month-to-month,UPI,1015.5,2983.5,Yes
2018-PZKMU,Male,0,9,Month-to-month,UPI,1031,9704.5,No
7340-KEFQE,Female,0,51,Two year,UPI,342,17820,No
4570-QHXHL,Female,0,9,Month-to-month,UPI,437.5,4057,No
2403-BCASL,Male,1,41,One year,UPI,1119.5,45349,Yes
7392-YYPYJ,Male,0,22,Month-to-month,UPI,1006.5,24159.5,No
2898-LSJGD,Female,0,21,One year,UPI,559.5,11570.5,Yes
2223-GDSHL,Male,0,71,Two year,UPI,1160.5,82975,No
7359-PTSXY,Male,0,1,Month-to-month,UPI,457.5,457.5,Yes
9470-RTWDV,Male,0,26,One year,Credit card (automatic),820,20831,No
2176-OSJUV,Male,0,71,Two year,UPI,651.5,46817.5,No
9348-YVOMK,Male,0,4,Month-to-month,Credit card (automatic),448,1762,No
8104-OSKWT,Female,0,12,Month-to-month,UPI,798,10012,No
4521-YEEHE,Female,0,18,Month-to-month,UPI,888.5,15947.5,No
4090-KPJIP,Female,0,3,Month-to-month,UPI,749.5,2124,No
3786-WOVKF,Female,1,72,One year,UPI,1068.5,76774,No
4503-BDXBD,Male,0,11,Month-to-month,UPI,749.5,8155,Yes
6086-ESGRL,Female,0,1,Month-to-month,Credit card (automatic),801.5,801.5,Yes
2592-HODOV,Male,0,13,One year,Credit card (automatic),193,2596.5,No
3886-CERTZ,Female,0,72,One year,UPI,1092.5,81098,Yes
7995-ZHHNZ,Male,0,42,One year,Credit card (automatic),561,23868.5,No
3824-RHKVR,Female,0,17,Month-to-month,Credit card (automatic),197,3403.5,No
5816-SCGFC,Female,1,7,Month-to-month,Debit Card,513,4193.5,No
5989-AXPUC,Female,0,68,Two year,Debit Card,1186,79900.5,No
4979-HPRFL,Male,0,56,Two year,UPI,241.5,14022.5,No
8590-OHDIW,Female,0,38,One year,Debit Card,203,7493.5,No
8015-IHCGW,Female,0,72,Two year,UPI,1155,84251.5,No
2332-TODQS,Female,0,48,One year,Credit card (automatic),250.5,11715,No
9278-VZKCD,Female,1,52,Month-to-month,UPI,1091,56479.5,No
8008-OTEZX,Female,0,35,One year,Debit Card,196.5,7088,No
2773-OVBPK,Male,0,67,Two year,UPI,1113,75672,No
5999-LCXAO,Female,0,1,Month-to-month,Debit Card,299,299,No
5206-XZZQI,Male,0,53,Month-to-month,Debit Card,806,43481,No
4803-LBYPN,Male,0,34,Month-to-month,Debit Card,208,6359,No
5759-RCVCB,Female,0,3,Month-to-month,Credit card (automatic),352,1089.5,Yes
6372-RFVNS,Female,0,1,Month-to-month,UPI,788,788,Yes
2139-FQHLM,Male,0,19,Month-to-month,Debit Card,899.5,16824,No
8261-GWDBQ,Female,1,60,Two year,UPI,1160.5,69259,No
1093-YSWCA,Male,0,11,Two year,Credit card (automatic),195.5,2231.5,No
8938-UMKPI,Female,0,47,Month-to-month,UPI,1064,51279.5,Yes
0991-BRRFB,Male,0,18,Month-to-month,UPI,494,8748,Yes
3882-IYOIJ,Female,0,60,Two year,Credit card (automatic),1152.5,67584.5,No
8749-TZYEC,Male,0,72,Two year,Credit card (automatic),248,18743,No
1755-FZQEC,Male,0,39,One year,Debit Card,199,7911.5,No
3115-JPJDD,Female,0,59,One year,Credit card (automatic),812.5,46394.5,No
5600-KTXFM,Male,0,2,Month-to-month,Debit Card,699.5,1439,No
3871-IKPYH,Male,1,1,Month-to-month,UPI,691,691,Yes
6319-IEJWJ,Male,0,20,Month-to-month,UPI,902,17765.5,Yes
9025-AOMKI,Female,0,6,Month-to-month,UPI,935.5,5364,Yes
6339-TBELP,Male,0,71,Two year,Credit card (automatic),864,61720,No
7964-YESJC,Female,0,24,Month-to-month,Debit Card,663,15594.5,No
6173-GOLSU,Male,1,67,Month-to-month,Credit card (automatic),946.5,60790,No
5275-SQEIZ,Male,0,1,Month-to-month,Debit Card,808.5,808.5,Yes
7716-YTYHG,Female,0,48,One year,Debit Card,820.5,40299.5,Yes
9938-ZREHM,Female,0,37,One year,Debit Card,721,26584,No
7950-XWOVN,Male,0,11,Month-to-month,Debit Card,347,3835.5,No
4390-KYULV,Male,0,3,Month-to-month,Credit card (automatic),205.5,511.5,Yes
4647-MUZON,Female,0,18,Month-to-month,Credit card (automatic),959.5,17455,No
9702-AIUJO,Male,0,50,One year,UPI,448,22308.5,No
8849-PRIQJ,Female,0,67,One year,UPI,1094,72816,No
8851-RAGOV,Female,0,25,Month-to-month,Debit Card,710.5,18377,No
1304-NECVQ,Female,1,2,Month-to-month,UPI,785.5,1495.5,Yes
5396-IZEPB,Male,0,9,Month-to-month,Credit card (automatic),197,1807,No
1729-VLAZJ,Female,0,10,One year,Debit Card,402.5,4114.5,No
8285-ABVLB,Female,0,70,Two year,Credit card (automatic),198.5,13283.5,No
0701-TJSEF,Male,0,9,Month-to-month,UPI,682.5,5769.5,No
5712-VBOXD,Female,0,4,Month-to-month,Credit card (automatic),201.5,684.5,No
6629-LADHQ,Female,0,2,Month-to-month,Debit Card,509.5,1230.5,No
8945-GRKHX,Female,0,1,Month-to-month,UPI,786.5,786.5,Yes
1559-DTODC,Male,0,19,Month-to-month,UPI,251.5,4683.5,No
4797-MIWUM,Male,0,7,Month-to-month,UPI,202.5,1747,No
6959-UWKHF,Male,0,1,Month-to-month,UPI,429,429,Yes
8720-RQSBJ,Male,1,1,Month-to-month,UPI,440,440,No
4537-CIBHB,Female,0,9,One year,Debit Card,202.5,1723.5,No
3815-SLMEF,Female,0,3,Month-to-month,Debit Card,342.5,1393.5,Yes
5154-VEKBL,Female,0,9,Month-to-month,Debit Card,585,5398.5,Yes
4324-AHJKS,Female,0,5,Month-to-month,Credit card (automatic),558,3004,No
4355-CVPVS,Female,0,56,One year,UPI,889,49680,No
4495-LHSSK,Female,0,18,Month-to-month,Debit Card,576.5,9927,No
5655-JSMZM,Male,1,49,Month-to-month,UPI,962,47182.5,Yes
5915-ANOEI,Male,0,70,Two year,Debit Card,791.5,55365,No
9861-PDSZP,Female,0,72,Two year,Credit card (automatic),1080.5,78066,No
4505-EXZHB,Female,1,6,Month-to-month,UPI,744,4341,Yes
7225-CBZPL,Male,1,17,Month-to-month,UPI,948,15639,No
6704-UTUKK,Male,0,29,Month-to-month,UPI,459,13324,No
4587-VVTOX,Female,0,6,Month-to-month,UPI,1053,5452,Yes
2019-HDCZY,Male,0,63,Two year,UPI,1026,62967.5,No
4652-NNHNY,Male,0,16,Month-to-month,UPI,738.5,12842,Yes
8788-DOXSU,Male,0,59,One year,UPI,613.5,36455,No
7404-JLKQG,Female,0,3,Month-to-month,UPI,575.5,1614.5,No
7421-ZLUPA,Female,0,8,Month-to-month,Debit Card,292.5,2269.5,No
8972-HJWNV,Female,1,7,Month-to-month,UPI,845.5,6468.5,Yes
3274-NSDWE,Female,0,68,Two year,Credit card (automatic),196,14416.5,No
2632-IVXVF,Female,0,68,Two year,Credit card (automatic),1117.5,75113,No
3692-JHONH,Female,1,52,One year,UPI,1065,56218.5,No
8915-NNTRC,Male,0,72,Two year,Credit card (automatic),1077,79198,No
5914-GXMDA,Female,0,32,One year,Debit Card,193,5932,No
7463-IFMQU,Female,0,72,Two year,UPI,200.5,14236.5,No
2920-RNCEZ,Male,0,1,Month-to-month,Credit card (automatic),699.5,699.5,No
2541-YGPKE,Male,0,42,One year,Credit card (automatic),637,27633.5,No
8515-OCTJS,Female,0,25,Two year,Credit card (automatic),247.5,6921,Yes
5382-TEMLV,Male,0,45,Month-to-month,UPI,509,22985.5,No
3441-CGZJH,Female,0,43,One year,Credit card (automatic),604,26405.5,No
9592-ERDKV,Male,0,37,One year,Debit Card,792.5,29118,No
2860-RANUS,Female,1,20,Month-to-month,Credit card (automatic),858,17275,Yes
5261-QSHQM,Female,0,4,Month-to-month,UPI,244.5,866,Yes
4778-IZARL,Male,0,63,Two year,Credit card (automatic),1101,67057,No
0432-CAJZV,Male,0,3,Month-to-month,Debit Card,907,2376.5,No
7008-LZVOZ,Male,0,66,Two year,Credit card (automatic),253,16723.5,No
8868-WOZGU,Male,0,28,Month-to-month,UPI,1057,29795,Yes
1200-TUZHR,Female,1,8,Month-to-month,UPI,852,6957.5,No
9365-CSLBQ,Male,0,71,Two year,Debit Card,243.5,16546,No
1334-FJSVR,Male,0,1,Month-to-month,UPI,242.5,242.5,Yes
5884-FBCTL,Female,0,72,Two year,UPI,251,18578.5,No
7130-CTCUS,Male,1,16,Month-to-month,UPI,545.5,8251,No
6242-FEGFD,Male,0,66,Two year,Debit Card,966,64242.5,No
7625-XCQRH,Female,0,11,Month-to-month,UPI,765,8379.5,Yes
6194-HBGQN,Male,0,51,One year,Credit card (automatic),811.5,41262,No
7634-WSWDB,Female,0,8,Month-to-month,UPI,385,3308,No
6986-IXNDM,Male,0,14,Month-to-month,UPI,929,13374.5,No
1731-TVIUK,Female,0,4,Month-to-month,UPI,935,3622,Yes
2987-BJXIK,Female,0,70,Two year,Debit Card,847,59910.5,No
9769-TSBZE,Female,0,70,Two year,UPI,660,48915,No
0406-BPDVR,Female,1,54,One year,Credit card (automatic),1015,53731,Yes
0618-XWMSS,Male,0,28,Month-to-month,UPI,749,20685.5,Yes
1395-WSWXR,Male,0,24,Two year,Debit Card,207.5,4870.5,No
6023-GSSXW,Female,0,69,Two year,Credit card (automatic),614.5,41312,No
6752-APNJL,Male,0,42,Month-to-month,Debit Card,545,23011.5,No
5276-KQWHG,Female,1,2,Month-to-month,UPI,696,1316.5,Yes
0420-HLGXF,Female,1,39,Month-to-month,UPI,997.5,40360,No
7446-KQISO,Male,0,45,Two year,UPI,1097.5,49006.5,No
9823-EALYC,Male,0,72,Two year,UPI,808.5,57274.5,No
0582-AVCLN,Female,0,38,Two year,Debit Card,203,7430.5,No
5803-NQJZO,Male,0,72,Two year,UPI,678,48046.5,No
2565-JSLRY,Male,0,1,Month-to-month,Debit Card,240.5,240.5,Yes
2607-DHDAK,Male,0,72,Two year,Credit card (automatic),198,14146.5,No
1073-XXCZD,Male,0,55,Two year,UPI,257,14436.5,No
0743-HRVFF,Female,0,51,One year,UPI,561.5,28989.5,No
4006-HKYHO,Male,0,63,Two year,UPI,867,53095,No
3727-JEZTU,Female,0,1,Month-to-month,Debit Card,204,204,No
8143-ETQTI,Female,0,23,Two year,Debit Card,196.5,4515.5,No
6689-KXGBO,Female,0,1,Month-to-month,UPI,505.5,505.5,Yes
9667-TKTVZ,Female,0,2,Month-to-month,Debit Card,543.5,1170.5,No
3657-COGMW,Female,1,52,Month-to-month,Credit card (automatic),1081,58393,No
8570-KLJYJ,Female,0,36,One year,Debit Card,544.5,18935,No
7754-IXRMC,Female,0,1,Month-to-month,Debit Card,453.5,453.5,No
9473-CBZOP,Female,0,28,One year,Debit Card,590,16544.5,No
2969-WGHQO,Female,0,7,One year,UPI,694.5,4770.5,No
6615-NGGZJ,Male,0,14,Month-to-month,UPI,1005.5,14155.5,Yes
4334-HOWRP,Male,1,72,Two year,Credit card (automatic),649.5,45460,No
4255-DDUOU,Female,0,1,Month-to-month,Debit Card,205,205,Yes
5863-OOKCL,Female,0,10,Month-to-month,Debit Card,188.5,1632,No
1686-STUHN,Male,0,42,One year,UPI,198,8499,No
1329-VHWNP,Female,0,7,Month-to-month,UPI,250.5,1899.5,No
2984-MIIZL,Male,0,4,Month-to-month,UPI,748,3219,Yes
0266-GMEAO,Male,0,72,Two year,Credit card (automatic),1143,80585.5,No
5590-YRFJT,Female,0,20,Month-to-month,UPI,244.5,4828,Yes
5574-NXZIU,Male,0,63,Two year,Credit card (automatic),1092,70497.5,No
0019-GFNTW,Female,0,56,Two year,UPI,450.5,25601,No
4256-ZWTZI,Female,0,5,Month-to-month,Debit Card,510,2868,No
8309-PPCED,Female,0,72,Two year,UPI,1104.5,79825,No
4098-NAUKP,Male,1,68,Month-to-month,UPI,846.5,56836,No
5196-WPYOW,Male,0,67,One year,Debit Card,600.5,39940.5,No
4608-LCIMN,Male,0,8,Month-to-month,UPI,446.5,3691.5,No
1485-YDHMM,Male,0,52,Month-to-month,UPI,932.5,46317,No
4054-CUMIA,Female,0,18,Month-to-month,Debit Card,202.5,4019.5,No
0603-TPMIB,Female,0,59,Two year,Debit Card,254.5,15340.5,No
2525-GVKQU,Female,0,60,Two year,Debit Card,206,10930,No
8161-QYMTT,Male,0,7,Month-to-month,UPI,941,7013,No
9581-GVBXT,Male,0,59,One year,Debit Card,348,19803,No
5862-BRIXZ,Male,0,46,Two year,UPI,607.5,28934,No
5404-GGUKR,Male,0,5,Month-to-month,UPI,513.5,2623,No
3308-JSGML,Male,1,59,Two year,Credit card (automatic),640.5,38868.5,No
2126-GSEGL,Female,0,70,Two year,UPI,848,59175.5,No
3677-TNKIO,Female,0,14,Month-to-month,Credit card (automatic),710,9140,Yes
0440-QEXBZ,Female,0,44,Month-to-month,Debit Card,501.5,21391,No
2434-EEVDB,Female,0,64,Two year,Credit card (automatic),946,59487,No
6762-QVYJO,Female,0,58,Two year,Debit Card,597.5,36243.5,No
6199-IWKGC,Female,1,46,One year,UPI,1002.5,47538.5,No
2675-DHUTR,Male,1,58,Month-to-month,UPI,989,57807,No
8152-VETUR,Female,0,72,Two year,Credit card (automatic),977,68697,No
9667-EQRXU,Female,1,30,Month-to-month,UPI,403,11729.5,Yes
7446-YPODE,Male,1,11,Month-to-month,UPI,602.5,6629.5,No
9522-BNTHX,Female,1,34,Month-to-month,UPI,562.5,17659.5,No
4676-WLUHT,Male,0,54,Two year,UPI,462,24319.5,No
3329-WDIOK,Female,0,3,Month-to-month,UPI,506,1553.5,Yes
7980-MHFLQ,Female,0,72,Two year,Debit Card,249,18592,No
2873-ZLIWT,Female,0,40,Month-to-month,UPI,848.5,33030.5,Yes
3415-TAILE,Female,0,2,Month-to-month,Debit Card,657,1343.5,Yes
0757-WCUUZ,Male,0,54,Two year,Credit card (automatic),633.5,34091,No
1629-DQQVB,Female,0,14,Month-to-month,UPI,501,7095,No
1915-IOFGU,Female,0,1,Month-to-month,UPI,705,705,Yes
3045-XETSH,Female,0,10,Month-to-month,UPI,948.5,9534.5,Yes
0374-AACSZ,Female,0,1,Month-to-month,UPI,501.5,501.5,No
7239-HZZCX,Male,0,1,Month-to-month,Debit Card,197.5,197.5,Yes
4872-VXRIL,Male,0,56,One year,UPI,646.5,36655.5,No
9140-CZQZZ,Female,0,68,Two year,UPI,796,55158,No
3423-HHXAO,Female,0,14,One year,Debit Card,195,2720,No
9938-TKDGL,Male,0,68,Two year,UPI,995.5,66680,No
0531-ZZJWQ,Male,1,55,Month-to-month,UPI,740,40524,No
6537-QLGEX,Female,0,16,Month-to-month,UPI,389,6644,No
2688-BHGOG,Male,1,9,Month-to-month,UPI,795.5,7185.5,No
7683-CBDKJ,Male,0,14,Month-to-month,UPI,654.5,9376,Yes
0946-CLJTI,Male,1,58,Month-to-month,UPI,987,58126,Yes
3160-TYXLT,Male,0,53,Month-to-month,UPI,463,25468.5,No
1325-USMEC,Male,0,70,Two year,Credit card (automatic),993.5,69445,No
0916-QOFDP,Female,1,14,Month-to-month,UPI,958,13463,No
0628-CNQRM,Male,0,22,One year,UPI,675,15440.5,Yes
5606-AMZBO,Female,0,10,Month-to-month,Credit card (automatic),781.5,7651.5,No
6199-IPCAO,Female,0,29,Two year,Debit Card,261,6925.5,No
7665-TOALD,Female,0,1,Month-to-month,UPI,696,696,Yes
0112-QWPNC,Male,0,49,One year,UPI,843.5,40593.5,Yes
0324-BRPCJ,Female,1,68,Month-to-month,UPI,1002,68516.5,Yes
2777-PHDEI,Female,0,1,Month-to-month,UPI,780.5,780.5,Yes
5640-CAXOA,Female,0,30,One year,Credit card (automatic),403.5,11870.5,No
2235-EZAIK,Female,0,72,Two year,Credit card (automatic),792,54019,No
3847-BAERP,Female,0,10,Month-to-month,Debit Card,209,2470,No
1196-AMORA,Male,0,7,Month-to-month,UPI,736,5200,Yes
4282-YMKNA,Female,0,9,Month-to-month,UPI,747.5,7066,Yes
1453-RZFON,Female,0,1,Month-to-month,Debit Card,499,499,No
8263-OKETD,Female,0,20,Month-to-month,Credit card (automatic),689,13703.5,No
0670-KDOMA,Female,0,1,Month-to-month,Debit Card,202.5,202.5,No
2476-YGEFM,Female,0,29,Month-to-month,Credit card (automatic),760,22152.5,No
8687-BAFGU,Male,0,1,Month-to-month,UPI,740,740,No
0641-EVBOJ,Male,0,3,Month-to-month,Debit Card,823,2144,No
0829-XXPLX,Female,0,20,Month-to-month,UPI,894,18711.5,No
9974-JFBHQ,Male,0,64,Month-to-month,Credit card (automatic),991.5,61712,No
5356-RHIPP,Male,0,1,Month-to-month,Debit Card,202,202,Yes
6624-JDRDS,Female,0,6,Month-to-month,UPI,294.5,1614.5,No
0608-JDVEC,Male,0,50,Two year,UPI,198,10132,No
9780-FKVVF,Male,0,6,Month-to-month,UPI,591.5,3367,No
1919-RTPQD,Male,0,7,Month-to-month,UPI,447.5,3336.5,No
5214-NLTIT,Male,0,72,Two year,Credit card (automatic),908,65118,No
3345-PBBFH,Male,0,8,Month-to-month,UPI,495.5,3934.5,No
5055-BRMNE,Female,0,67,Two year,Credit card (automatic),1067,70095,No
9189-JWSHV,Female,1,24,Month-to-month,UPI,935.5,22640.5,Yes
2190-PHBHR,Female,0,72,Two year,Credit card (automatic),944.5,69217,No
2650-GYRYL,Male,0,33,One year,UPI,194.5,6002.5,No
0746-JTRFU,Male,0,2,Month-to-month,UPI,250.5,563.5,Yes
5208-FVQKB,Male,0,70,Two year,Debit Card,679.5,46641.5,No
7184-LRUUR,Female,0,22,One year,UPI,652.5,14418,No
6627-CFOSN,Female,0,59,Month-to-month,UPI,994.5,56237,No
3982-JGSFD,Male,0,36,One year,Credit card (automatic),203.5,6958.5,No
1574-DYCWE,Female,0,51,Two year,Debit Card,199.5,10287.5,No
7247-XOZPB,Male,0,53,One year,UPI,774,41559.5,No
2466-FCCPT,Female,0,20,One year,UPI,197,3956,No
6211-WWLTF,Male,0,63,Two year,Credit card (automatic),997,63304,No
4826-TZEVA,Female,0,40,Month-to-month,Credit card (automatic),748,29717,No
6016-NXBNJ,Male,0,35,One year,Debit Card,191.5,6380,No
9138-EFSMO,Male,0,26,One year,UPI,789.5,20342.5,No
0576-WNXXC,Male,1,27,Month-to-month,UPI,955.5,25102,Yes
4632-XJMEX,Male,0,53,One year,Credit card (automatic),628.5,34195,No
8910-LEDAG,Male,1,34,Month-to-month,Credit card (automatic),715.5,24273.5,No
3452-GWUIN,Female,1,19,Month-to-month,UPI,949.5,17602.5,No
2716-GFZOR,Male,0,43,Month-to-month,Credit card (automatic),861,35516.5,No
3724-UCSHY,Male,0,6,Month-to-month,Debit Card,195.5,1229,No
8626-XHBIE,Male,0,56,Two year,Debit Card,248,14242,No
4628-CTTLA,Male,0,57,Month-to-month,UPI,393,21114.5,Yes
3192-LNKRK,Male,0,34,Month-to-month,Debit Card,840.5,29099.5,No
4439-YRNVD,Female,0,10,Month-to-month,UPI,362.5,3740,No
2876-VBBBL,Female,0,1,Month-to-month,Debit Card,202.5,202.5,Yes
6834-NXDCA,Female,0,13,Month-to-month,UPI,239,3008,Yes
2208-UGTGR,Male,0,56,Month-to-month,UPI,986,55810.5,No
3005-TYFRD,Female,0,55,Month-to-month,Credit card (automatic),1036.5,56766.5,No
8670-MEFCP,Female,0,36,Two year,Credit card (automatic),929,33792.5,No
3079-BCHLN,Male,0,47,One year,UPI,199,9429.5,No
7777-UNYHB,Female,0,12,Month-to-month,Credit card (automatic),201,2324,No
5597-GLBUC,Female,0,1,Month-to-month,UPI,854.5,854.5,Yes
7278-CKDNC,Male,1,24,Month-to-month,UPI,805,20884.5,No
2748-MYRVK,Female,0,63,One year,UPI,999,61370,Yes
8450-UYIBU,Female,1,35,Month-to-month,UPI,398.5,14346,No
2969-VAPYH,Female,0,67,One year,Credit card (automatic),605,38700,No
4822-YCXMX,Male,0,25,Month-to-month,UPI,848,20434.5,Yes
7181-OQCUT,Male,0,21,Month-to-month,Debit Card,1038.5,22150,No
8474-UMLNT,Female,0,13,Month-to-month,UPI,678,8422.5,No
9821-POOTN,Male,0,35,Month-to-month,UPI,752,25762,Yes
3836-FZSDJ,Male,1,71,Two year,UPI,248.5,19010,No
9142-XMYJH,Female,0,29,Month-to-month,Credit card (automatic),193.5,6016,No
6559-ILWKJ,Male,0,71,Two year,UPI,493.5,35152.5,Yes
0187-QSXOE,Male,1,7,Month-to-month,UPI,890,6054.5,No
7733-UDMTP,Female,1,57,Month-to-month,UPI,550,30940.5,No
2649-HWLYB,Male,0,65,Two year,UPI,761.5,49295.5,No
5214-CHIWJ,Male,0,27,One year,Debit Card,203,5950.5,No
4229-CZMLL,Male,0,6,Month-to-month,UPI,749,4698,Yes
6904-JLBGY,Female,1,72,Two year,Credit card (automatic),1173.5,84362.5,No
2465-BLLEU,Male,0,1,Month-to-month,Debit Card,197.5,197.5,No
1685-VAYJF,Male,0,11,Month-to-month,Credit card (automatic),452,4920,No
8874-EJNSR,Male,0,39,Two year,Debit Card,252,9879.5,No
6917-YACBP,Female,1,59,Month-to-month,UPI,897.5,54969,No
5049-MUBWG,Male,0,26,One year,UPI,750,19083.5,No
4223-WOZCM,Male,1,2,Month-to-month,Debit Card,499.5,1071,No
0769-MURVM,Female,0,72,Two year,UPI,657,45753.5,No
9253-VIFJQ,Male,0,65,One year,Credit card (automatic),670.5,43095.5,No
7030-FZTFM,Male,0,72,Two year,Credit card (automatic),1109,79227.5,No
9741-YLNTD,Male,0,6,Month-to-month,UPI,879.5,5223.5,No
5917-RYRMG,Male,1,32,One year,Credit card (automatic),198,5877,No
5120-ZBLAI,Female,0,50,One year,UPI,757,38762,No
1194-BHJYC,Male,0,61,Two year,Debit Card,621.5,37788.5,No
3663-MITLP,Female,0,15,Month-to-month,UPI,1012.5,14572.5,Yes
0906-QVPMS,Male,0,72,Two year,UPI,1151.5,83494.5,No
9025-ZRPVR,Male,0,9,Month-to-month,Debit Card,189.5,1856,Yes
1905-OEILC,Female,0,1,Month-to-month,Debit Card,195,195,No
7858-GTZSP,Female,0,12,Month-to-month,UPI,865.5,10669,No
3285-UCQVC,Female,0,37,Month-to-month,Credit card (automatic),286,9735.5,Yes
6248-BSHKG,Male,0,61,One year,Debit Card,204,12264.5,No
4685-TFLLS,Male,0,18,One year,UPI,198,3423,No
3470-BTGQO,Male,0,21,Month-to-month,Debit Card,456.5,9850.5,No
1209-VFFOC,Male,0,68,Two year,Debit Card,564,39484.5,No
8224-DWCKX,Male,1,12,Month-to-month,Credit card (automatic),733,8280.5,No
5482-PLVPE,Female,1,2,Month-to-month,UPI,243.5,418.5,Yes
4553-DVPZG,Female,0,62,Month-to-month,UPI,1013.5,61647,No
4902-OHLSK,Female,1,29,Month-to-month,UPI,986.5,28627.5,Yes
6917-IAYHD,Male,0,1,Month-to-month,Debit Card,336,336,No
0495-ZBNGW,Male,1,5,Month-to-month,UPI,799,3439.5,Yes
8620-RJPZN,Female,0,1,Month-to-month,UPI,207,207,No
7572-KPVKK,Male,0,62,Two year,UPI,1040.5,65905,No
2642-MAWLJ,Female,0,36,Two year,UPI,202.5,7179.5,No
2357-COQEK,Female,1,28,Month-to-month,UPI,1033,28906.5,Yes
7103-ZGVNT,Female,0,69,One year,Credit card (automatic),737,48858.5,No
3737-GCSPV,Female,0,11,Month-to-month,Credit card (automatic),962,12220.5,Yes
2027-WKXMW,Female,0,63,Month-to-month,UPI,1087.5,68717,No
7137-NAXML,Male,0,23,One year,UPI,201.5,4056,No
2428-ZMCTB,Male,0,10,Month-to-month,Credit card (automatic),197.5,2082.5,No
2961-VNFKL,Female,0,71,Two year,Credit card (automatic),259.5,18019,No
1768-HNVGJ,Female,1,45,Month-to-month,UPI,700.5,30624.5,No
6963-KQYQB,Female,0,70,Two year,Debit Card,240.5,17647.5,No
5934-RMPOV,Female,0,22,Month-to-month,UPI,847.5,18167.5,No
1207-BLKSA,Female,0,52,Two year,Debit Card,230.5,12551,No
4088-YLDSU,Male,0,55,One year,UPI,1041.5,57430.5,Yes
8316-BBQAY,Female,0,65,Two year,Credit card (automatic),599.5,39211,No
1166-PQLGG,Female,0,72,Two year,UPI,195.5,14634.5,No
3146-JTQHR,Male,0,10,One year,UPI,196,1894.5,No
4291-YZODP,Female,0,7,One year,Debit Card,200.5,968,No
4395-PZMSN,Male,1,5,Month-to-month,UPI,855.5,4085,No
6427-FEFIG,Female,0,24,Two year,Credit card (automatic),786,18466.5,No
0017-IUDMW,Female,0,72,Two year,Credit card (automatic),1168,84567.5,No
8706-HRADD,Male,0,21,Month-to-month,Debit Card,435.5,10115,No
9955-QOPOY,Male,0,69,One year,Credit card (automatic),608,42634,No
4385-ZKVNW,Male,0,44,Month-to-month,UPI,549,25491,No
5446-DKWYW,Female,1,61,One year,UPI,652,39650.5,No
2034-CGRHZ,Male,1,24,Month-to-month,Credit card (automatic),1029.5,24967,Yes
5797-APWZC,Female,0,1,Month-to-month,UPI,906,906,Yes
3683-QKIUE,Female,0,6,Month-to-month,UPI,508,2880.5,Yes
4228-ZGYUW,Male,0,4,Month-to-month,UPI,900.5,3681,Yes
9031-ZVQPT,Male,0,72,Two year,UPI,1082,78406,No
2990-IAJSV,Male,0,72,Two year,UPI,920,66327.5,No
8107-KNCIM,Male,1,14,Month-to-month,UPI,751,10133.5,No
9027-YFHQJ,Male,0,7,Month-to-month,UPI,250.5,1529.5,No
5176-LDKUH,Female,0,48,One year,UPI,751.5,37726.5,No
4644-OBGFZ,Male,0,55,One year,Debit Card,195,10263.5,No
7926-IJOOU,Male,0,1,Month-to-month,Credit card (automatic),193,193,No
6480-YAGIY,Male,0,45,One year,Credit card (automatic),1122,50318.5,No
4029-HPFVY,Male,0,3,Month-to-month,Debit Card,703,2204,No
7602-DBTOU,Female,0,71,Two year,Debit Card,196,14165,No
5345-BMKWB,Male,0,8,Month-to-month,Debit Card,202.5,1583.5,No
3519-ZKXGG,Female,0,3,Month-to-month,UPI,758.5,2566,Yes
5457-COLHT,Male,0,69,Two year,UPI,806.5,55425.5,No
6416-TVAIH,Male,0,1,Month-to-month,UPI,685,685,Yes
5451-YHYPW,Female,1,72,Two year,Credit card (automatic),1157.5,84437,No
5108-ADXWO,Male,0,11,Month-to-month,UPI,735,7917.5,Yes
7998-WNZEM,Male,0,71,Two year,UPI,806,57082,No
3066-RRJIO,Female,0,1,Month-to-month,Debit Card,699.5,699.5,Yes
4664-NJCMS,Female,0,33,Two year,UPI,595.5,20163,No
0307-BCOPK,Female,0,16,One year,Debit Card,190.5,3266.5,No
7629-WFGLW,Female,1,56,One year,UPI,956.5,54717.5,No
2542-HYGIQ,Female,0,1,Month-to-month,Credit card (automatic),199.5,199.5,No
6715-OFDBP,Male,0,5,Month-to-month,UPI,700.5,3464,Yes
5016-LIPDW,Male,0,57,One year,Debit Card,194,10616,No
6481-LXPWL,Male,0,56,One year,Credit card (automatic),361,19715,No
1567-DSCIC,Male,0,8,Month-to-month,UPI,940,7736.5,Yes
2150-UWTFY,Female,0,22,Month-to-month,Debit Card,611.5,14220.5,Yes
6124-ACRHJ,Female,0,1,Month-to-month,Debit Card,197.5,197.5,No
9362-MWODR,Female,0,40,Month-to-month,Credit card (automatic),641,24603.5,No
9975-GPKZU,Male,0,46,Two year,Credit card (automatic),197.5,8565,No
9625-RZFUK,Male,0,63,Two year,Debit Card,197,12758.5,No
5153-LXKDT,Male,0,68,Two year,UPI,1102,74675,No
5161-UBZXI,Male,0,69,Two year,Credit card (automatic),1063.5,72617.5,No
1020-JPQOW,Female,0,56,Month-to-month,UPI,905.5,51166,No
7919-ZODZZ,Female,0,10,One year,Debit Card,659,6600.5,No
0565-JUPYD,Male,0,63,One year,Credit card (automatic),1045,65908,No
6867-ACCZI,Female,0,24,Two year,Debit Card,525,12081.5,No
5939-XAIXZ,Female,0,19,Month-to-month,Debit Card,561,10339,No
9054-FOWNV,Male,0,22,Month-to-month,UPI,887.5,18851.5,No
2683-BPJSO,Male,0,29,Month-to-month,UPI,844.5,24671,Yes
2157-MXBJS,Male,0,13,One year,Debit Card,753,9894.5,Yes
8207-VVMYB,Female,0,70,Two year,UPI,260,20069.5,No
9732-EQMWY,Female,0,49,Month-to-month,UPI,994,50250,No
9360-AHGNL,Female,1,43,One year,Debit Card,1095.5,48302.5,Yes
1087-UDSIH,Female,0,3,Month-to-month,Debit Card,196,597.5,Yes
5269-NRGDP,Male,0,42,One year,UPI,731.5,30882.5,No
6195-MELTI,Male,0,57,One year,Debit Card,546.5,31347,No
5485-WUYWF,Male,1,2,Month-to-month,UPI,664,945.5,Yes
2121-JAFOM,Female,0,72,Two year,Credit card (automatic),1155.5,83124,No
8818-DOPVL,Female,1,46,Month-to-month,UPI,1044.5,48638.5,No
2632-UCGVD,Male,1,66,Month-to-month,Credit card (automatic),1000.5,68719,Yes
5445-PZWGX,Male,0,62,One year,UPI,1020,65292.5,Yes
1227-UDMZR,Female,0,72,Two year,UPI,911.5,66379,No
5198-HQAEN,Male,0,35,One year,UPI,897,31656,No
9170-CCKOU,Male,0,17,Month-to-month,Credit card (automatic),902,14541.5,Yes
2167-FQSTQ,Female,0,72,Two year,UPI,924,67861,No
2819-GWENI,Female,0,28,One year,Debit Card,199,5430,No
1043-YCUTE,Male,0,56,Two year,Credit card (automatic),251.5,13271.5,Yes
3814-MLAXC,Female,0,31,Month-to-month,Credit card (automatic),798.5,24041.5,Yes
3572-UUHRS,Male,0,45,One year,UPI,188.5,8673,No
2692-PFYTJ,Female,0,1,Month-to-month,Debit Card,257.5,257.5,No
1226-UDFZR,Female,0,2,Month-to-month,Debit Card,496,1147,Yes
5955-EPOAZ,Female,0,6,Month-to-month,Debit Card,209.5,1095,No
6821-JPCDC,Female,0,48,One year,UPI,970.5,46929.5,No
8815-LMFLX,Male,0,25,Month-to-month,UPI,254,5468.5,No
9135-HSWOC,Male,0,64,Two year,UPI,197,12740.5,No
8582-KRHPJ,Male,0,50,Month-to-month,Debit Card,350,17824,No
5811-IWXYM,Female,0,52,One year,UPI,1012.5,53011,No
7044-YAACC,Male,1,4,Month-to-month,UPI,702,2803.5,No
8189-XRIKE,Female,1,32,Month-to-month,UPI,909.5,28979.5,No
1506-YJTYT,Male,0,45,Two year,Credit card (automatic),738.5,33710,No
4123-DVHPH,Male,0,9,Month-to-month,UPI,880.5,8013,No
6425-YQLLO,Female,1,66,One year,Credit card (automatic),1059.5,69752.5,Yes
5442-UTCVD,Male,0,3,Month-to-month,UPI,918.5,2570.5,Yes
2228-BZDEE,Female,0,54,Two year,Debit Card,201,10794.5,No
7734-DBOAI,Female,0,1,Month-to-month,UPI,401,401,Yes
2789-CZANW,Female,0,64,Two year,UPI,1103,69973,No
2091-RFFBA,Female,1,31,Month-to-month,UPI,739,22171.5,Yes
2114-MGINA,Female,0,14,Month-to-month,Debit Card,898,11291,Yes
7596-LDUXP,Female,0,12,One year,Credit card (automatic),851.5,9790.5,No
3740-RLMVT,Male,1,67,One year,UPI,609.5,41194,No
4489-SNOJF,Female,0,35,Month-to-month,UPI,722.5,25685.5,Yes
2192-OZITF,Female,0,45,Two year,Debit Card,735.5,33491,No
5651-CPDND,Male,0,10,Month-to-month,Debit Card,460,4921,No
2186-QZEYA,Female,1,29,Month-to-month,UPI,585.5,17189.5,No
1131-ALZWV,Female,0,24,One year,UPI,246,6052.5,No
7729-XBTWX,Male,0,66,Two year,Debit Card,197.5,13445,No
9134-WYRVP,Male,0,51,One year,Debit Card,863.5,42671.5,No
3284-SVCRO,Female,0,45,Two year,Debit Card,255,11210.5,No
9732-OUYRN,Female,0,49,One year,Credit card (automatic),190,9187,No
0559-CKHUS,Female,0,29,Two year,Debit Card,195.5,5218,No
2931-SVLTV,Male,0,40,Month-to-month,Credit card (automatic),1101,44691,No
6899-PPEEA,Female,1,37,Month-to-month,UPI,965.5,35803,Yes
7504-UWHNB,Male,0,25,Month-to-month,UPI,697.5,17293.5,No
2582-FFFZR,Female,0,22,Month-to-month,UPI,506,10733,No
8908-NMQTX,Male,0,72,Two year,UPI,656,45665,No
2187-LZGPL,Female,0,7,Month-to-month,Credit card (automatic),401,2933,Yes
1431-AIDJQ,Male,0,33,Two year,Credit card (automatic),821,26031,No
6288-LBEAR,Female,0,23,Month-to-month,Debit Card,791,17837.5,No
4597-NUCQV,Male,1,24,Month-to-month,UPI,1012.5,24401.5,Yes
9019-QVLZD,Female,0,1,Month-to-month,UPI,795.5,795.5,Yes
8413-YNHNV,Male,0,69,Two year,Debit Card,906.5,63221,No
5808-TOTXO,Female,0,3,One year,Credit card (automatic),205.5,574,No
4369-NYSCF,Male,0,56,One year,UPI,757.5,42846.5,No
6333-YDVLT,Male,0,65,One year,Credit card (automatic),1100,71386.5,No
5324-KTGCG,Male,0,71,One year,UPI,208.5,15397.5,No
5599-HVLTW,Female,1,14,Month-to-month,UPI,803.5,10581,No
7394-LWLYN,Female,0,2,Month-to-month,UPI,701.5,1238,No
3707-LRWZD,Female,0,32,One year,UPI,840.5,27818.5,Yes
6873-UDNLD,Male,0,40,Month-to-month,UPI,674.5,27310,No
2700-LUEVA,Male,0,1,Month-to-month,Credit card (automatic),207.5,207.5,No
1455-ESIQH,Male,0,1,Month-to-month,UPI,891,891,Yes
0958-YHXGP,Female,0,7,Month-to-month,Debit Card,699,4973,No
1101-SSWAG,Female,0,15,Month-to-month,UPI,511,7111.5,No
2979-SXESE,Female,0,17,Month-to-month,UPI,944,16072,Yes
4013-TLDHQ,Male,0,19,Month-to-month,UPI,782.5,14909.5,Yes
5743-KHMNA,Male,0,71,Two year,UPI,255.5,18981,No
4194-FJARJ,Female,0,54,Two year,UPI,600,32739.5,No
5325-UWTWJ,Male,0,31,Month-to-month,Credit card (automatic),905.5,29297.5,No
3969-GYXEL,Female,0,11,Month-to-month,UPI,764,8387,No
9208-OLGAQ,Female,1,18,Month-to-month,UPI,849.5,14436.5,No
3244-CQPHU,Female,1,72,Two year,UPI,1101,77467,No
2674-MLXMN,Female,1,71,Month-to-month,Credit card (automatic),996.5,69511.5,No
9708-HPXWZ,Male,1,5,Month-to-month,Credit card (automatic),454,2147.5,No
6992-TKNYO,Male,0,38,One year,Credit card (automatic),690,26694.5,No
4468-YDOVK,Male,0,5,Month-to-month,UPI,486.5,2352,No
3754-DXMRT,Male,1,2,Month-to-month,UPI,441.5,926.5,Yes
5792-JALQC,Female,1,52,Two year,UPI,598.5,31032.5,No
7130-VTEWQ,Female,1,8,Month-to-month,UPI,757.5,6062.5,Yes
2200-DSAAL,Female,0,68,Two year,UPI,806.5,53302,No
4302-ZYFEL,Male,0,69,One year,Credit card (automatic),205.5,14031,No
9351-LZYGF,Female,0,42,Month-to-month,Credit card (automatic),664,27278,No
4366-CTOUZ,Female,0,50,Two year,Debit Card,1002,50384.5,No
6121-VZNQB,Female,0,1,Month-to-month,Debit Card,191,191,Yes
7903-CMPEY,Male,1,1,Month-to-month,UPI,803,803,Yes
1518-OMDIK,Male,0,33,Month-to-month,Credit card (automatic),445.5,14626,No
6671-NGWON,Female,0,7,Month-to-month,Debit Card,203.5,1506,No
0595-ITUDF,Male,0,64,Month-to-month,UPI,918,59605,No
6996-KNSML,Female,0,1,Month-to-month,UPI,749,749,Yes
1955-IBMMB,Male,0,59,Two year,UPI,202,11923,No
0096-BXERS,Female,0,6,Month-to-month,UPI,503.5,3145.5,No
3806-YAZOV,Female,0,3,Month-to-month,Debit Card,188,560,No
7998-ZLXWN,Female,0,15,Month-to-month,Credit card (automatic),204.5,3308,No
6253-WRFHY,Male,0,13,One year,UPI,647.5,8773.5,No
9133-AYJZG,Female,0,23,Month-to-month,Credit card (automatic),987,22491,No
2675-OTVVJ,Male,1,31,Month-to-month,UPI,894.5,28076.5,No
8680-CGLTP,Male,0,29,One year,UPI,587.5,16962,No
8430-TWCBX,Female,0,49,One year,Credit card (automatic),207,10320.5,No
5018-GWURO,Female,0,56,Month-to-month,UPI,856,49028,No
6741-QRLUP,Female,0,63,Two year,Credit card (automatic),803,49953.5,No
4737-HOBAX,Male,0,63,Two year,Credit card (automatic),798,50340.5,No
0537-QYZZN,Male,1,24,Month-to-month,UPI,798.5,18577.5,No
3340-QBBFM,Male,1,36,One year,Credit card (automatic),541,19928.5,No
1704-NRWYE,Female,1,9,Month-to-month,UPI,808.5,7516.5,Yes
2592-SEIFQ,Male,0,3,Month-to-month,UPI,247.5,669.5,Yes
8200-KLNYW,Female,0,21,One year,Debit Card,809,17149.5,No
3372-CDXFJ,Male,0,13,One year,UPI,245,3436,No
4781-ZXYGU,Male,0,1,Month-to-month,UPI,201.5,201.5,No
7632-YUTXB,Female,0,25,One year,Debit Card,200.5,5201,No
2718-YSKCS,Male,0,71,Two year,UPI,196,13874.5,No
9896-UYMIE,Male,0,66,One year,UPI,1143,73837,No
0853-NWIFK,Female,0,45,One year,UPI,1003,44839.5,No
8212-CRQXP,Female,0,22,Month-to-month,Credit card (automatic),800,17064.5,No
6980-CDGFC,Female,0,67,One year,UPI,208.5,13274,No
7691-XVTZH,Female,0,68,Two year,UPI,899.5,59743,No
2520-SGTTA,Female,0,1,Two year,Debit Card,200,0,No
7481-ATQQS,Female,1,49,Month-to-month,Credit card (automatic),908.5,45158.5,Yes
2277-VWCNI,Female,1,4,Month-to-month,Debit Card,487.5,1798.5,No
1088-CNNKB,Male,0,63,One year,Credit card (automatic),800,50402,No
8642-GVWRF,Female,0,2,Month-to-month,UPI,797,1650,Yes
1930-BZLHI,Male,0,21,One year,Debit Card,203.5,4227,No
3400-ESFUW,Male,0,55,Two year,UPI,575.5,30464,Yes
5868-YTYKS,Male,0,1,Month-to-month,Debit Card,202.5,202.5,No
3525-DVKFN,Female,0,17,Two year,Debit Card,194,3580.5,No
1482-OXZSY,Male,0,30,Month-to-month,UPI,1004,29362.5,No
0377-JBKKT,Male,0,22,Month-to-month,Debit Card,579.5,12718,No
5778-BVOFB,Female,0,9,Month-to-month,UPI,595,5300.5,No
3373-YZZYM,Male,0,1,Month-to-month,Debit Card,192,192,No
2057-ZBLPD,Female,0,21,Month-to-month,UPI,865,18087,Yes
0228-MAUWC,Male,0,19,Month-to-month,UPI,595.5,11446,No
5502-RLUYV,Female,0,69,Month-to-month,UPI,1039.5,74469,Yes
0023-HGHWL,Male,1,1,Month-to-month,UPI,251,251,Yes
7663-YJHSN,Female,0,72,Two year,UPI,1039.5,75569,No
4915-BFSXL,Male,0,70,Two year,Credit card (automatic),689.5,48587,No
3086-RUCRN,Female,0,66,Month-to-month,UPI,1031,65950,No
5215-LNLDJ,Female,0,7,Month-to-month,UPI,247,1490.5,No
7576-JMYWV,Female,1,46,Month-to-month,UPI,1102,49721,No
9039-RBEEE,Male,0,39,Month-to-month,Credit card (automatic),489.5,18808.5,Yes
0257-KXZGU,Female,0,32,Month-to-month,UPI,624.5,20455.5,No
1307-ATKGB,Male,0,24,Month-to-month,UPI,895.5,21871.5,No
8417-FMLZI,Male,0,6,Month-to-month,Credit card (automatic),835.5,4775.5,Yes
3714-XPXBW,Female,0,37,Month-to-month,Credit card (automatic),789,29769.5,No
1850-AKQEP,Male,0,8,Month-to-month,Debit Card,203.5,1787,No
2824-DXNKN,Female,0,72,Two year,UPI,714.5,50258.5,No
5227-JSCFE,Male,1,71,Two year,Credit card (automatic),463.5,33534,No
0848-ZGQIJ,Female,0,16,Month-to-month,UPI,946.5,14611.5,No
3621-CHYVB,Female,0,57,Month-to-month,UPI,499,27824,No
8042-RNLKO,Male,0,66,One year,UPI,254.5,16991.5,No
1792-UXAFY,Female,1,17,Month-to-month,UPI,891.5,14969,Yes
5372-FBKBN,Female,0,21,Month-to-month,Debit Card,207.5,4522,No
0420-TXVSG,Male,0,66,Two year,Credit card (automatic),661,44284.5,No
6217-TOWGS,Female,0,17,Month-to-month,UPI,754,13225.5,No
0515-YPMCW,Male,0,1,Month-to-month,Debit Card,704.5,704.5,Yes
0378-XSZPU,Male,0,58,One year,Credit card (automatic),603,35638,Yes
1045-LTCYT,Female,0,8,Month-to-month,Credit card (automatic),210.5,1397.5,No
1544-JJMYL,Male,0,27,One year,Credit card (automatic),693.5,19273,No
4636-JGAAI,Male,0,34,Month-to-month,Debit Card,888.5,30002.5,No
6874-SGLHU,Male,0,30,One year,UPI,970,30213,No
5951-AOFIH,Male,0,33,Month-to-month,Credit card (automatic),664,22454,No
4729-XKASR,Male,0,1,Month-to-month,UPI,247.5,247.5,Yes
3059-NGMXB,Male,0,14,Month-to-month,Debit Card,692,9446.5,No
8652-YHIYU,Female,0,16,One year,Credit card (automatic),795,12642,No
5278-PNYOX,Female,0,49,Two year,Credit card (automatic),1006.5,49177.5,No
5449-FIBXJ,Male,0,19,Month-to-month,UPI,1033,20127,Yes
3486-HOOGQ,Female,0,70,Two year,UPI,797,57433,No
5061-PBXFW,Female,0,32,Month-to-month,UPI,614,18646.5,No
8630-FJLIB,Female,0,18,Month-to-month,UPI,698,12216.5,No
3891-NLXJB,Male,0,37,Two year,Debit Card,405.5,13908.5,No
4749-OJKQU,Female,0,4,Month-to-month,UPI,756.5,3023.5,No
0577-WHMEV,Female,0,16,Month-to-month,UPI,907,13749,No
5453-AXEPF,Male,0,17,Month-to-month,UPI,805,13369,No
3639-XJHKQ,Female,0,19,Month-to-month,UPI,606,12978,No
3716-LRGXK,Male,0,60,Two year,Credit card (automatic),1011.5,60674,No
2263-SFSQZ,Male,0,51,Two year,Debit Card,249.5,12222.5,No
9950-MTGYX,Male,0,28,Two year,Credit card (automatic),203,4879.5,No
3397-AVTKU,Male,0,43,Two year,UPI,600,25485.5,No
4825-FUREZ,Male,0,42,Two year,UPI,202.5,8355,No
9837-BMCLM,Male,0,3,Month-to-month,UPI,785,2420.5,Yes
2672-OJQZP,Female,0,1,Month-to-month,Debit Card,447.5,447.5,No
0137-UDEUO,Female,0,3,Month-to-month,Debit Card,198.5,637.5,Yes
3134-DSHVC,Female,0,63,Two year,Credit card (automatic),980,62184.5,No
6161-UUUTA,Male,1,3,Month-to-month,UPI,799,2609,Yes
7821-DPRQE,Male,0,68,Month-to-month,UPI,1077,73209,No
6543-XRMYR,Female,1,30,Month-to-month,UPI,997,29673.5,Yes
2001-EWBQU,Female,0,60,Two year,UPI,1047,63338,No
4925-LMHOK,Male,0,15,Month-to-month,Credit card (automatic),586,9397,Yes
1608-GMEWB,Male,1,45,Month-to-month,UPI,939,42002.5,No
6695-AMZUF,Female,0,70,Two year,Credit card (automatic),864.5,59502,No
1455-UGQVH,Male,0,10,Month-to-month,UPI,985,10377.5,Yes
8410-BGQXN,Male,0,4,Month-to-month,Debit Card,194,934,No
8280-MQRQN,Female,0,1,Month-to-month,Debit Card,504.5,504.5,Yes
1619-YWUBB,Female,0,68,Two year,Credit card (automatic),249.5,16149,No
7611-YKYTC,Male,0,22,Month-to-month,UPI,750,15739.5,No
2037-SGXHH,Male,0,38,Month-to-month,UPI,946.5,36243,Yes
3178-FESZO,Female,0,1,Month-to-month,Credit card (automatic),1002.5,1002.5,Yes
0365-GXEZS,Male,0,18,Month-to-month,UPI,782,14687.5,No
0082-OQIQY,Male,0,29,Month-to-month,UPI,942,26076,No
6087-MVHJH,Female,0,16,Month-to-month,UPI,884.5,14221,Yes
4603-JANFB,Male,0,1,Month-to-month,UPI,698.5,698.5,Yes
3018-TFTSU,Male,0,12,Month-to-month,UPI,817,8586,Yes
3606-SBKRY,Male,0,31,One year,UPI,500.5,15234,No
4806-KEXQR,Male,0,4,Month-to-month,UPI,799,3243,Yes
0667-NSRGI,Female,0,48,One year,Debit Card,695.5,34356,No
7083-YNSKY,Female,0,15,Month-to-month,Credit card (automatic),254,3996,Yes
6893-ODYYE,Male,0,50,One year,Credit card (automatic),901,45494.5,No
8242-JSVBO,Male,0,7,Month-to-month,UPI,446.5,3225,No
2479-BRAMR,Male,1,41,Month-to-month,UPI,837.5,32735.5,Yes
9541-ZPSEA,Male,0,68,Two year,Credit card (automatic),803.5,53751.5,No
2665-NPTGL,Female,1,26,Month-to-month,UPI,981,25107,No
1139-WUOAH,Male,0,57,Two year,Credit card (automatic),533.5,30900.5,No
4693-VWVBO,Female,0,3,Month-to-month,UPI,195.5,610.5,No
7434-SHXLS,Female,0,1,Month-to-month,Debit Card,209,209,Yes
6937-GCDGQ,Male,0,19,One year,UPI,489.5,9556,No
0988-JRWWP,Female,0,3,Month-to-month,UPI,542,1404,No
5075-JSDKI,Female,0,59,Two year,UPI,244.5,14931,No
7908-QCBCA,Female,0,1,Month-to-month,Debit Card,694,694,Yes
8644-XYTSV,Male,0,42,Month-to-month,UPI,401.5,16260.5,No
6711-FLDFB,Female,0,7,Month-to-month,UPI,749,5411.5,Yes
3873-WOSBC,Male,0,67,Two year,Credit card (automatic),256,17849,No
7465-ZZRVX,Male,0,1,Month-to-month,UPI,703.5,703.5,No
7975-JMZNT,Male,0,66,Two year,UPI,917,60759,No
7251-XFOIL,Female,0,61,Month-to-month,Debit Card,892,55006,No
4116-IQRFR,Male,0,4,One year,Credit card (automatic),241,731,No
3714-JTVOV,Female,1,42,Month-to-month,Credit card (automatic),741.5,32294,Yes
8259-DZLIZ,Female,0,64,One year,UPI,538.5,33998.5,No
0442-ZXKVS,Female,1,54,One year,UPI,1156,64310.5,No
7853-WNZSY,Male,0,1,Month-to-month,Credit card (automatic),197.5,197.5,No
3120-FAZKD,Male,0,54,Two year,UPI,240.5,12309,No
8606-OEGQZ,Female,0,18,Two year,Credit card (automatic),253,4546.5,No
0225-ZORZP,Male,0,3,Month-to-month,UPI,843,2350.5,No
4702-IOQDC,Female,0,1,Month-to-month,UPI,701,701,Yes
9489-JMTTN,Female,0,72,Two year,Credit card (automatic),897.5,65959,No
0575-CUQOV,Male,1,60,One year,UPI,979.5,58670,No
0967-BMLBD,Female,0,11,One year,Debit Card,200,1963.5,No
6178-KFNHS,Female,0,12,Month-to-month,UPI,783,9092.5,Yes
2830-LEWOA,Male,0,61,One year,Credit card (automatic),1039,64491.5,No
5006-MXVRN,Female,0,39,Two year,Credit card (automatic),207,7624.5,No
1264-BYWMS,Male,0,55,Month-to-month,UPI,968,52839.5,Yes
9658-WYUFB,Female,0,17,Month-to-month,UPI,944,16175,Yes
8327-WKMIE,Male,0,37,One year,Credit card (automatic),201.5,7857.5,No
6917-FIJHC,Female,0,72,Two year,Debit Card,260,17760,No
5329-KRDTM,Male,1,72,Two year,Credit card (automatic),773.5,53962.5,No
7797-EJMDP,Female,0,8,Month-to-month,UPI,660.5,5745,No
3530-VWVGU,Female,0,22,Month-to-month,Debit Card,199,4003,No
2013-SGDXK,Female,0,1,Month-to-month,UPI,843,843,Yes
6368-NWMCE,Female,0,38,Month-to-month,Credit card (automatic),681.5,26563,No
3633-CDBUW,Male,0,17,One year,UPI,808.5,14459.5,No
0707-HOVVN,Female,1,70,Two year,UPI,755,52126.5,No
8580-QVLOC,Female,1,72,Two year,Credit card (automatic),924.5,64402.5,Yes
3956-MGXOG,Female,0,28,Month-to-month,UPI,806,22449.5,No
9274-UARKJ,Female,0,15,Month-to-month,UPI,832,11300,No
4077-HWUYD,Male,0,72,Two year,UPI,875.5,64631.5,No
2012-NWRPA,Female,1,11,Month-to-month,UPI,995.5,11312,Yes
8808-ELEHO,Male,1,8,Month-to-month,UPI,812.5,5859.5,Yes
0103-CSITQ,Female,0,57,One year,UPI,1094,62527,No
3506-LCJDC,Male,0,1,Month-to-month,UPI,199.5,199.5,Yes
8671-KKKOS,Female,0,46,Month-to-month,UPI,455.5,20621.5,No
7305-ZWMAJ,Male,0,30,One year,Credit card (automatic),207,5871,No
9518-XXBXE,Male,1,10,Month-to-month,UPI,753,7204.5,No
3934-HXCFZ,Male,0,23,Month-to-month,UPI,992.5,21864,Yes
6578-KRMAW,Male,0,32,Month-to-month,Credit card (automatic),934,29793,No
4860-IJUDE,Male,0,13,Month-to-month,Credit card (automatic),737.5,9566.5,No
7666-WKRON,Female,0,39,Two year,UPI,804.5,32015.5,Yes
9688-YGXVR,Female,0,44,Month-to-month,Credit card (automatic),881.5,39732,No
0423-UDIJQ,Male,1,9,Month-to-month,Debit Card,492,4479,No
1945-XISKS,Female,0,67,Two year,Debit Card,196.5,13352,No
4910-AQFFX,Male,0,9,Month-to-month,UPI,793.5,6612.5,Yes
2154-KVJFF,Female,0,15,Month-to-month,UPI,797.5,11118.5,Yes
5360-LJCNJ,Female,0,71,Two year,UPI,1051.5,75550,No
2607-FBDFF,Male,0,1,Month-to-month,Credit card (automatic),490,490,No
9647-ERGBE,Female,0,30,Month-to-month,UPI,1000.5,30461.5,Yes
3428-XZMAZ,Male,0,1,Month-to-month,UPI,693.5,693.5,Yes
1100-DDVRV,Male,0,17,Month-to-month,Debit Card,498,8363.5,No
0378-TOVMS,Female,0,3,Month-to-month,UPI,858,2722,Yes
4355-HBJHH,Male,0,67,Two year,UPI,797,52934,Yes
6728-WYQBC,Male,0,1,Month-to-month,UPI,209.5,209.5,No
9058-CBREO,Female,1,1,Month-to-month,Debit Card,505.5,505.5,Yes
9029-FEGVJ,Female,1,32,Month-to-month,Debit Card,793,25700,No
7216-KAOID,Male,0,41,One year,UPI,195,7982,No
0318-QUUOB,Male,0,1,Month-to-month,UPI,805.5,805.5,Yes
6145-NNPNO,Female,0,1,Month-to-month,UPI,441.5,441.5,No
5520-FVEWJ,Female,0,12,Month-to-month,UPI,845,9169,Yes
5339-TJFEK,Male,0,62,Month-to-month,UPI,1055,64872,No
5572-ZDXHY,Female,0,22,Month-to-month,Debit Card,843,18556.5,Yes
2074-GUHPQ,Female,0,17,Month-to-month,Credit card (automatic),927,15568.5,No
4625-XMOYM,Female,0,72,Two year,UPI,262.5,19880.5,No
5827-MWCZK,Male,0,56,Month-to-month,Credit card (automatic),969.5,54322,No
1385-TQOZW,Female,0,9,Month-to-month,Credit card (automatic),204.5,1475.5,No
5914-XRFQB,Male,0,72,Two year,UPI,1158,84249,No
4329-YPDDQ,Male,0,20,Month-to-month,UPI,1082,22037,No
4804-NCPET,Male,0,19,Two year,Debit Card,202,3874,No
3750-CKVKH,Male,0,2,Month-to-month,UPI,677.5,1166.5,Yes
5944-UGLLK,Male,0,53,One year,Credit card (automatic),549,30457.5,No
8063-GBATB,Female,1,27,Month-to-month,UPI,852.5,22872.5,Yes
7787-BNTZM,Male,0,6,Month-to-month,UPI,201.5,1305,No
2252-ISRNH,Male,0,9,One year,UPI,903.5,7679,No
9415-TPKRV,Female,0,8,Month-to-month,UPI,557.5,4468,No
5322-TEUJK,Female,0,71,Two year,UPI,1146,81002.5,No
4547-KQRTM,Female,0,10,Month-to-month,UPI,800.5,8307,Yes
4877-EVATK,Male,0,1,Month-to-month,Debit Card,200,200,Yes
1866-DIOQZ,Female,0,71,One year,UPI,668,46891.5,No
8375-KVTHK,Male,0,68,One year,UPI,1003,67543.5,No
2697-NQBPF,Male,0,34,Month-to-month,UPI,1053.5,35406.5,No
3709-OIJEA,Male,0,26,One year,UPI,852,21846,No
7639-SUPCW,Female,0,22,Month-to-month,Credit card (automatic),488,10546,Yes
1386-ZIKUV,Male,0,7,Month-to-month,Debit Card,189.5,1305.5,No
0599-XNYDO,Female,0,20,Month-to-month,UPI,698,15403.5,No
6377-WHAOX,Female,0,60,Month-to-month,UPI,1061.5,64112.5,No
6855-VLGOS,Male,0,72,Two year,UPI,205.5,14325.5,No
8999-XXGNS,Female,1,72,One year,Credit card (automatic),1057.5,76298.5,No
8746-OQQRW,Male,0,4,Month-to-month,Debit Card,252.5,1019,No
3181-MIZBN,Male,0,16,Month-to-month,UPI,197.5,3134,No
0471-ARVMX,Female,1,62,One year,UPI,1048.5,63129,No
7766-CLTIC,Female,0,10,Month-to-month,Debit Card,609.5,6295.5,No
5650-YLIBA,Male,0,31,Month-to-month,UPI,811.5,26405.5,No
0825-CPPQH,Female,0,71,Two year,Credit card (automatic),191,13724.5,No
9084-OAYKL,Male,0,58,Two year,Debit Card,208,12122.5,No
6122-LJADA,Male,0,70,Two year,Credit card (automatic),901.5,62370.5,No
2400-XIWIO,Female,0,71,Two year,UPI,901,63109,No
7524-VRLPL,Male,1,69,Two year,Credit card (automatic),741,50310,No
1069-XAIEM,Female,1,1,Month-to-month,UPI,850.5,850.5,Yes
7569-NMZYQ,Female,0,72,Two year,UPI,1187.5,86724.5,No
5201-USSQZ,Female,0,26,Month-to-month,Credit card (automatic),859,21964.5,No
2105-PHWON,Female,0,33,Month-to-month,Credit card (automatic),950,30081.5,No
1494-EJZDW,Female,0,10,Two year,Debit Card,201.5,2208,No
4884-TVUQF,Female,1,57,Two year,Credit card (automatic),1013,57796,No
8003-EWNDZ,Female,0,10,Month-to-month,UPI,212,2226.5,No
1897-RCFUM,Female,0,39,One year,Debit Card,242,9146,No
9256-JTBNZ,Female,0,11,Month-to-month,UPI,203,2463,No
4658-HCOHW,Female,0,21,Month-to-month,UPI,1028,21101.5,Yes
2211-RMNHO,Female,0,68,Two year,UPI,853,55600,No
2432-TFSMK,Male,0,18,One year,Credit card (automatic),896,16330,No
3440-JPSCL,Female,0,6,Month-to-month,Debit Card,999.5,5476.5,Yes
4929-ROART,Male,0,18,Month-to-month,Debit Card,562.5,9698.5,No
1834-ABKHQ,Female,0,52,One year,UPI,509.5,26106.5,No
1741-WTPON,Male,0,56,Two year,Debit Card,1158.5,65679,No
3932-IJWDZ,Male,0,45,Month-to-month,UPI,1036.5,47478.5,No
1240-HCBOH,Female,0,67,Two year,Debit Card,261,17595.5,No
3594-KADLU,Male,0,3,Month-to-month,Debit Card,351,1011,No
8065-BVEPF,Male,1,65,Month-to-month,UPI,991,64961.5,No
3796-ENZGF,Male,0,63,Two year,Debit Card,672.5,42341.5,No
1734-ZMNTZ,Female,0,11,Two year,Debit Card,250,3007,No
2853-CWQFQ,Male,0,1,Month-to-month,Debit Card,595.5,595.5,No
0813-TAXXS,Male,0,55,Two year,UPI,778,43233.5,No
2519-TWKFS,Male,0,25,One year,Debit Card,551,14661,No
2889-FPWRM,Male,0,72,One year,UPI,1178,86848,Yes
0626-QXNGV,Female,0,72,Two year,Credit card (automatic),241.5,17764.5,No
6723-CEGQI,Female,0,65,Two year,Debit Card,452.5,29339.5,No
6987-XQSJT,Female,1,54,Month-to-month,UPI,795,43702.5,Yes
4732-RRJZC,Male,0,7,Month-to-month,Debit Card,202.5,1443.5,No
9499-XPZXM,Female,0,72,Two year,UPI,647.5,48047.5,No
4338-EYCER,Male,0,21,Month-to-month,UPI,546,11252,No
3007-FDPEA,Female,0,2,Month-to-month,UPI,207,398.5,No
6350-XFYGW,Male,1,4,Month-to-month,UPI,947.5,4224,No
4290-BSXUX,Male,0,3,Month-to-month,UPI,796.5,2517.5,Yes
8513-OLYGY,Male,0,72,Two year,Credit card (automatic),1158,83321.5,No
0311-QYWSS,Female,0,6,Month-to-month,UPI,494.5,3146,No
8705-DWKTI,Male,0,52,Month-to-month,Credit card (automatic),838,43314,No
8755-IWJHN,Male,1,69,Month-to-month,UPI,953.5,63820,No
0325-XBFAC,Male,0,8,Month-to-month,UPI,947,7403,Yes
4480-QQRHC,Female,1,8,Month-to-month,UPI,740.5,6001.5,No
0929-PECLO,Female,1,63,Month-to-month,UPI,896,55388,No
3680-CTHUH,Male,0,60,One year,Credit card (automatic),1166,70495,No
1202-KKGFU,Female,0,12,Month-to-month,UPI,542,6905,No
6112-KTHFQ,Female,0,13,Month-to-month,Debit Card,193,2793,No
1852-XEMDW,Male,0,22,Month-to-month,Debit Card,650.5,14275.5,No
2462-XIIJB,Male,0,5,Month-to-month,UPI,925,4527,Yes
4760-XOHVN,Female,0,1,Month-to-month,Debit Card,194.5,194.5,Yes
1820-DJFPH,Female,0,72,Two year,UPI,240.5,17091.5,No
9426-SXNHE,Female,0,2,Month-to-month,UPI,187.5,531.5,No
9068-FHQHD,Female,0,40,Two year,UPI,201.5,7773.5,No
1269-FOYWN,Male,0,44,One year,UPI,200,8608.5,No
9470-YFUYI,Male,1,71,One year,UPI,710,50121,No
7817-BOQPW,Female,0,2,Month-to-month,UPI,755.5,1663,Yes
7402-EYFXX,Male,1,26,Month-to-month,UPI,936,24041,No
1853-UDXBW,Male,0,1,Month-to-month,UPI,700,700,Yes
9895-VFOXH,Female,0,1,Month-to-month,Debit Card,244,244,No
5458-CQJTA,Male,0,65,Two year,UPI,748,48201.5,Yes
1230-QAJDW,Male,0,3,Month-to-month,Debit Card,652.5,2099,No
5701-ZIKJE,Male,0,13,Month-to-month,Debit Card,505.5,6107.5,No
5219-YIPTK,Female,0,33,Month-to-month,UPI,1044,34096,Yes
5032-MIYKT,Female,0,1,Month-to-month,Debit Card,707,707,No
7396-VJUZB,Male,0,4,Month-to-month,Debit Card,452.5,1553.5,No
9717-QEBGU,Male,0,2,Month-to-month,UPI,703,1440,No
5172-RKOCB,Male,0,72,Two year,Credit card (automatic),1089.5,78750,No
6509-TSGWN,Female,0,37,Month-to-month,Debit Card,264.5,9116,No
3540-RZJYU,Female,0,15,Month-to-month,UPI,862,12702,Yes
3178-CIFOT,Female,0,23,One year,Credit card (automatic),196.5,4781,No
2091-MJTFX,Female,0,30,Month-to-month,Credit card (automatic),512,15615,Yes
4530-NDRKU,Female,0,42,One year,UPI,190.5,7618.5,No
5985-TBABQ,Female,0,32,One year,Debit Card,747.5,22829.5,No
9800-ONTFE,Female,0,22,Month-to-month,UPI,758,16151,No
6743-HHQPF,Male,0,42,Month-to-month,Credit card (automatic),251,10971.5,No
8455-HIRAQ,Female,0,8,Month-to-month,Debit Card,444.5,3693,No
6616-AALSR,Female,0,65,Two year,Credit card (automatic),1043,67253,No
0883-EIBTI,Female,0,2,Month-to-month,Debit Card,195,315.5,Yes
9415-ZNBSX,Female,0,70,Two year,UPI,890,62932,No
4018-KJYUY,Male,0,22,Month-to-month,Credit card (automatic),201.5,4325,No
0722-TROQR,Female,1,4,Month-to-month,UPI,749,3217.5,Yes
7571-YXDAD,Female,0,2,Month-to-month,Credit card (automatic),749,1471.5,Yes
3884-UEBXB,Female,0,67,Two year,UPI,361.5,24344.5,No
8780-RSYYU,Female,0,25,Month-to-month,Credit card (automatic),192,5321,No
5537-UXXVS,Female,0,20,Month-to-month,UPI,192.5,3752.5,No
1791-PQHBB,Female,0,2,Month-to-month,Credit card (automatic),612,1259.5,No
8701-DGLVH,Male,0,51,Two year,Debit Card,204.5,10426.5,No
8741-LQOBK,Female,0,46,Month-to-month,UPI,350.5,16202.5,No
3393-FMZPV,Female,0,25,Month-to-month,UPI,1002.5,23877.5,Yes
8082-GHXOP,Male,0,13,Month-to-month,Debit Card,440,6593.5,No
6402-ZFPPI,Female,1,25,Month-to-month,Debit Card,1028,26602,Yes
0980-FEXWF,Male,0,26,One year,Debit Card,503.5,12858,No
7486-KSRVI,Male,0,43,One year,UPI,1000,42115.5,Yes
3011-WQKSZ,Male,0,19,Month-to-month,UPI,200,3775.5,No
8443-WVPSS,Male,0,10,Month-to-month,UPI,998.5,9909,Yes
3006-XIMLN,Female,0,2,Month-to-month,UPI,942,1938,Yes
8218-FFJDS,Female,0,72,Two year,UPI,864,60589.5,No
1986-PHGZF,Male,1,18,Month-to-month,Credit card (automatic),584,9649,No
9965-YOKZB,Male,1,9,Month-to-month,UPI,838.5,7901.5,Yes
0504-HHAPI,Female,1,27,Month-to-month,Credit card (automatic),883,24677.5,Yes
9360-OMDZZ,Male,0,24,Month-to-month,UPI,941,23228.5,No
6305-YLBMM,Male,0,69,One year,UPI,1040.5,72620,Yes
0345-XMMUG,Female,0,46,Two year,Credit card (automatic),1089,48543,No
8024-XNAFQ,Female,1,72,Two year,UPI,1074,77487.5,No
3647-GMGDH,Male,0,22,Month-to-month,Credit card (automatic),947,19149,Yes
2988-GBIVW,Female,1,70,Month-to-month,UPI,908.5,64701,No
2832-SCUCO,Female,0,2,Month-to-month,UPI,199,574,No
7036-ZZKBD,Male,0,31,Month-to-month,Credit card (automatic),664,20198,No
3791-LGQCY,Female,1,56,Month-to-month,UPI,1006.5,56880.5,Yes
0265-PSUAE,Female,0,16,Month-to-month,UPI,1007,15227,No
0463-TXOAK,Male,0,52,Two year,Credit card (automatic),256,13345,No
0594-UFTUL,Male,0,13,Month-to-month,Debit Card,198.5,2520,No
9509-MPYOD,Female,0,35,One year,Debit Card,207.5,7004.5,No
9128-CPXKI,Female,0,59,Two year,UPI,958,56554.5,No
0129-KPTWJ,Male,0,72,Month-to-month,UPI,946.5,67473.5,No
8166-ZZTFS,Female,1,66,Two year,UPI,805.5,52651,Yes
5855-EIBDE,Female,0,49,Two year,Credit card (automatic),1066.5,51743.5,No
5365-LLFYV,Female,0,2,Month-to-month,Debit Card,458.5,1056,No
5956-YHHRX,Male,1,21,Month-to-month,UPI,1043.5,22718.5,No
6008-NAIXK,Male,1,54,One year,UPI,554.5,29669.5,No
2956-GGUCQ,Male,1,24,Month-to-month,UPI,788.5,17722.5,Yes
1928-BXYIV,Male,0,1,Month-to-month,UPI,611.5,611.5,No
5760-FXFVO,Male,0,6,Month-to-month,UPI,789.5,4949.5,No
6595-COKXZ,Female,0,1,Month-to-month,Debit Card,444.5,444.5,Yes
0961-ZWLVI,Male,0,49,One year,Credit card (automatic),1092,52904.5,No
5181-OABFK,Female,0,56,Two year,Credit card (automatic),613,33468,No
4007-NHVHI,Female,1,56,Month-to-month,UPI,968.5,52196.5,No
7816-VGHTO,Female,0,6,Two year,Debit Card,405.5,2175,No
5871-DGTXZ,Male,0,32,One year,Debit Card,198,6077,No
7550-WIQVA,Male,0,50,One year,UPI,1082.5,54314,No
7544-ZVIKX,Male,0,58,One year,UPI,1050.5,60048.5,No
0016-QLJIS,Female,0,65,Two year,Debit Card,904.5,59579,No
7508-DQAKK,Female,0,64,Two year,Credit card (automatic),864,54420.5,No
5176-OLSKT,Female,0,66,Two year,UPI,669,43702.5,No
9356-AXGMP,Male,0,38,One year,UPI,1107,44286,No
3556-BVQGL,Female,0,20,One year,Debit Card,200,4164.5,No
0362-ZBZWJ,Male,0,36,Month-to-month,UPI,849,30672,Yes
8979-CAMGB,Male,1,64,One year,UPI,1021,66881,No
4211-MMAZN,Male,0,1,Month-to-month,Debit Card,202.5,202.5,Yes
7581-EBBOU,Female,0,60,One year,Credit card (automatic),701.5,42247,No
4274-OWWYO,Male,0,1,Month-to-month,UPI,743.5,743.5,Yes
5073-RZGBK,Female,0,50,One year,UPI,800.5,40422,No
1541-ETJZO,Male,0,1,Month-to-month,Debit Card,620.5,620.5,Yes
2192-CKRLV,Female,0,72,Two year,UPI,492,35809.5,No
3154-HMWUU,Male,0,60,Two year,UPI,205,11988,No
6119-SPUDB,Male,0,46,Two year,Debit Card,382.5,17553.5,No
6522-OIQSX,Female,0,69,Two year,Credit card (automatic),549.5,37725,No
7813-ZGGAW,Male,1,31,Month-to-month,UPI,966,28779.5,No
8748-HFWBO,Male,0,19,One year,Debit Card,199,3577,No
1052-QJIBV,Female,0,71,Two year,Credit card (automatic),199,13973,No
1319-YLZJG,Male,0,12,Month-to-month,UPI,846,9599,No
4106-HADHQ,Male,0,39,One year,Credit card (automatic),800,31829.5,Yes
0723-FDLAY,Male,0,44,One year,UPI,852.5,37041.5,No
3050-RLLXC,Female,0,56,Two year,Credit card (automatic),812.5,46204,No
9298-WGMRW,Female,0,72,Two year,UPI,1155,83127.5,No
2369-UAPKZ,Male,0,5,Month-to-month,Debit Card,1041,5419,Yes
3088-LHEFH,Female,0,11,Month-to-month,UPI,790,9293,No
2778-OCLGR,Male,1,24,Month-to-month,UPI,391,9713,Yes
6583-KQJLK,Female,1,15,Month-to-month,UPI,946.5,12850.5,No
8544-JNBOX,Male,0,72,Two year,Debit Card,208,15212,No
6681-ZSEXG,Male,0,56,Two year,Credit card (automatic),595,33892.5,No
6139-ZZRBQ,Male,1,64,Two year,UPI,200.5,11980.5,No
6116-RFVHN,Female,0,34,Month-to-month,UPI,1004.5,34146.5,No
0637-KVDLV,Male,0,2,Month-to-month,UPI,765,1624.5,Yes
8884-FEEWR,Male,0,35,One year,UPI,206,7540,No
3125-RAHBV,Male,0,22,One year,Credit card (automatic),203,4671.5,No
6633-MPWBS,Male,0,5,Month-to-month,UPI,492,2169,Yes
0373-AIVNJ,Male,0,9,One year,Debit Card,395.5,3730,No
8785-EPNCG,Male,0,11,Month-to-month,Credit card (automatic),231.5,2452,Yes
1682-VCOIO,Male,0,23,One year,Debit Card,204.5,4811,No
5729-KLZAR,Female,0,4,Month-to-month,UPI,808.5,3027.5,Yes
2072-ZVJJX,Male,0,68,Two year,UPI,252.5,17282,No
8849-AYPTR,Male,0,33,Month-to-month,UPI,912.5,29640.5,No
9518-IMLHK,Male,0,31,Month-to-month,UPI,724.5,21562.5,No
1582-RAFML,Male,0,1,Month-to-month,Debit Card,601,601,Yes
3646-ITDGM,Female,0,56,Two year,UPI,197,10519,No
8740-CRYFY,Male,0,1,Month-to-month,UPI,789.5,789.5,Yes
3569-VLDHH,Male,0,66,One year,UPI,751,50130,No
8224-KDLKN,Male,0,72,Two year,UPI,250,17389,No
7594-LZNWR,Male,1,34,Month-to-month,Credit card (automatic),691.5,22751,No
4001-TSBTV,Female,0,58,Month-to-month,UPI,915.5,55116.5,No
2962-XPMCQ,Male,0,2,Month-to-month,UPI,451.5,985,Yes
8727-XDPUD,Male,0,37,Two year,Credit card (automatic),358,13169,No
1043-UXOVO,Female,0,71,Two year,Credit card (automatic),1131.5,79933,No
1064-FBXNK,Male,0,1,One year,Credit card (automatic),198.5,198.5,No
3996-ZNWYK,Male,1,71,Two year,Credit card (automatic),198,13884.5,No
2878-DHMIN,Male,0,35,One year,UPI,199,6660,No
7762-ONLJY,Female,0,6,One year,Debit Card,197,944.5,No
1678-FYZOW,Female,0,3,Month-to-month,UPI,794,2446.5,Yes
5795-BKOYE,Female,0,69,One year,UPI,591,41347,No
8627-EHGIP,Male,0,44,One year,Debit Card,539.5,23754,Yes
7402-PWYJJ,Female,0,53,One year,UPI,911.5,48625,No
5480-TBGPH,Female,0,24,Month-to-month,Credit card (automatic),993,24313.5,Yes
0018-NYROU,Female,0,5,Month-to-month,UPI,689.5,3515,No
7501-VTYLJ,Female,0,2,Month-to-month,Debit Card,515.5,1062,No
7608-RGIRO,Male,0,62,Two year,Debit Card,244,14130,No
0480-BIXDE,Female,0,19,Month-to-month,UPI,968,17430.5,No
5895-QSXOD,Male,0,9,Month-to-month,Debit Card,700.5,6575,No
9814-AOUDH,Male,0,53,Two year,Credit card (automatic),195,10505,No
6175-IRFIT,Male,0,5,Month-to-month,Debit Card,787.5,4263.5,No
8760-ZRHKE,Female,1,71,One year,UPI,692,49825,No
1622-HSHSF,Female,0,1,Month-to-month,Debit Card,195.5,195.5,No
8854-CCVSQ,Male,0,18,Month-to-month,UPI,806.5,14519,Yes
6749-UTDVX,Male,0,72,Two year,UPI,1036.5,76348,No
5542-DHSXL,Female,0,4,Month-to-month,Debit Card,547,2350.5,No
9102-OXKFY,Male,0,59,Two year,Credit card (automatic),541.5,31161.5,No
0511-JTEOY,Female,0,1,Month-to-month,Debit Card,711,711,Yes
5216-WASFJ,Female,1,31,Month-to-month,UPI,848.5,26334,No
7808-DVWEP,Male,0,3,Month-to-month,UPI,200,496.5,No
7067-KSAZT,Female,1,65,One year,UPI,1062.5,69798,Yes
2284-VFLKH,Male,0,49,One year,Credit card (automatic),992.5,49208,No
0366-NQSHS,Male,0,2,Month-to-month,Debit Card,193.5,463.5,No
6532-YLWSI,Female,0,53,One year,UPI,208,10218,Yes
3807-BPOMJ,Female,0,55,One year,UPI,947.5,52761,No
3892-NXAZG,Male,0,72,Two year,Credit card (automatic),1140.5,82892,No
4948-WBBKL,Female,1,36,Month-to-month,UPI,749,26594.5,No
4182-BGSIQ,Female,0,10,Month-to-month,UPI,198,1967.5,No
9300-AGZNL,Male,1,1,Month-to-month,UPI,940,940,Yes
0988-AADSA,Female,0,72,Two year,UPI,808.5,58247.5,No
9972-NKTFD,Female,0,28,Month-to-month,UPI,546.5,15175,No
3717-LNXKW,Male,0,38,Month-to-month,UPI,917,34790.5,No
5734-EJKXG,Female,0,61,One year,UPI,1186,73657,No
2207-RYYRL,Male,0,52,Two year,Debit Card,245.5,13310.5,No
6729-FZWSY,Male,0,67,One year,Debit Card,194.5,11959.5,No
9695-IDRZR,Female,0,34,Two year,Credit card (automatic),1161.5,39469,No
8144-DGHXP,Female,0,54,Two year,UPI,806,42999.5,No
7814-LEEVE,Female,0,1,Month-to-month,UPI,203,203,No
1112-CUNAO,Female,1,15,Month-to-month,UPI,898.5,14249.5,Yes
5175-AOBHI,Female,0,4,Month-to-month,Debit Card,460,1936,Yes
5174-RNGBH,Female,0,9,Month-to-month,Debit Card,662.5,6205.5,Yes
8631-WUXGY,Female,0,46,Month-to-month,UPI,998,43912.5,No
7270-BDIOA,Female,0,22,Month-to-month,UPI,900,19938,Yes
9565-JSNFM,Male,0,38,One year,UPI,704.5,25976,Yes
5906-DVAPM,Female,0,55,One year,Credit card (automatic),750,42139,No
6654-QGBZZ,Female,0,1,Month-to-month,Debit Card,199,199,No
8348-JLBUG,Male,1,64,One year,Credit card (automatic),803,50177,No
0607-DAAHE,Male,0,53,Two year,UPI,197.5,10523.5,Yes
5641-DMBFJ,Female,0,58,Two year,UPI,843,49164,No
9200-NLNPD,Male,0,56,One year,UPI,540.5,29598,No
2664-XJZNO,Male,0,72,Two year,Credit card (automatic),1049,75595.5,No
9732-KPKBW,Male,0,1,Month-to-month,UPI,539.5,539.5,Yes
3339-EAQNV,Male,1,72,One year,Credit card (automatic),972.5,71331,No
0921-OHLVP,Male,0,22,Month-to-month,UPI,830.5,17993,No
3389-YGYAI,Female,1,8,Month-to-month,UPI,1055,8295.5,Yes
9560-ARGQJ,Female,0,16,Month-to-month,UPI,810,13121.5,Yes
8350-NYMVI,Female,0,39,Month-to-month,UPI,411,15970.5,No
1600-DILPE,Female,0,12,Month-to-month,UPI,450,5243.5,No
0536-ESJEP,Male,0,54,Two year,UPI,745.5,41914.5,No
4654-GGUII,Female,0,18,One year,Debit Card,402,7119.5,No
6478-HRRCZ,Male,0,32,One year,Debit Card,705,22017.5,No
8510-BBWMU,Female,0,41,One year,Debit Card,197.5,8069.5,No
6857-TKDJV,Male,0,67,Two year,UPI,246.5,16204.5,No
2360-RDGRO,Male,0,65,Month-to-month,UPI,1042.5,68129.5,No
0584-BJQGZ,Female,0,25,Month-to-month,UPI,783.5,18379,No
5134-IKDAY,Female,0,1,Month-to-month,UPI,698,698,Yes
1360-XFJMR,Female,0,67,One year,Credit card (automatic),1097,73444.5,No
3070-DVEYC,Male,1,7,Month-to-month,Debit Card,737.5,5451.5,Yes
5730-RIITO,Female,1,43,Month-to-month,Credit card (automatic),334.5,15002.5,No
9058-MJLZC,Female,0,24,Month-to-month,UPI,946,22831.5,No
5707-ORNDZ,Male,1,9,Month-to-month,UPI,545.5,4940.5,Yes
0902-XKXPN,Male,0,69,Two year,UPI,202,13765,No
5177-RVZNU,Female,0,37,One year,UPI,203,7554,No
0056-EPFBG,Male,0,20,Two year,Credit card (automatic),394,8254,No
8993-IZEUX,Male,0,7,Month-to-month,UPI,691.5,4886.5,No
8696-JKZNU,Female,1,37,Month-to-month,UPI,762.5,28415.5,Yes
5380-AFSSK,Female,0,5,Month-to-month,Debit Card,939,4868.5,Yes
8190-ZTQFB,Male,0,41,One year,UPI,513.5,20751,No
0931-MHTEM,Female,0,54,One year,Credit card (automatic),1000.5,52996.5,No
2055-PDADH,Female,1,3,Month-to-month,UPI,704,2047,Yes
7515-LODFU,Male,1,69,Two year,Credit card (automatic),203,13563,No
0440-UEDAI,Female,0,53,One year,Credit card (automatic),944.5,50427.5,No
1337-BOZWO,Male,0,18,One year,Credit card (automatic),464,8124,No
0868-VJRDR,Male,0,64,Two year,Credit card (automatic),1040.5,66055.5,No
8714-EUHJO,Female,0,31,Month-to-month,UPI,911.5,29954.5,Yes
6344-SFJVH,Female,0,20,Month-to-month,Credit card (automatic),249,5059.5,No
3950-VPYJB,Male,0,57,One year,Debit Card,596,35094,No
8041-TMEID,Male,1,63,Two year,Credit card (automatic),1085,69919,No
7321-ZNSLA,Male,0,13,Two year,Debit Card,405.5,5903.5,No
6941-KXRRV,Female,1,48,One year,UPI,589.5,27897,No
3721-CNEYS,Female,0,2,Month-to-month,UPI,709.5,1379.5,Yes
8727-JQFHV,Male,0,57,Two year,Debit Card,207.5,11231.5,No
9475-NNDGC,Male,0,71,One year,UPI,1131.5,79532.5,No
1355-KUSBG,Female,0,7,Month-to-month,UPI,488,3498,No
3688-FTHLT,Female,0,16,Month-to-month,UPI,630.5,10670.5,No
0899-LIIBW,Male,0,34,Month-to-month,UPI,1008.5,35273,No
2568-OIADY,Female,0,37,Month-to-month,UPI,995,37620,Yes
1384-RCUXW,Male,0,16,Month-to-month,Debit Card,805.5,12489,No
5825-XJOCM,Male,0,48,One year,UPI,644,30353.5,No
6848-YLDFR,Male,0,58,One year,Credit card (automatic),752,43008,No
8125-QPFJD,Female,0,72,Two year,UPI,849,60653,No
2320-YKQBO,Female,0,7,Month-to-month,Debit Card,193,1449.5,No
1193-RTSLK,Female,0,38,Month-to-month,Credit card (automatic),839,32336,Yes
2302-ANTDP,Female,1,48,Month-to-month,UPI,1174.5,54389,Yes
5923-GXUOC,Male,0,10,Month-to-month,UPI,1044,10814.5,Yes
4973-RLZVI,Female,0,30,One year,Credit card (automatic),746.5,23086,No
7869-ZYDST,Male,0,31,Month-to-month,Credit card (automatic),590.5,18828,No
4501-UYKBC,Female,1,46,One year,Credit card (automatic),691,32553.5,No
1215-EXRMO,Male,0,50,Two year,Debit Card,205.5,10676.5,No
2305-MRGLV,Male,0,28,Month-to-month,UPI,765.5,20654,No
8404-VIOMB,Female,0,66,Two year,UPI,625,41364,No
5233-GEEAX,Male,1,8,Month-to-month,UPI,294,2219,Yes
2359-KLTEK,Female,0,41,Month-to-month,UPI,949,38480,No
5304-EFJLP,Male,1,72,Two year,UPI,1116.5,80228.5,No
2673-ZALNP,Female,0,7,One year,Debit Card,199,1731.5,No
9184-GALIL,Female,0,38,Month-to-month,Debit Card,204.5,7812.5,No
4393-RYCRE,Male,0,44,One year,UPI,1060.5,45108,No
9746-MDMBK,Male,0,47,One year,UPI,1134.5,53178,No
3162-ZJZFU,Male,0,53,Month-to-month,UPI,925.5,47794.5,No
8404-GFGCZ,Male,0,4,Month-to-month,UPI,656,2501,No
8875-AKBYH,Male,1,20,Month-to-month,UPI,843.5,17452,No
4432-ADRLB,Male,0,2,Month-to-month,Debit Card,446.5,749,Yes
0533-UCAAU,Male,1,57,One year,Credit card (automatic),711,41401,No
1394-SUIUH,Female,1,44,Month-to-month,UPI,851.5,36705,No
3521-MNKLV,Male,0,24,Month-to-month,Debit Card,497,11678,No
2533-TIBIX,Male,0,15,Month-to-month,UPI,302,4696.5,No
8993-PHFWD,Female,0,3,Month-to-month,UPI,252.5,589,Yes
1565-RHDJD,Female,0,4,Month-to-month,UPI,840.5,3335.5,Yes
7137-RYLPP,Male,1,37,Month-to-month,UPI,857,31711.5,Yes
3765-JXVKY,Female,0,1,Month-to-month,UPI,747,747,Yes
5092-STPKP,Female,0,24,Month-to-month,Credit card (automatic),563.5,13812,No
7330-WZLNC,Female,0,5,Month-to-month,UPI,908,4555,Yes
0114-PEGZZ,Female,0,33,Month-to-month,UPI,1075.5,36455,No
3359-DSRKA,Female,0,58,Two year,Debit Card,198.5,11588.5,No
8639-NHQEI,Female,0,72,Two year,UPI,959,69541.5,No
7161-DFHUF,Female,0,71,Two year,Debit Card,238.5,16721,No
3957-LXOLK,Female,1,28,Month-to-month,UPI,1061.5,31525,Yes
3720-DBRWL,Male,0,51,Two year,Credit card (automatic),838.5,43071,No
6635-MYYYZ,Female,0,30,One year,UPI,853.5,25304,Yes
8565-WUXZU,Male,1,72,Two year,Credit card (automatic),848,61416.5,No
5281-BUZGT,Male,1,36,Month-to-month,UPI,908.5,31867,Yes
4994-OBRSZ,Male,0,14,Two year,UPI,761,10548,No
0562-FGDCR,Female,0,72,Two year,Debit Card,745.5,54306.5,No
2436-QBZFP,Female,0,22,Month-to-month,UPI,392,8499,No
3420-YJLQT,Female,0,2,Month-to-month,UPI,795.5,1517.5,No
6040-CGACY,Female,0,15,Month-to-month,Debit Card,196,2994,No
6582-PLFUU,Male,0,51,Two year,Credit card (automatic),195.5,10867.5,No
8242-PDSGJ,Male,0,70,Two year,Credit card (automatic),391.5,26927.5,No
0264-CNITK,Female,0,71,Two year,UPI,201,13896,No
0089-IIQKO,Female,0,39,Month-to-month,Credit card (automatic),999.5,37674,No
7839-NUIAA,Female,0,61,Month-to-month,UPI,598,36415,No
6075-QMNRR,Female,0,52,Month-to-month,UPI,497.5,25355.5,No
5378-IKEEG,Female,0,1,Month-to-month,UPI,357.5,357.5,Yes
5966-EMAZU,Male,0,64,One year,Debit Card,1085,68808.5,No
0440-EKDCF,Male,0,62,Two year,Credit card (automatic),601.5,37532,No
4774-HHGGS,Male,0,30,Two year,Debit Card,190.5,6375.5,No
2718-GAXQD,Female,1,4,Month-to-month,UPI,460,1816,Yes
2055-BFOCC,Male,1,63,One year,UPI,840,53295.5,No
8180-AKMJV,Female,0,1,Month-to-month,Credit card (automatic),445.5,445.5,No
4298-OYIFC,Male,0,15,Month-to-month,UPI,1034.5,15398,No
5566-SOEZD,Male,0,27,One year,Credit card (automatic),806.5,22097.5,No
9842-EFSYY,Female,0,4,Month-to-month,Debit Card,572,2237.5,No
2272-WUSPA,Female,0,72,Two year,UPI,1107.5,77517,No
4584-LBNMK,Male,1,45,One year,Credit card (automatic),247,11743.5,No
3898-GUYTS,Female,1,45,Month-to-month,UPI,970.5,43850.5,No
0930-EHUZA,Female,0,36,One year,Debit Card,763.5,26063.5,No
6413-XKKPU,Male,0,17,Month-to-month,UPI,894,15394.5,Yes
9975-SKRNR,Male,0,1,Month-to-month,Debit Card,189,189,No
3703-KBKZP,Male,1,16,Month-to-month,UPI,744.5,12613.5,No
1449-XQEMT,Male,0,3,Month-to-month,Debit Card,198,581.5,Yes
2626-URJFX,Male,0,4,Month-to-month,UPI,509,2256,Yes
4973-MGTON,Female,0,71,Two year,Credit card (automatic),844,59693,No
3682-YEUWS,Male,0,10,Month-to-month,Debit Card,244,2539,No
1223-UNPKS,Male,0,20,Two year,Debit Card,200.5,4000,No
2612-RRIDN,Male,0,4,Month-to-month,UPI,810,3408.5,Yes
4735-ASGMA,Male,0,26,Month-to-month,UPI,983.5,25153,Yes
3446-QDSZF,Female,0,4,Month-to-month,Credit card (automatic),555,2273.5,No
3669-LVWZB,Male,0,5,Month-to-month,Debit Card,510,3059.5,Yes
6892-EZDTG,Female,0,4,Month-to-month,UPI,916.5,3654,Yes
5117-IFGPS,Male,1,29,Month-to-month,UPI,843,23577.5,No
7379-FNIUJ,Male,0,2,Month-to-month,UPI,1002,1985,No
1627-AFWVJ,Female,0,29,Two year,Debit Card,194,5542.5,No
9725-SCPZG,Male,0,1,Month-to-month,UPI,908.5,908.5,Yes
5884-GCYMI,Male,0,1,Month-to-month,Debit Card,694,694,Yes
3217-FZDMN,Female,1,8,Month-to-month,Credit card (automatic),944.5,7429.5,Yes
4486-EFAEB,Male,0,13,Month-to-month,UPI,204,2516.5,No
0060-FUALY,Female,0,59,Month-to-month,UPI,947.5,55976.5,No
7853-GVUDZ,Female,0,1,Month-to-month,Credit card (automatic),201.5,201.5,Yes
7480-QNVZJ,Male,1,50,Month-to-month,UPI,957,48167,Yes
6954-OOYZZ,Male,0,18,Month-to-month,UPI,443.5,7680.5,No
7088-FBAWU,Female,0,17,Month-to-month,Debit Card,745.5,12158,No
8313-AFGBW,Male,0,47,Two year,UPI,736,35226.5,No
3943-KDREE,Female,0,26,Month-to-month,UPI,749.5,18349.5,Yes
9239-ZBZZV,Female,0,6,Month-to-month,UPI,479.5,3051,Yes
3097-IDVPU,Male,0,19,Month-to-month,Credit card (automatic),501,9104.5,No
4398-HSCJH,Female,0,3,Month-to-month,UPI,636,1556.5,Yes
2197-OMWGI,Female,1,68,Two year,UPI,530,36562.5,No
2303-PJYHN,Female,0,2,Month-to-month,UPI,198.5,520,No
9795-VOWON,Male,0,7,One year,Credit card (automatic),243.5,1508.5,No
1237-WIYYZ,Female,0,18,Month-to-month,Debit Card,195.5,3892.5,No
1987-AUELQ,Female,0,71,Two year,Credit card (automatic),250.5,18737,No
7852-LECYP,Male,1,13,Month-to-month,Credit card (automatic),938,12610,No
4430-UZIPO,Male,0,3,Month-to-month,Debit Card,368.5,1087,Yes
4822-LPTYJ,Male,0,72,Two year,UPI,1037.5,73462,No
8165-CBKXO,Male,0,66,Two year,Credit card (automatic),567.5,37084,No
6527-PZFPV,Male,0,24,One year,Credit card (automatic),208,4696.5,No
4855-SNKMY,Female,0,1,Month-to-month,UPI,441,441,Yes
9593-CVZKR,Female,0,56,Two year,Debit Card,244.5,13858.5,No
8595-SIZNC,Female,1,22,One year,UPI,256,5488,No
8008-HAWED,Male,0,14,Month-to-month,UPI,507.5,7127.5,Yes
7124-UGSUR,Female,1,61,One year,Credit card (automatic),1044,64050,Yes
1862-SKORY,Female,1,40,Month-to-month,UPI,393,16374,Yes
5236-XMZJY,Female,0,42,Month-to-month,UPI,596.5,25365.5,No
4827-DPADN,Female,0,72,Two year,UPI,833,60427,No
2694-CIUMO,Female,0,12,Month-to-month,Credit card (automatic),795.5,9582.5,No
5846-ABOBJ,Male,0,71,Two year,UPI,244.5,17306.5,No
1439-LCGVL,Female,0,26,One year,Debit Card,192,4596,No
0909-SDHNU,Female,0,7,Month-to-month,Debit Card,298,2019.5,No
4647-XXZAM,Female,0,6,Month-to-month,Debit Card,455,2852,No
1502-XFCVR,Female,0,58,One year,UPI,1064.5,61458.5,Yes
7740-KKCXF,Male,0,51,Month-to-month,Credit card (automatic),300.5,15294.5,No
5360-XGYAZ,Male,0,72,Two year,UPI,656.5,46645,No
9692-TUSXH,Female,0,18,Month-to-month,UPI,960.5,17407,Yes
7912-SYRQT,Female,0,7,Month-to-month,UPI,751,5529.5,Yes
3557-HTYWR,Female,0,47,Two year,Debit Card,740.5,34963,No
4816-JBHOV,Male,1,2,Month-to-month,UPI,447,937,Yes
8920-NAVAY,Male,1,62,One year,UPI,1107.5,70533.5,No
1699-TLDLZ,Female,0,16,Two year,Debit Card,197,3015.5,No
5600-PDUJF,Male,0,6,Month-to-month,Credit card (automatic),495,3127,No
8292-TYSPY,Male,0,19,Month-to-month,Credit card (automatic),550,10465,Yes
0567-XRHCU,Female,0,69,Two year,Credit card (automatic),439.5,29601,No
1867-BDVFH,Male,0,11,Month-to-month,UPI,743.5,8342,Yes
2067-QYTCF,Female,0,64,Month-to-month,UPI,1111.5,69534,No
2359-QWQUL,Female,0,39,One year,Credit card (automatic),1047,41348.5,Yes
9103-TCIHJ,Female,0,15,Month-to-month,Debit Card,557,8998,Yes
7407-SUJIZ,Male,0,25,Month-to-month,Debit Card,206,5415,No
9150-KPBJQ,Female,0,6,Two year,Credit card (automatic),196.5,1168.5,No
0052-DCKON,Male,0,66,One year,UPI,1158,79421.5,No
3654-ARMGP,Female,0,61,Two year,Credit card (automatic),886.5,53212.5,No
9699-UBQFS,Female,1,43,Month-to-month,UPI,945,41568,No
9367-TCUYN,Female,0,12,Month-to-month,Debit Card,201,2236,No
1261-FWTTE,Male,1,23,Month-to-month,UPI,346.5,7684.5,No
3528-HFRIQ,Male,1,71,Month-to-month,UPI,523,37650.5,No
0708-SJDIS,Female,0,34,Month-to-month,Debit Card,650,21575,No
4140-WJAWW,Female,0,5,Month-to-month,Credit card (automatic),198.5,1080.5,Yes
2073-QBVBI,Female,0,41,One year,Debit Card,354.5,13916.5,No
6928-ONTRW,Female,0,72,Two year,Credit card (automatic),197,13798,No
3320-VEOYC,Male,1,14,Month-to-month,UPI,956,12733,No
5231-FIQPA,Female,0,41,Two year,Debit Card,198.5,8104.5,No
6617-WLBQC,Female,0,23,One year,Credit card (automatic),818.5,18108.5,No
2599-CIPQE,Male,0,71,Two year,Credit card (automatic),1093,77828.5,No
6653-CBBOM,Female,0,1,Month-to-month,UPI,703,703,Yes
8774-GSBUN,Male,0,72,Two year,Debit Card,254,17971,No
7326-RIGQZ,Male,0,6,Month-to-month,UPI,698,3778.5,No
1401-FTHFQ,Male,0,23,One year,Credit card (automatic),200,4453,No
3247-ZVOUO,Male,1,10,Month-to-month,UPI,855.5,8517.5,Yes
0254-FNMCI,Female,0,72,Two year,UPI,1099,76242,No
1848-LBZHY,Female,0,7,Month-to-month,UPI,503,3551,No
6101-IMRMM,Male,0,6,Month-to-month,Debit Card,945,5754.5,Yes
8118-TJAFG,Male,0,9,Month-to-month,UPI,1015,9068.5,No
5429-LWCMV,Female,0,12,Month-to-month,UPI,891.5,10575.5,No
7298-IZWLY,Female,0,1,Month-to-month,Debit Card,194,194,No
9758-MFWGD,Female,1,48,One year,UPI,299,13887.5,No
3955-JBZZM,Male,0,20,Month-to-month,UPI,788,16413,No
1268-ASBGA,Female,1,16,Month-to-month,Credit card (automatic),853.5,13751.5,Yes
8943-URTMR,Female,0,2,Month-to-month,Debit Card,796.5,1527,Yes
4815-TUMEQ,Female,0,10,One year,Debit Card,193,1852,No
4713-LZDRV,Female,1,2,Month-to-month,UPI,796,1950.5,Yes
9909-IDLEK,Male,0,20,Month-to-month,Debit Card,968,18267,No
4092-OFQZS,Male,0,20,One year,Debit Card,206.5,4175,No
1561-BWHIN,Male,0,19,One year,Debit Card,198,3445,No
4325-NFSKC,Male,1,19,Month-to-month,UPI,906,16600,Yes
9927-DSWDF,Male,0,22,Month-to-month,UPI,1046,21805.5,No
9500-LTVBP,Female,0,35,Month-to-month,Credit card (automatic),800.5,28359,No
7252-NTGSS,Female,0,1,Month-to-month,Debit Card,451.5,451.5,No
8149-AIQCG,Male,0,39,Month-to-month,Credit card (automatic),731.5,27308.5,No
1360-JYXKQ,Female,1,54,One year,UPI,991,54371,No
2955-PSXOE,Female,0,1,Month-to-month,UPI,202,202,Yes
7762-URZQH,Male,0,66,Two year,Credit card (automatic),1060.5,69813.5,Yes
0899-WZRSD,Male,0,56,Month-to-month,Debit Card,1053.5,57944.5,No
3255-GRXMG,Male,0,18,Month-to-month,Credit card (automatic),456.5,7472,No
4828-FAZPK,Female,0,16,Month-to-month,Credit card (automatic),799.5,12679.5,No
6094-ZIVKX,Female,0,68,One year,Credit card (automatic),544.5,36749.5,No
6925-BAYGL,Female,1,53,Two year,Credit card (automatic),251,12756,No
3262-EIDHV,Female,0,72,Two year,Credit card (automatic),847,58939,No
7354-OIJLX,Male,0,9,Month-to-month,UPI,758.5,7246.5,No
1376-HHBDV,Female,0,30,Month-to-month,Debit Card,488,15367.5,No
6907-NZZIJ,Female,0,36,Month-to-month,UPI,991.5,36156,Yes
6133-OZILE,Female,0,18,Month-to-month,UPI,352,6073,No
4135-FRWKJ,Female,1,55,One year,UPI,762.5,41545.5,No
2911-UREFD,Female,0,39,Month-to-month,UPI,559,21843.5,Yes
3744-ZRRDZ,Male,0,21,Month-to-month,UPI,823.5,18528.5,Yes
5673-TIYIB,Male,0,2,Month-to-month,Credit card (automatic),404,771.5,Yes
6551-ZCOTS,Male,1,33,One year,UPI,249,8478,No
7191-ADRGF,Male,0,44,Two year,UPI,543,23904.5,No
5018-LXQQG,Female,0,30,Month-to-month,UPI,663,19235,No
6892-BOGQE,Female,0,71,Two year,UPI,209,14932,No
1602-IJQQE,Female,0,4,Month-to-month,UPI,753.5,3381,Yes
4628-WQCQQ,Male,0,35,One year,UPI,851.5,30306,Yes
1746-TGTWV,Male,0,1,Month-to-month,Credit card (automatic),753.5,753.5,No
5995-SNNEW,Male,1,23,Month-to-month,UPI,1044.5,21848.5,No
8050-WYBND,Female,0,22,One year,Credit card (automatic),494.5,10314,No
2821-WARNZ,Female,0,49,One year,Credit card (automatic),194.5,9213,No
4879-GZLFH,Female,0,42,Month-to-month,UPI,921.5,38754,No
1644-IRKSF,Female,0,33,One year,UPI,938,31245,Yes
8314-HTWVE,Female,0,7,Two year,Debit Card,198.5,1441.5,No
9402-ROUMJ,Female,0,67,One year,UPI,1002.5,66890,No
2507-QZPQS,Male,0,15,Month-to-month,UPI,957,14511,No
7159-NOKYQ,Male,0,67,Two year,UPI,931.5,63682,No
5707-ZMDJP,Male,0,53,Two year,Debit Card,697,37296,No
8779-YIQQA,Male,0,21,One year,Debit Card,198,3501,No
7136-IHZJA,Female,0,40,Month-to-month,Debit Card,713.5,28472,No
8966-OIQHG,Female,0,22,One year,UPI,207.5,4523.5,No
7074-STDCN,Male,0,39,Month-to-month,UPI,406,14945,No
3705-PSNGL,Male,0,45,One year,UPI,204,9304.5,Yes
8739-QOTTN,Female,0,2,Month-to-month,Debit Card,203.5,418.5,No
1399-OUPJN,Female,0,57,Two year,UPI,197.5,12720.5,No
0277-BKSQP,Male,0,8,Month-to-month,UPI,544,4751,No
6502-HCJTI,Male,1,7,Month-to-month,Credit card (automatic),947,6731,Yes
2606-RMDHZ,Male,0,6,Month-to-month,Credit card (automatic),305,2087,Yes
5774-XZTQC,Female,0,7,Month-to-month,Debit Card,204.5,1507.5,No
2676-SSLTO,Male,0,49,Two year,UPI,661.5,31990,No
6266-QHOJZ,Female,0,65,One year,UPI,898.5,58446.5,No
7269-JISCY,Female,0,55,One year,UPI,450.5,24626,No
0363-SVHYR,Male,0,71,Two year,UPI,868.5,62638,No
8547-NSBBO,Male,0,35,Month-to-month,Debit Card,967.5,34034,No
8258-GSTJK,Male,1,3,Month-to-month,UPI,770,2377.5,Yes
6861-OKBCE,Female,0,11,Month-to-month,Credit card (automatic),201,2213.5,Yes
9940-RHLFB,Female,0,1,Month-to-month,UPI,753,753,Yes
6591-QGOYB,Male,0,17,Month-to-month,UPI,1066.5,16721,No
9070-BCKQP,Female,0,72,Two year,Credit card (automatic),1101.5,78812,No
6421-SZVEM,Female,0,28,One year,UPI,828.5,23208,No
1328-EUZHC,Female,0,18,Two year,Debit Card,201,3705,No
2995-UPRYS,Female,1,40,One year,Credit card (automatic),992,40622,Yes
8878-RYUKI,Female,0,52,Month-to-month,UPI,594.5,30437,No
9633-DENPU,Female,0,47,Month-to-month,UPI,586,27234,No
7811-JIVPF,Female,0,23,Month-to-month,Credit card (automatic),497,10812.5,No
7113-HIPFI,Male,0,66,Two year,Debit Card,658.5,40970.5,No
8541-QVFKM,Female,0,8,Month-to-month,UPI,735,6322,No
6686-YPGHK,Male,1,47,Month-to-month,Debit Card,855,40423,Yes
1383-EZRWL,Female,0,7,Month-to-month,Debit Card,200.5,1648.5,Yes
9258-CNWAC,Female,0,71,Two year,Credit card (automatic),1136.5,81668,No
5371-VYLSX,Female,1,50,Month-to-month,UPI,834,41137,No
6374-AFWOX,Male,0,46,Two year,Debit Card,656.5,30471.5,No
4759-TRPLW,Male,0,1,Month-to-month,UPI,704,704,Yes
5317-FLPJF,Female,0,66,Two year,UPI,613.5,41934,No
7621-VPNET,Female,0,42,Month-to-month,Credit card (automatic),859,37297.5,No
6034-YMTOB,Female,0,5,Month-to-month,Debit Card,756.5,3994.5,No
8563-IIOXK,Male,0,7,One year,UPI,497.5,3313,Yes
4903-CNOZC,Male,0,29,One year,Credit card (automatic),709,19646,No
4353-HYOJD,Female,0,27,Month-to-month,Debit Card,498.5,13361.5,No
8020-BWHYL,Female,1,15,Month-to-month,Credit card (automatic),753,11474.5,Yes
7267-FRMJW,Female,0,25,Two year,Debit Card,201,4860.5,No
2982-VPSGI,Female,0,11,Month-to-month,UPI,940,10789,Yes
4188-FRABG,Male,0,57,Month-to-month,UPI,1030.5,59257.5,No
8199-ZLLSA,Male,0,67,One year,UPI,1183.5,78041.5,Yes
4128-ETESU,Female,1,47,Month-to-month,UPI,997,47472,No
0620-DLSLK,Female,0,13,Month-to-month,Debit Card,819,10289,No
4625-EWPTF,Male,0,8,Month-to-month,UPI,304.5,2264.5,Yes
5980-NOPLP,Female,0,44,Month-to-month,UPI,961,43641,Yes
3850-OKINF,Male,0,71,One year,UPI,662,46925.5,No
6892-XPFPU,Male,1,24,Month-to-month,UPI,1042.5,24339,Yes
8010-EZLOU,Male,1,15,Month-to-month,UPI,802,12172.5,Yes
1156-ZFYDO,Female,0,1,Month-to-month,UPI,197.5,197.5,No
3295-YVUSR,Male,1,2,Month-to-month,Debit Card,726,1543,No
8016-NCFVO,Male,1,55,Month-to-month,UPI,1165,63825.5,No
4119-ZYPZY,Male,1,71,Two year,UPI,1068,76232,No
5549-ZGHFB,Male,0,50,Two year,Debit Card,249.5,12614.5,No
7577-SWIFR,Male,0,1,Month-to-month,UPI,892.5,892.5,No
0303-WMMRN,Male,0,5,Month-to-month,Debit Card,192.5,860.5,No
6408-OTUBZ,Female,0,66,One year,UPI,1045.5,67790.5,No
5204-HMGYF,Female,0,49,One year,Debit Card,872,43450,No
1078-TDCRN,Female,1,3,Month-to-month,UPI,307.5,828.5,No
3727-OVPRY,Male,0,66,One year,Credit card (automatic),257,17145.5,No
3797-FKOGQ,Male,0,11,Month-to-month,UPI,862,8932,No
7622-NXQZR,Male,0,28,Month-to-month,Credit card (automatic),301,8108.5,No
6196-HBOBZ,Male,0,65,Two year,UPI,993.5,63475.5,No
3970-XGJDU,Female,0,62,Two year,Credit card (automatic),192,11236.5,No
7017-VFULY,Female,0,2,Month-to-month,UPI,201,431.5,No
5562-YJQGT,Female,0,2,Month-to-month,Credit card (automatic),203.5,351,No
8807-OPMBM,Female,0,55,Two year,Credit card (automatic),256.5,13880,No
5439-WIKXB,Male,1,41,Month-to-month,UPI,945.5,38514.5,No
9874-QLCLH,Female,0,17,Month-to-month,UPI,1042,17435,Yes
8294-UIMBA,Female,0,30,One year,UPI,944,26381,No
8109-YUOHE,Male,0,17,One year,Debit Card,561,9469.5,No
5840-NVDCG,Female,0,16,Two year,UPI,682.5,11148.5,No
8092-NLTGF,Male,0,72,Two year,UPI,247.5,17776,No
5928-QLDHB,Male,0,9,Month-to-month,UPI,762.5,6848.5,No
9840-EFJQB,Female,0,1,Month-to-month,UPI,743.5,743.5,No
0696-UKTOX,Male,0,23,Month-to-month,UPI,541.5,13124.5,No
4801-KFYKL,Male,0,8,Month-to-month,UPI,194.5,1592,No
3472-OAOOR,Male,0,19,Month-to-month,Debit Card,349.5,6102,No
6135-OZQVA,Female,0,7,Month-to-month,UPI,536.5,4043.5,No
8062-YBDOE,Male,1,1,Month-to-month,UPI,696.5,696.5,Yes
2252-JHJGE,Male,0,61,One year,UPI,1040,63634.5,No
4188-PCPIG,Female,0,57,Two year,Credit card (automatic),703.5,41246.5,No
6000-APYLU,Male,0,9,Month-to-month,UPI,808,7131,Yes
7105-BENQF,Male,0,15,One year,Debit Card,648.5,9507.5,No
7721-DVEKZ,Female,0,1,Month-to-month,Debit Card,196.5,196.5,No
3566-VVORZ,Female,0,12,Month-to-month,UPI,459,5059.5,No
9507-HSMMZ,Male,0,54,Two year,Debit Card,200,11496.5,No
2480-SQIOB,Male,0,4,Month-to-month,UPI,448,1696.5,No
0947-IDHRQ,Female,0,7,Month-to-month,Debit Card,803,5267,Yes
7813-TKCVO,Female,0,20,One year,Debit Card,203.5,3931.5,No
0128-MKWSG,Female,0,26,Month-to-month,Debit Card,458,11470,No
3672-YITQD,Male,1,36,Month-to-month,UPI,841,30216,Yes
4350-ZTLPI,Female,0,53,One year,UPI,1089.5,57182,No
9048-JVYVF,Male,0,3,Month-to-month,UPI,693.5,1913.5,Yes
0361-HJRDX,Female,0,68,Two year,Credit card (automatic),643.5,45396,No
5727-MYATE,Male,0,72,Two year,Credit card (automatic),908,63976,No
3823-KYNQY,Male,0,12,One year,Credit card (automatic),249.5,2804,No
8988-ECPJR,Female,1,34,Month-to-month,Debit Card,796,27183,Yes
7570-WELNY,Female,0,68,Two year,UPI,847,57110.5,No
3021-VLNRJ,Female,0,50,One year,Credit card (automatic),708,34781.5,No
3776-EKTKM,Female,1,1,Month-to-month,UPI,364.5,364.5,Yes
2080-CAZNM,Female,1,41,Month-to-month,UPI,1044,41339.5,No
1028-FFNJK,Male,1,30,Month-to-month,UPI,1015,29176.5,No
6907-FLBER,Male,0,1,Month-to-month,UPI,543,543,No
3001-UNBTL,Male,1,29,Month-to-month,UPI,1039.5,29648,No
5982-PSMKW,Female,0,23,Two year,Credit card (automatic),911,21983,No
3507-GASNP,Male,0,60,Two year,Debit Card,199.5,11899,No
7096-ZNBZI,Female,0,72,Two year,Credit card (automatic),264.5,19145,No
1902-XBTFB,Male,0,22,Month-to-month,UPI,894,20015,Yes
1676-MQAOA,Male,0,72,Two year,UPI,751,53363.5,No
0786-IVLAW,Female,1,66,One year,UPI,1081,72386,No
7566-DSRLQ,Female,0,72,Two year,UPI,1101.5,79988,No
0643-OKLRP,Female,1,47,Month-to-month,UPI,803.5,38258.5,Yes
7245-JMTTQ,Female,0,51,One year,UPI,1115,57032.5,No
6050-IJRHS,Female,0,70,One year,UPI,1065,73970,No
6202-JVYEU,Male,0,9,One year,UPI,199,1646,No
8591-TKMZH,Male,0,59,Two year,Debit Card,1111,65552,No
0734-OXWBT,Male,0,3,Month-to-month,Debit Card,707,2256.5,No
4282-ACRXS,Male,1,38,Month-to-month,UPI,248.5,9557.5,No
0365-TRTPY,Female,0,37,Month-to-month,UPI,912,33823,No
7349-ALMUX,Male,0,37,Two year,UPI,656,23138,No
9381-NDKME,Female,1,24,Month-to-month,Credit card (automatic),406.5,9333,Yes
6502-KUGLL,Female,0,14,Month-to-month,UPI,594.5,7808.5,No
1841-YSJGV,Male,0,72,Two year,Credit card (automatic),1099.5,78524,No
2794-XIMMO,Male,0,53,One year,UPI,604.5,31842.5,Yes
8382-SHQEH,Female,0,8,Month-to-month,UPI,849,7649.5,Yes
3511-BFTJW,Male,0,72,Two year,Credit card (automatic),385,27630,No
7668-XCFYV,Female,1,17,Month-to-month,UPI,925.5,16147,No
2983-ZANRP,Female,0,2,Month-to-month,UPI,735.5,1454,Yes
7845-URHJN,Female,0,8,Month-to-month,UPI,201.5,1562.5,Yes
3034-ZBEQN,Female,0,48,One year,Debit Card,347,16045,Yes
5018-HEKFO,Female,0,10,Month-to-month,Debit Card,245,2701.5,No
2923-ARZLG,Male,0,1,One year,Debit Card,197,0,No
3976-NLDEZ,Male,0,1,Month-to-month,Debit Card,206,206,No
2282-YGNOR,Female,0,29,One year,Credit card (automatic),580,17345,No
5336-UFNZP,Female,1,65,One year,UPI,1074.5,70475,No
6854-EXGSF,Female,0,8,Month-to-month,UPI,655,5731.5,No
1241-EZFMJ,Male,0,61,Two year,UPI,254.5,15386,No
9233-PSYHO,Female,1,45,One year,UPI,1001.5,44598,No
5376-PCKNB,Male,0,72,One year,Credit card (automatic),1044.5,74590,No
8044-BGWPI,Male,0,12,Month-to-month,UPI,211.5,3060.5,No
4060-LDNLU,Male,0,7,Month-to-month,UPI,962,6397,No
3589-PPVKW,Male,0,9,Month-to-month,Debit Card,444,3481.5,No
8327-LZKAS,Female,1,43,One year,UPI,1075.5,45339,Yes
5887-IKKYO,Male,0,58,Two year,UPI,943.5,55636.5,No
1075-BGWOH,Male,1,16,Month-to-month,UPI,987.5,15875.5,Yes
1755-RMCXH,Male,0,2,Month-to-month,Debit Card,203,402.5,No
0302-JOIVN,Female,0,8,Month-to-month,UPI,1011.5,8429,Yes
3858-XHYJO,Female,0,40,One year,UPI,1057.5,42285.5,No
4299-SIMNS,Male,0,9,Month-to-month,UPI,811.5,7844.5,No
7025-IWFHT,Male,0,41,One year,UPI,895.5,37297.5,No
6261-LHRTG,Female,0,26,Month-to-month,Credit card (automatic),547.5,14069,No
7841-FCRQD,Female,0,33,One year,Credit card (automatic),537.5,18573,No
2056-EVGZL,Male,0,68,One year,Credit card (automatic),1057.5,73225,No
8777-MBMTS,Female,1,65,Two year,Credit card (automatic),1058.5,67255,No
7753-USQYQ,Male,0,55,One year,UPI,642,36273,No
5366-IJEQJ,Male,0,20,Month-to-month,UPI,887,17614.5,Yes
7661-CPURM,Male,0,19,One year,Credit card (automatic),877,17259.5,No
6233-HXJMX,Female,0,45,Month-to-month,Credit card (automatic),893,41921.5,No
5902-WBLSE,Female,0,70,Two year,Credit card (automatic),201.5,14112,No
1981-INRFU,Female,0,2,Month-to-month,UPI,797.5,1645,Yes
4971-PUYQO,Female,0,27,Month-to-month,Debit Card,945.5,27246,Yes
3239-TPHPZ,Female,0,12,Two year,UPI,200.5,2645.5,No
5115-GZDEL,Male,0,72,Two year,Credit card (automatic),672,46717,No
3338-CVVEH,Male,0,12,Month-to-month,UPI,945.5,11735.5,No
8485-GJCDN,Female,1,5,Month-to-month,Debit Card,690.5,3185,Yes
2615-YVMYX,Male,1,71,Month-to-month,UPI,1075,77135.5,No
2851-STERV,Male,1,35,One year,UPI,730,24712.5,No
4393-GEADV,Male,0,70,Two year,Credit card (automatic),1147.5,78423,No
8486-AYEQH,Female,0,31,Month-to-month,UPI,760.5,22278,No
1527-SXDPN,Male,0,52,Two year,UPI,962.5,49902.5,Yes
6029-WTIPC,Male,1,37,Month-to-month,UPI,1011,37440.5,Yes
8634-CILSZ,Male,0,69,One year,UPI,1047,72203.5,Yes
5419-JKZNQ,Male,1,30,Month-to-month,Debit Card,779,23514.5,No
2495-KZNFB,Female,0,33,Month-to-month,UPI,906.5,29896,No
1409-PHXTF,Male,1,54,Two year,UPI,1104.5,60777.5,No
4560-WQAQW,Female,0,59,One year,UPI,687,40709.5,No
9591-YVTEB,Male,1,55,Month-to-month,UPI,448.5,24790.5,No
9309-BZGNT,Male,1,69,One year,Credit card (automatic),298,21343,No
4274-DRSQT,Female,0,66,One year,UPI,889,60001,No
2027-DNKIV,Male,0,37,One year,Debit Card,587.5,22031,No
8075-GXIUB,Male,1,9,One year,Credit card (automatic),198.5,1831.5,No
2885-HIJDH,Male,0,69,Two year,UPI,869,61941,No
5424-RLQLC,Male,0,10,Month-to-month,Debit Card,596.5,6389.5,No
6682-QJDGB,Male,0,40,Month-to-month,Debit Card,552.5,21392,Yes
6507-DTJZV,Male,0,13,Month-to-month,Credit card (automatic),664,8317.5,No
8780-IXSTS,Female,0,6,Month-to-month,UPI,901,5213,Yes
7673-BQGKU,Female,0,69,Two year,UPI,201.5,13375,No
6723-WSNTY,Female,1,66,One year,Credit card (automatic),1081,71819.5,No
9530-EHPOH,Male,0,11,Month-to-month,UPI,537.5,6080,Yes
2725-IWWBA,Male,0,46,One year,Debit Card,569,25601,No
0345-HKJVM,Female,0,6,Month-to-month,UPI,893,5776,Yes
1061-PNTHC,Female,0,56,Month-to-month,Debit Card,1096,59530,No
0394-YONDK,Male,0,70,Two year,Credit card (automatic),251.5,17901.5,No
6574-MCOEH,Female,0,33,One year,UPI,791.5,25314,No
7399-QHBJS,Female,0,72,Two year,Credit card (automatic),667.5,47603,No
3049-SOLAY,Female,0,3,Month-to-month,UPI,952,2928.5,Yes
0997-YTLNY,Female,0,19,Month-to-month,Debit Card,488,9536.5,No
3317-HRTNN,Female,1,5,Month-to-month,UPI,457,1980,Yes
9479-HYNYL,Female,0,71,Two year,Credit card (automatic),807,57050.5,No
3235-ETOOB,Male,0,8,Month-to-month,UPI,745,6099,Yes
9708-KFDBY,Male,0,1,Month-to-month,Credit card (automatic),205.5,205.5,No
8058-INTPH,Female,0,1,Month-to-month,UPI,796.5,796.5,Yes
3642-GKTCT,Female,0,61,One year,Debit Card,1151,69936.5,No
0774-RMNUW,Female,0,71,Two year,UPI,597,41226.5,No
1334-PDUKM,Female,0,68,One year,Credit card (automatic),864.5,57629.5,No
0756-MPZRL,Male,0,46,One year,Credit card (automatic),337,15378.5,No
2242-MFOTG,Male,0,33,One year,UPI,801,26033,No
2927-CVULT,Female,0,53,Two year,UPI,1040.5,55664,No
2144-BFDSO,Female,1,50,Month-to-month,UPI,1087.5,54319,No
8745-PVESG,Female,0,57,One year,Credit card (automatic),411,22582.5,No
7647-GYYKX,Female,0,54,Two year,UPI,203.5,10923.5,No
5647-FXOTP,Female,1,60,Month-to-month,UPI,1059,64012.5,No
5569-OUICF,Female,1,28,Month-to-month,Credit card (automatic),1013,28122,Yes
8821-XNHVZ,Female,0,1,Month-to-month,Debit Card,800.5,800.5,Yes
2082-OJVTK,Male,0,29,Month-to-month,UPI,892,26983.5,Yes
9700-ISPUP,Female,0,10,Month-to-month,UPI,655,6169,No
9839-ETQOE,Male,0,43,Month-to-month,UPI,404.5,19128.5,No
6078-VESFR,Male,1,13,Month-to-month,UPI,704.5,8491,No
9027-TMATR,Female,0,43,Two year,UPI,788,34603,No
5940-NFXKV,Male,0,19,Month-to-month,UPI,836.5,14657.5,Yes
1941-HOSAM,Male,0,1,Month-to-month,UPI,901,901,No
9110-HSGTV,Female,0,69,Two year,Credit card (automatic),824.5,55553,No
0704-VCUMB,Female,0,61,Two year,Credit card (automatic),202.5,12788,No
6171-ZTVYB,Male,0,43,Month-to-month,UPI,662.5,29073.5,No
8053-WWDRO,Female,0,6,Month-to-month,UPI,195,1463,Yes
9564-KCLHR,Male,0,1,Month-to-month,Debit Card,512.5,512.5,Yes
1935-IMVBB,Male,0,56,Month-to-month,Debit Card,897,49529.5,No
2535-PBCGC,Female,0,70,Two year,UPI,645.5,45049,No
2082-CEFLT,Male,0,1,Month-to-month,UPI,456,456,Yes
1470-PSXNM,Male,0,49,One year,UPI,936.5,45201.5,No
1213-NGCUN,Female,0,6,Month-to-month,UPI,496.5,2673.5,Yes
2498-XLDZR,Female,0,32,Two year,Debit Card,736,23168.5,No
9866-OCCKE,Female,1,72,Two year,Debit Card,1097.5,80753.5,No
5338-YHWYT,Male,0,37,Two year,Credit card (automatic),614.5,23023.5,No
7718-UPSKJ,Female,0,69,One year,Credit card (automatic),1064,72519,No
8731-WBBMB,Female,0,26,Month-to-month,UPI,819,20785.5,No
1448-CYWKC,Female,0,58,One year,Credit card (automatic),1052,62254,No
7901-IIDQV,Male,0,24,One year,UPI,546,12422.5,No
2690-DVRVK,Male,0,5,One year,UPI,205.5,994.5,No
5688-KZTSN,Male,0,15,Month-to-month,UPI,200,2880.5,Yes
1270-XKUCC,Female,0,30,Two year,Debit Card,197,5992.5,No
0334-ZFJSR,Female,0,55,One year,Credit card (automatic),660.5,34621,No
2894-QOJRX,Female,0,25,Month-to-month,UPI,340,8530,Yes
5747-PMBSQ,Male,1,10,Month-to-month,Debit Card,925,9341,Yes
5583-EJXRD,Male,0,44,Two year,Credit card (automatic),540.5,23752,No
4565-EVZMJ,Female,0,47,One year,Debit Card,589,28130.5,No
3143-JQEGI,Female,0,13,Month-to-month,UPI,883.5,12228,Yes
6386-SZZKH,Female,0,49,Two year,UPI,1079.5,52932,Yes
3327-YBAKM,Female,0,64,One year,Debit Card,969,63143.5,No
9441-QHEVC,Male,0,1,Month-to-month,Debit Card,191,191,No
6705-LNMDD,Male,0,20,Month-to-month,Debit Card,500,10030.5,No
2580-ASVVY,Female,0,37,Two year,UPI,454,15931,No
3370-GQEAL,Male,0,30,Month-to-month,UPI,854.5,25099.5,No
5032-USPKF,Female,0,38,One year,UPI,841,31876.5,No
2982-IHMFT,Female,1,1,Month-to-month,Debit Card,744.5,744.5,Yes
3521-SYVOR,Female,0,37,Month-to-month,UPI,647.5,23452,Yes
4254-QPEDE,Female,0,52,Two year,Credit card (automatic),662.5,33301,No
6283-GITPX,Male,0,71,Two year,Credit card (automatic),769,55227,No
9526-JAWYF,Male,0,26,Month-to-month,UPI,898,23353,Yes
0771-CHWSK,Male,0,66,Two year,Credit card (automatic),746,47984,No
9788-HNGUT,Male,0,72,Two year,Credit card (automatic),1169.5,85944,No
9495-REDIY,Male,0,25,One year,Credit card (automatic),406.5,9705.5,No
5375-XLDOF,Male,0,69,Two year,UPI,1143.5,76658,No
1172-VIYBP,Male,0,53,Two year,UPI,697,36860.5,No
5649-VUKMC,Female,0,12,One year,Debit Card,955,11151.5,Yes
6559-PDZLR,Male,0,26,Month-to-month,UPI,986.5,25370,No
8992-OBVDG,Male,0,21,Month-to-month,Debit Card,616.5,13936,No
4273-MBHYA,Female,0,1,Month-to-month,UPI,893.5,893.5,No
4724-WXVWF,Male,0,48,Month-to-month,UPI,954,44453,No
5701-GUXDC,Female,0,26,One year,Credit card (automatic),354,9786,No
1460-UZPRJ,Male,0,60,Two year,Debit Card,199.5,12581.5,No
6082-GLJIX,Male,0,18,Month-to-month,Debit Card,192.5,3313.5,No
5143-EGQFK,Female,1,10,Month-to-month,UPI,296.5,2914,Yes
4919-IKATY,Male,0,5,Month-to-month,UPI,845,4537.5,Yes
2495-TTHBQ,Female,0,4,One year,Debit Card,204,847.5,No
0485-ZBSLN,Male,0,65,Two year,Credit card (automatic),247.5,17151,No
3810-PJUHR,Male,0,70,Two year,Debit Card,253.5,17151.5,No
9050-QLROH,Male,0,18,Month-to-month,Credit card (automatic),907,15972.5,Yes
0847-HGRML,Male,0,62,Two year,UPI,200,12501,No
8232-CTLKO,Female,0,66,Two year,UPI,597.5,39968,No
9227-YBAXE,Female,0,65,Two year,UPI,825,52151,No
6168-WFVVF,Female,1,3,Month-to-month,UPI,703,2355,Yes
9860-LISIZ,Female,0,34,Month-to-month,Debit Card,203.5,6732,No
0112-QAWRZ,Male,0,16,Month-to-month,UPI,908,14422,No
0877-SDMBN,Female,0,54,One year,UPI,1039.5,56390.5,Yes
2786-GCDPI,Female,1,50,Month-to-month,UPI,1049.5,52223.5,No
4043-MKDTV,Male,0,71,Two year,UPI,1052.5,72917.5,No
8065-YKXKD,Female,0,10,Month-to-month,UPI,747.5,7996.5,Yes
9637-EIHEQ,Female,0,1,Month-to-month,UPI,508,508,Yes
9229-RQABD,Male,0,18,One year,Debit Card,237.5,4245,No
8313-KTIHG,Male,0,4,Month-to-month,UPI,613,2494,No
5320-BRKGK,Female,0,58,Two year,Debit Card,758,44157.5,No
6284-KMNUF,Female,0,56,One year,UPI,980,52706,No
9689-PTNPG,Male,0,2,Month-to-month,UPI,802.5,1445.5,Yes
9465-RWMXL,Male,0,32,Month-to-month,UPI,789,24479.5,Yes
6229-UOLQL,Male,0,56,One year,Debit Card,520,28849,No
2362-IBOOY,Male,0,36,Month-to-month,UPI,847.5,30501.5,Yes
3137-LUPIX,Female,0,4,Month-to-month,Debit Card,644,2530,No
0843-WTBXE,Male,0,53,Month-to-month,UPI,854.5,45172.5,Yes
6143-JQKEA,Male,0,10,Month-to-month,Credit card (automatic),458,4362,No
8676-OOQEJ,Male,0,4,Month-to-month,UPI,305,1184,No
5515-IDEJJ,Male,0,1,Month-to-month,Debit Card,199,199,Yes
9701-CDXHR,Female,0,51,Month-to-month,Debit Card,691.5,36496,No
7450-NWRTR,Male,1,12,Month-to-month,UPI,994.5,12001.5,Yes
8124-NZVGJ,Female,0,6,One year,Debit Card,492.5,2556,No
2162-FRZAA,Male,0,63,Two year,UPI,393.5,23950.5,No
5376-DEQCP,Female,0,1,Month-to-month,UPI,706,706,Yes
5118-MUEYH,Female,0,48,Month-to-month,Credit card (automatic),1051,50835.5,No
9095-HFAFX,Female,0,5,Month-to-month,Credit card (automatic),810,3896,Yes
5627-TVBPP,Female,0,35,One year,Credit card (automatic),201,6445,No
2379-ENZGV,Male,0,6,Month-to-month,UPI,848.5,5235,Yes
3936-QQFLL,Male,0,2,Month-to-month,Debit Card,197.5,393,No
2589-AYCRP,Female,0,50,One year,UPI,197.5,9890.5,No
4067-HLYQI,Female,0,33,Month-to-month,UPI,704,24061,No
5124-EOGYE,Male,0,31,Two year,Debit Card,204.5,6385.5,No
5057-RKGLH,Female,0,9,Two year,Debit Card,203.5,1911,No
0292-WEGCH,Female,0,54,Month-to-month,UPI,862,45240.5,No
8910-ICHIU,Female,0,46,One year,Credit card (automatic),956.5,46642,No
4097-YODCF,Male,0,34,One year,UPI,1038,34708,No
9715-WZCLW,Male,0,71,Two year,UPI,972,69103,No
9786-YWNHU,Female,0,63,Two year,Debit Card,635.5,40142,No
6407-GSJNL,Female,0,51,Two year,UPI,249.5,12880,No
6005-OBZPH,Female,1,26,Month-to-month,UPI,891.5,22776.5,Yes
4049-ZPALD,Female,0,64,Two year,UPI,990,63758,No
7932-WPTDS,Female,1,1,Month-to-month,UPI,248,248,Yes
3733-UOCWF,Male,1,61,One year,UPI,855.5,52517.5,No
6833-JMZYP,Female,0,15,Month-to-month,Credit card (automatic),940,15054.5,No
2722-VOJQL,Male,0,64,One year,Credit card (automatic),1056.5,69031,Yes
1310-QRITU,Female,0,18,Month-to-month,UPI,503,9133,No
8961-QDZZJ,Female,0,57,One year,UPI,950,55358,No
9715-SBVSU,Male,0,14,Two year,UPI,614,8155.5,No
8490-BXHEO,Male,1,18,Month-to-month,Credit card (automatic),805.5,14116.5,No
7173-TETGO,Female,1,72,Two year,UPI,785,56022.5,No
7929-SKFGK,Male,0,70,Two year,Credit card (automatic),1143,82443,No
2300-RQGOI,Female,0,38,Two year,Debit Card,200.5,7415,No
3563-SVYLG,Male,0,68,Two year,Credit card (automatic),626.5,43758,No
5228-EXCET,Male,0,13,Month-to-month,UPI,808.5,10087,Yes
6435-VWCCY,Male,1,65,Two year,Credit card (automatic),927,59684,No
4998-IKFSE,Female,0,30,Month-to-month,UPI,1004.5,30969,No
8630-QSGXK,Male,0,51,Two year,UPI,752,39012.5,No
2455-USLMV,Female,0,31,Month-to-month,Credit card (automatic),847.5,26134,No
7394-FKDNK,Female,0,9,Month-to-month,UPI,894.5,8531,Yes
9488-FVZCC,Female,0,72,Two year,UPI,795,56617,No
6331-LWDTQ,Male,0,10,Month-to-month,Credit card (automatic),721.5,7942.5,Yes
5995-WWKKG,Female,0,37,One year,UPI,198,6950.5,No
1597-FZREH,Female,0,2,Month-to-month,UPI,764,1608,Yes
7879-CGSFV,Male,0,55,One year,Debit Card,1009,55520.5,No
9921-EZKBY,Male,0,33,Month-to-month,UPI,953,32751.5,No
7432-FFVAR,Female,0,46,One year,UPI,909.5,42366,No
7246-ZGQDF,Female,0,1,Month-to-month,UPI,545,545,No
7000-WCEVQ,Female,1,20,Month-to-month,Debit Card,616,11743.5,Yes
0727-IWKVK,Male,0,9,Month-to-month,UPI,799,7417,Yes
5959-BELXA,Male,1,32,Month-to-month,Credit card (automatic),961.5,30192.5,Yes
4456-RHSNB,Female,0,19,Month-to-month,UPI,496,9629,No
3512-IZIKN,Female,0,70,Two year,Credit card (automatic),653,47597.5,Yes
2481-SBOYW,Female,0,61,Two year,Credit card (automatic),250,14983.5,No
7109-MFBYV,Male,0,26,Month-to-month,UPI,454.5,12331.5,No
1833-TCXKK,Male,0,45,Month-to-month,UPI,1077.5,48828,No
1832-PEUTS,Male,0,62,Two year,Credit card (automatic),891,54116.5,No
6141-OOXUQ,Male,0,1,Month-to-month,Debit Card,196.5,196.5,Yes
8660-BUETV,Female,0,3,Month-to-month,Debit Card,447.5,1480.5,No
0580-PIQHM,Female,0,41,One year,UPI,1016,39305.5,No
5696-CEIQJ,Male,0,67,Two year,UPI,1031.5,68955,No
7503-ZGUZJ,Male,0,1,Month-to-month,Debit Card,846.5,846.5,Yes
1696-HXOWK,Female,0,71,One year,Debit Card,956.5,68569.5,No
3026-ATZYV,Female,0,37,One year,UPI,751,26588,No
4012-YCFAI,Male,0,60,Two year,Debit Card,613.5,37662,No
2506-TNFCO,Female,1,1,Month-to-month,UPI,695.5,695.5,Yes
9970-QBCDA,Female,0,6,Month-to-month,Credit card (automatic),197,1295.5,No
8718-PTMEZ,Female,0,13,Month-to-month,UPI,310.5,3472.5,Yes
9496-IVVRP,Female,0,11,Month-to-month,UPI,510,5817,No
2207-OBZNX,Male,0,7,Month-to-month,Debit Card,510,3540.5,Yes
2657-VPXTA,Female,0,10,Month-to-month,UPI,888.5,9294.5,No
6551-VLJMV,Male,0,34,Two year,Credit card (automatic),200.5,6790,No
1221-GHZEP,Female,0,62,Two year,Debit Card,651,38467.5,No
9289-LBQVU,Male,0,64,One year,Debit Card,701.5,44807,No
6142-VSJQO,Female,0,1,Month-to-month,UPI,443.5,443.5,Yes
3458-IDMFK,Male,0,25,Two year,Debit Card,207.5,4994,No
6933-FHBZC,Female,0,26,One year,Debit Card,560.5,15532,No
0221-NAUXK,Male,0,10,One year,UPI,199.5,2195,No
9770-KXGQU,Female,0,53,One year,Debit Card,986,53118.5,No
6437-UKHMV,Female,0,7,Month-to-month,UPI,797,5860.5,Yes
6538-POCHL,Male,0,33,Month-to-month,Credit card (automatic),790,25768,No
6726-NNFWD,Female,1,71,Two year,Credit card (automatic),894.5,64352.5,No
3002-WQZWT,Female,0,29,Month-to-month,UPI,742,19932.5,No
4277-UDIEF,Male,0,24,Month-to-month,UPI,810,19238.5,No
1208-NBVFH,Male,0,20,Month-to-month,UPI,496,9398,No
4912-PIGUY,Female,0,1,Month-to-month,UPI,846,846,No
1114-CENIM,Male,0,54,Month-to-month,Credit card (automatic),550,30926.5,Yes
6060-DRTNL,Female,1,5,Month-to-month,Debit Card,848.5,4155.5,Yes
2725-TTRIQ,Female,0,72,Two year,UPI,842,59865.5,No
3374-TTZTK,Male,0,52,Two year,UPI,1063,54870,No
8990-ZXLSU,Female,0,9,Month-to-month,UPI,690.5,6515,No
2275-RBYQS,Female,0,1,Month-to-month,Debit Card,454,454,No
8473-VUVJN,Male,1,1,Month-to-month,UPI,736.5,736.5,Yes
6289-CPNLD,Male,0,33,One year,Debit Card,739,24050.5,Yes
5536-SLHPM,Female,0,55,Month-to-month,UPI,777.5,44581.5,Yes
4419-UJMUS,Male,0,69,Two year,UPI,993.5,68564.5,No
7794-JASDG,Male,0,1,Month-to-month,Debit Card,507.5,507.5,No
7609-YBPXG,Male,0,54,Two year,UPI,871,47352,No
5519-TEEUH,Male,0,33,One year,Debit Card,201.5,6821.5,No
7856-GANIL,Male,1,45,One year,UPI,987,45258,No
0804-XBFBV,Female,0,11,Month-to-month,UPI,252,3210.5,No
2676-OXPPQ,Male,0,6,Month-to-month,UPI,557,3356.5,No
3703-TTEPD,Male,0,21,Month-to-month,UPI,653.5,14244,No
2799-TSLAG,Female,0,65,Two year,UPI,253,17485.5,No
0196-VULGZ,Female,1,6,Month-to-month,UPI,843.5,4749,Yes
8837-VVWLQ,Female,0,8,Month-to-month,UPI,849.5,6684,Yes
2696-NARTR,Male,0,11,Month-to-month,UPI,738.5,9262.5,Yes
2208-NKVVH,Male,0,43,Two year,Debit Card,242.5,10779.5,No
7614-QVWQL,Male,0,49,One year,UPI,518,25412.5,Yes
1976-CFOCS,Female,1,1,Month-to-month,UPI,460,460,Yes
4631-OACRM,Male,1,15,Month-to-month,UPI,794,11561,Yes
7139-JZFVG,Male,0,60,Two year,UPI,605,36944.5,No
4987-GQWPO,Male,0,17,Month-to-month,Credit card (automatic),251,3828,No
3755-JBMNH,Male,1,16,Month-to-month,UPI,718,11678,Yes
1757-TCATG,Male,0,35,One year,UPI,200.5,7467.5,No
6345-ULYRW,Male,1,44,One year,Debit Card,884,39129,Yes
4776-XSKYQ,Female,0,12,One year,Credit card (automatic),302.5,3688.5,No
8048-DSDFQ,Male,0,1,Month-to-month,Debit Card,202,202,No
5753-QQWPW,Female,0,28,One year,UPI,599,16547,No
6010-DDPPW,Male,0,70,Two year,UPI,251.5,19408.5,No
1809-DMJHQ,Female,0,5,Month-to-month,Debit Card,460,2217,Yes
6693-FRIRW,Male,0,18,Month-to-month,Credit card (automatic),1013,17946.5,No
6586-MYGKD,Male,0,70,Two year,Credit card (automatic),769.5,52898,No
3173-NVMPX,Female,0,9,Month-to-month,Debit Card,553,5012,No
0248-PGHBZ,Female,1,67,Two year,UPI,924.5,61408.5,No
0623-GDISB,Female,0,1,Month-to-month,UPI,484.5,484.5,No
2892-GESUL,Female,0,18,Two year,Debit Card,193.5,3092.5,No
6923-EFPNL,Male,0,4,Month-to-month,Credit card (automatic),517.5,2011,Yes
7472-EQOAV,Male,1,71,One year,UPI,867,61793.5,No
9574-RKJIF,Male,0,30,Month-to-month,UPI,944,28387,Yes
2043-WVTQJ,Male,0,1,Month-to-month,Debit Card,557,557,No
8034-RYTVV,Female,0,55,One year,Credit card (automatic),842.5,45898.5,No
3863-QSTYI,Male,0,59,Month-to-month,UPI,646.5,37354.5,No
2619-WFQWU,Female,0,1,Month-to-month,Debit Card,701.5,701.5,Yes
5044-LRQAQ,Female,0,7,Month-to-month,UPI,692,4775.5,No
1716-LSAMB,Male,0,45,Two year,UPI,546.5,25537,No
1333-PBMXB,Female,0,54,One year,UPI,247.5,13421.5,No
6546-OPBBH,Male,0,51,One year,Debit Card,239.5,12163.5,No
5985-BEHZK,Female,1,72,One year,Credit card (automatic),1050,75780.5,No
9127-QRZMH,Male,0,44,One year,UPI,598.5,26039.5,No
5919-VCZYM,Male,0,2,Month-to-month,Debit Card,200.5,427,No
9644-KVCNC,Female,0,66,One year,UPI,921.5,60569,No
2137-DQMEV,Male,0,68,One year,Debit Card,448,29836.5,No
8174-LNWMW,Female,0,31,Two year,Credit card (automatic),209,6893.5,No
9279-CJEOJ,Female,1,21,Month-to-month,UPI,954,20251,No
7964-VEXDG,Male,0,21,Month-to-month,UPI,803.5,17472,No
2404-JIBFC,Female,0,55,Two year,UPI,851,46579.5,No
0778-NELLA,Male,0,9,Month-to-month,Credit card (automatic),347,2961,Yes
8029-XYPWT,Male,1,71,Two year,UPI,1150.5,80166,No
4614-NUVZD,Female,0,1,Month-to-month,UPI,811,811,Yes
4632-PAOYU,Male,0,22,One year,Debit Card,199.5,4335,No
3803-KMQFW,Female,0,1,Month-to-month,Debit Card,205.5,205.5,Yes
6804-GDMOI,Female,0,61,Two year,UPI,1066,64284,Yes
2990-OGYTD,Female,0,67,Two year,UPI,861.5,58838.5,No
6646-JPPHA,Female,1,14,Month-to-month,UPI,788.5,10438,No
9572-MTILT,Male,0,59,Month-to-month,UPI,1067.5,62529,Yes
7658-UYUQS,Male,1,21,Month-to-month,UPI,865.5,18572.5,No
7880-XSOJX,Male,0,4,Month-to-month,Debit Card,424,1464,No
9611-CTWIH,Female,0,3,Month-to-month,UPI,894.5,2404.5,Yes
4589-IUAJB,Male,0,70,Two year,UPI,242.5,17241.5,No
0329-GTIAJ,Female,0,3,Month-to-month,UPI,979,3153,Yes
8746-BFOAJ,Male,1,21,One year,UPI,205,4295.5,No
8457-XIGKN,Male,0,20,Month-to-month,Credit card (automatic),196,3561.5,No
6072-NUQCB,Male,0,22,One year,UPI,202.5,4882.5,No
6629-CZTTH,Male,0,1,Month-to-month,Debit Card,557,557,Yes
8838-GPHZP,Female,0,63,Two year,Debit Card,206,12987,No
8750-QWZAJ,Female,0,70,Two year,UPI,198,13787.5,No
5364-EVNIB,Male,0,13,Month-to-month,UPI,798,9734.5,Yes
6918-UMQCG,Female,0,5,Month-to-month,UPI,802,3842.5,No
0675-NCDYU,Female,0,72,Two year,Credit card (automatic),1164,85432.5,No
6339-DKLMK,Female,0,13,Month-to-month,UPI,316.5,3899.5,No
1346-PJWTK,Male,0,61,Month-to-month,Credit card (automatic),941.5,57318.5,No
5088-QZLRL,Male,0,1,Month-to-month,UPI,206.5,206.5,No
8023-QHAIO,Female,1,56,Month-to-month,UPI,768.5,42757.5,No
4397-FRLTA,Female,0,4,Month-to-month,Debit Card,201.5,845,No
3057-VJJQE,Male,0,35,Two year,Debit Card,552.5,19241,No
5087-SUURX,Female,0,18,Month-to-month,UPI,390.5,6698.5,Yes
2302-OUZXB,Male,0,72,Two year,UPI,821.5,57843,No
8133-ANHHJ,Female,1,49,One year,UPI,1030,51662,No
2270-CHBFN,Female,0,44,Month-to-month,Credit card (automatic),951,40605.5,No
0013-EXCHZ,Female,1,3,Month-to-month,Debit Card,839,2674,Yes
5982-FPVQN,Female,0,37,Month-to-month,UPI,951.5,35328.5,No
9107-UKCKY,Male,0,61,One year,UPI,798,49148,No
4654-ULTTN,Male,0,70,Two year,Credit card (automatic),748,53158,No
5550-VFRLC,Female,1,1,Month-to-month,UPI,698.5,698.5,Yes
5546-BYZSM,Female,0,41,Month-to-month,UPI,204.5,7756,No
1492-KGETH,Male,0,70,One year,UPI,783.5,54459.5,No
4929-BSTRX,Female,0,1,Month-to-month,Debit Card,535.5,535.5,Yes
4163-HFTUK,Male,0,51,One year,UPI,191,10078,No
8215-NGSPE,Female,0,42,Two year,Debit Card,200,8335.5,No
2225-ZRGSG,Female,0,70,Two year,UPI,939,65790.5,Yes
8859-YSTWS,Male,0,48,One year,UPI,199.5,10045,No
5271-YNWVR,Male,0,68,Two year,UPI,1131.5,78560,Yes
7601-DHFWZ,Female,0,48,Two year,Credit card (automatic),240,11830.5,No
2657-ALMWY,Female,1,26,Month-to-month,UPI,849.5,21697.5,Yes
6330-JKLPC,Male,0,11,Month-to-month,UPI,805,8969,Yes
4667-OHGKG,Male,0,1,Month-to-month,Debit Card,193,193,Yes
1998-VHJHK,Female,0,27,One year,Debit Card,191.5,5013.5,No
1707-HABPF,Female,1,46,One year,UPI,913,41263.5,No
1660-HSOOQ,Male,0,1,Month-to-month,Debit Card,496.5,496.5,Yes
7253-UVNDW,Female,0,46,Two year,Credit card (automatic),543.5,24601.5,Yes
0487-VVUVK,Male,0,25,Month-to-month,Debit Card,191.5,4776,No
7228-OMTPN,Male,0,4,Month-to-month,UPI,884.5,3706.5,Yes
5063-IUOKK,Male,0,13,Two year,Debit Card,197.5,2657.5,No
4508-OEBEY,Male,0,31,One year,Credit card (automatic),755,24244.5,No
0027-KWYKW,Female,0,23,Month-to-month,UPI,837.5,18499.5,No
2308-STERM,Female,0,2,Month-to-month,Debit Card,194,610.5,No
5982-XMDEX,Female,0,65,Two year,UPI,265,16985.5,No
6284-AHOOQ,Male,1,22,Month-to-month,UPI,905,19106,Yes
6051-PTVNS,Female,0,55,One year,Credit card (automatic),191.5,9981,No
2344-JMOGN,Male,0,9,Month-to-month,Debit Card,948.5,8906,Yes
3799-ISUZQ,Male,0,7,Month-to-month,UPI,699.5,5295,Yes
2877-VDUER,Female,0,35,One year,Debit Card,409,13836,No
9152-AMKAK,Male,0,6,Two year,Debit Card,802.5,4934,No
1794-HBQTJ,Female,0,1,Month-to-month,Credit card (automatic),486,486,Yes
9432-VOFYX,Male,0,17,Month-to-month,UPI,708,12070,No
8049-WJCLQ,Male,0,10,Month-to-month,Debit Card,602,5635,No
6586-PSJOX,Male,0,15,One year,Credit card (automatic),552,8645.5,No
2460-FPSYH,Female,1,40,Month-to-month,UPI,558,21093.5,Yes
9705-ZJBCG,Female,0,13,One year,UPI,541.5,7010.5,No
4818-DRBQT,Male,0,29,Month-to-month,UPI,801.5,22652.5,Yes
1320-HTRDR,Female,0,3,Month-to-month,UPI,755,2206,Yes
6847-KJLTS,Female,1,58,Month-to-month,UPI,1004,57498,No
9670-BPNXF,Female,0,45,One year,Credit card (automatic),625.5,27964.5,No
3913-FCUUW,Female,0,72,Two year,UPI,704.5,51657,No
3301-VKTGC,Male,0,68,One year,UPI,855,56966,No
1493-AMTIE,Male,0,1,Month-to-month,UPI,202,202,Yes
9555-SAHUZ,Female,0,38,Month-to-month,UPI,545,20760.5,No
0816-TSPHQ,Male,0,2,Month-to-month,Debit Card,207.5,442,No
9932-WBWIK,Male,0,11,Month-to-month,Debit Card,203.5,2152.5,No
4619-EVPHY,Female,1,20,One year,UPI,910,18595,No
5286-YHCVC,Male,0,72,Two year,UPI,1048,74701,No
6424-ELEYH,Female,0,3,Month-to-month,Credit card (automatic),747.5,2295,Yes
4391-RESHN,Male,0,23,Month-to-month,Debit Card,1040.5,24701,Yes
9115-YQHGA,Male,0,40,Month-to-month,UPI,511,20929,No
4462-CYWMH,Male,1,62,Month-to-month,UPI,898,56295.5,No
8963-MQVYN,Female,0,22,Month-to-month,UPI,205.5,4698.5,No
2458-EOMRE,Female,0,11,Month-to-month,UPI,640.5,7339.5,No
9334-GWGOW,Male,1,7,Month-to-month,UPI,748.5,4852.5,No
6821-BUXUX,Female,0,13,Month-to-month,UPI,966.5,12445,Yes
5028-HTLJB,Male,1,1,Month-to-month,Debit Card,200.5,200.5,Yes
9801-GDWGV,Female,0,39,Month-to-month,UPI,1034.5,39944.5,Yes
6542-LWGXJ,Male,0,3,Month-to-month,Debit Card,250,782.5,No
5567-GZKQY,Male,0,58,Two year,Credit card (automatic),203,11315,No
1222-LRYKO,Male,0,6,Month-to-month,Debit Card,263.5,1840.5,No
2320-JRSDE,Female,0,1,Month-to-month,UPI,199,199,Yes
2087-QAREY,Female,0,22,Month-to-month,Debit Card,547,11787.5,No
0601-WZHJF,Male,0,14,Month-to-month,UPI,463.5,6677,Yes
4423-JWZJN,Male,0,64,One year,Credit card (automatic),902.5,56291.5,No
5143-WMWOG,Male,0,1,Month-to-month,UPI,199.5,199.5,Yes
6490-FGZAT,Male,0,6,Month-to-month,Debit Card,206.5,1093,No
5393-RXQSZ,Male,0,1,Month-to-month,UPI,796,796,Yes
7452-FOLON,Male,0,39,One year,UPI,254.5,9584.5,No
2320-TZRRH,Female,0,20,One year,Debit Card,195,4031.5,No
0231-LXVAP,Male,0,1,Month-to-month,UPI,759,759,Yes
9444-JTXHZ,Male,0,1,Month-to-month,UPI,762,762,Yes
4942-VZZOM,Male,0,64,One year,Credit card (automatic),661.5,43925,No
5510-BOIUJ,Male,0,1,Month-to-month,Debit Card,192.5,192.5,Yes
7502-BNYGS,Female,0,46,Month-to-month,Credit card (automatic),691,31680,No
4291-HYEBC,Female,1,28,One year,UPI,391,10966,No
6147-CBCRA,Female,0,33,Month-to-month,Debit Card,200.5,6694.5,No
6047-SUHPR,Male,0,39,One year,UPI,598,23438.5,No
4471-KXAUH,Female,0,42,Month-to-month,UPI,843,35884,Yes
9752-ZNQUT,Female,0,1,Month-to-month,UPI,486,486,No
7638-QVMVY,Female,0,7,Month-to-month,UPI,790,5229.5,Yes
1576-PFZIW,Male,1,70,Two year,Credit card (automatic),1053.5,75119,No
5666-MBJPT,Male,0,65,Two year,UPI,251,17250,No
7312-XSBAT,Male,0,1,Month-to-month,UPI,497.5,497.5,No
3096-GKWEB,Male,0,18,Month-to-month,UPI,947.5,16919,No
2371-JQHZZ,Male,0,24,Month-to-month,UPI,930,22480.5,No
0674-GCDXG,Male,0,63,Two year,UPI,719,44792,No
1121-QSIVB,Female,0,44,One year,Debit Card,775.5,34711,No
4396-KLSEH,Male,0,4,Month-to-month,UPI,198.5,630,No
3244-DCJWY,Female,0,1,Month-to-month,UPI,702.5,702.5,Yes
2824-MYYBN,Female,0,37,Month-to-month,UPI,952.5,33141.5,No
0875-CABNR,Female,1,10,Month-to-month,Credit card (automatic),846,8655.5,Yes
6345-HOVES,Male,0,34,Month-to-month,UPI,250.5,8527,No
8318-LCNBW,Male,0,35,One year,Credit card (automatic),531.5,19309,No
6469-QJKZW,Female,0,4,Month-to-month,UPI,201.5,914,No
0147-ESWWR,Female,1,39,Month-to-month,UPI,1012.5,39491.5,No
1217-VASWC,Male,1,43,One year,UPI,1005.5,43040,No
7812-FZHPE,Female,0,17,Month-to-month,Debit Card,241,4099,Yes
6370-ZVHDV,Female,0,61,Two year,UPI,253,15549,No
5915-DGNVC,Female,0,49,One year,UPI,718,34720.5,No
6260-XLACS,Male,0,4,One year,Debit Card,197,1178,No
3566-CAAYU,Female,0,64,Two year,UPI,498.5,32103.5,No
4983-CCWMC,Male,0,3,Month-to-month,Debit Card,696,2074,No
9103-CXVOK,Male,0,1,Month-to-month,UPI,197.5,197.5,No
2896-TBNBE,Male,0,40,One year,UPI,808,31327.5,No
4797-AXPXK,Female,0,1,Month-to-month,UPI,600,600,Yes
5229-PRWKT,Male,0,8,Month-to-month,UPI,865.5,6496.5,Yes
6982-UQZLY,Female,1,1,Month-to-month,Debit Card,208.5,208.5,Yes
2522-WLNSF,Female,1,34,One year,UPI,642,21063,No
3841-CONLJ,Female,0,1,Month-to-month,UPI,350,350,No
5057-LCOUI,Female,0,39,Month-to-month,UPI,507.5,20114,Yes
0193-ESZXP,Female,1,58,One year,Credit card (automatic),1055,62055,Yes
4475-NVTLU,Male,0,45,Two year,UPI,192,9037,No
4369-HTUIF,Male,1,6,Month-to-month,UPI,851.5,5036,Yes
9386-LDCZR,Male,0,43,One year,Credit card (automatic),906.5,38823,No
9585-KKMFD,Male,0,41,Two year,Debit Card,200,8798,No
5399-ZIMKF,Male,0,5,Month-to-month,UPI,746.5,3836.5,No
0336-KXKFK,Male,0,72,Two year,Credit card (automatic),612,43902.5,No
5619-XZZKR,Male,0,4,One year,Debit Card,199.5,682,No
3948-FVVRP,Male,0,9,Month-to-month,Debit Card,548,4528,No
5327-XOKKY,Male,1,72,Two year,Credit card (automatic),734.5,53290,No
0983-TATYJ,Female,0,33,One year,Debit Card,514.5,17589,No
1813-JYWTO,Female,0,72,Two year,UPI,804.5,57376,No
0156-FVPTA,Male,0,22,Month-to-month,UPI,542,11527,Yes
1984-FCOWB,Female,0,70,One year,UPI,1095,76745.5,Yes
0654-HMSHN,Male,0,21,Month-to-month,UPI,1044,21579.5,Yes
6719-OXYBR,Male,0,15,Month-to-month,UPI,853,12198.5,No
3312-ZWLGF,Male,1,29,Month-to-month,UPI,793,24145.5,No
6476-YHMGA,Female,0,15,Month-to-month,UPI,765,11556,No
5287-QWLKY,Male,1,71,Month-to-month,Credit card (automatic),1051,75481,Yes
0795-XCCTE,Male,1,72,Two year,UPI,254,18093.5,No
0168-XZKBB,Female,0,19,Month-to-month,UPI,868.5,15644,No
3785-NRHYR,Male,0,1,Month-to-month,Debit Card,196.5,196.5,No
5196-SGOAK,Female,0,1,Month-to-month,UPI,757,757,Yes
4537-DKTAL,Female,0,2,Month-to-month,UPI,455.5,844,No
7072-MBHEV,Female,1,11,Month-to-month,Credit card (automatic),781,8648.5,No
5602-BVFMK,Female,0,12,One year,Debit Card,193,2287.5,No
6297-NOOPG,Female,0,70,Two year,UPI,1105,77520.5,No
1891-UAWWU,Female,1,20,Month-to-month,UPI,908,19510,Yes
8204-TIFGJ,Female,0,23,Month-to-month,UPI,203,4706,No
8050-DVOJX,Male,1,49,Two year,Credit card (automatic),813.5,40609,No
6108-OQZDQ,Female,0,4,Month-to-month,UPI,979.5,3845,Yes
0363-QJVFX,Male,0,32,Month-to-month,Credit card (automatic),1081.5,34329,Yes
8903-XEBGX,Male,0,2,Month-to-month,UPI,553,1086.5,No
8169-SAEJD,Male,1,69,Two year,Credit card (automatic),565.5,39526.5,No
9840-DVNDC,Male,0,6,Month-to-month,Credit card (automatic),805,4630.5,Yes
1089-XZWHH,Female,0,24,Two year,Debit Card,197,4940.5,No
2325-WINES,Female,0,32,One year,Credit card (automatic),1040.5,34168.5,No
6064-ZATLR,Female,0,27,Two year,UPI,528.5,14986.5,No
3096-JRDSO,Female,1,27,Month-to-month,UPI,1043,28677.5,Yes
7824-PANSQ,Male,0,58,Month-to-month,UPI,806.5,48073.5,No
8042-JVNFH,Male,0,1,Month-to-month,Debit Card,713.5,713.5,Yes
9648-BCHKM,Female,0,18,Two year,Credit card (automatic),246.5,4713.5,No
2888-ADFAO,Female,0,47,Two year,UPI,213,10418,No
8707-HOEDG,Female,0,70,Two year,UPI,1102,76898,No
3374-LXDEV,Female,0,13,Month-to-month,UPI,894,11323.5,Yes
4072-IPYLT,Female,0,36,Month-to-month,Credit card (automatic),510.5,18150,No
7167-PCEYD,Male,0,67,Two year,Debit Card,198,13113,No
4936-YPJNK,Female,0,10,Month-to-month,Debit Card,199,1994.5,No
1580-BMCMR,Male,1,19,Month-to-month,UPI,873,16373,No
4817-KEQSP,Female,0,71,Two year,UPI,198.5,13263.5,No
6408-WHTEF,Male,0,72,Two year,Debit Card,894,63765.5,No
9251-AWQGT,Female,0,48,Two year,Debit Card,200,9359,No
8749-CLJXC,Male,0,1,Month-to-month,Debit Card,200.5,200.5,No
7989-VCQOH,Male,0,18,Month-to-month,UPI,832.5,16111.5,No
5049-GLYVG,Male,0,1,Month-to-month,Debit Card,206,206,Yes
4199-QHJNM,Male,1,67,Two year,UPI,1029,69897,No
8882-TLVRW,Male,0,69,Two year,Debit Card,391,27795,No
5883-GTGVD,Male,0,19,Month-to-month,UPI,999.5,19317.5,Yes
5135-GRQJV,Male,1,72,Two year,Debit Card,1145,83319.5,No
2384-OVPSA,Female,1,38,Two year,Debit Card,202,7359,No
1371-WEPDS,Male,1,40,One year,UPI,558,22833,No
3580-GICBM,Female,0,61,Two year,Debit Card,242,14452,No
4817-QRJSX,Female,0,10,Month-to-month,Credit card (automatic),810,8180.5,Yes
9730-DRTMJ,Male,0,32,One year,Credit card (automatic),728,23330.5,No
4686-UXDML,Female,0,21,Month-to-month,Credit card (automatic),998.5,19925.5,No
3349-ANQNH,Female,1,59,One year,UPI,995,58900,No
2398-YPMUR,Female,1,13,Month-to-month,UPI,701.5,9167.5,Yes
0932-YIXYU,Female,0,47,Two year,Credit card (automatic),202.5,10298,No
7480-SPLEF,Male,0,69,Two year,UPI,260,17965.5,No
7636-XUHWW,Male,0,2,Month-to-month,Credit card (automatic),199,337,No
1431-CYWMH,Female,0,22,Month-to-month,UPI,190.5,4540.5,No
5937-EORGB,Male,1,15,Month-to-month,UPI,965,13922.5,No
6349-JDHQP,Female,0,53,Two year,Credit card (automatic),198.5,10496,No
5539-HIVAK,Female,1,28,Month-to-month,Debit Card,257,7346,No
5847-MXBEO,Male,0,22,One year,Debit Card,203,4751,No
9985-MWVIX,Female,0,1,Month-to-month,Debit Card,701.5,701.5,Yes
4583-PARNH,Male,1,16,Month-to-month,UPI,915.5,15400.5,No
1116-FRYVH,Female,0,48,Two year,Debit Card,394,19786.5,No
1421-HCERK,Male,1,30,Month-to-month,UPI,1057,31818,No
9633-XQABV,Female,0,3,Month-to-month,UPI,702.5,2297,No
0716-BQNDX,Male,1,57,Two year,UPI,937.5,56255.5,No
1265-XTECC,Female,1,68,One year,Credit card (automatic),965.5,65819,Yes
1183-CANVH,Female,0,23,One year,UPI,600,13471.5,No
1972-XMUWV,Female,0,65,Two year,Credit card (automatic),598,38082,No
8679-LZBMD,Male,0,44,One year,UPI,906.5,39741.5,No
3407-JMJQQ,Female,0,71,Two year,UPI,1090,76618,No
6252-DFGTK,Female,0,37,One year,Credit card (automatic),681,24792.5,No
1539-LNKHM,Female,0,12,Month-to-month,Debit Card,204,2666,No
8645-KOMJQ,Male,0,69,Two year,UPI,819.5,56014,No
0289-IVARM,Female,0,35,Month-to-month,UPI,605.5,19826,No
9761-XUJWD,Male,0,5,Month-to-month,UPI,656,3399,No
4057-FKCZK,Male,0,58,Two year,UPI,825,48280.5,No
4291-TPNFG,Male,0,72,Two year,UPI,823,59805.5,No
6087-YPWHO,Male,0,72,Two year,Debit Card,681.5,48087,No
3090-QFUVD,Female,0,1,Month-to-month,Credit card (automatic),203,203,No
2237-ZFSMY,Female,0,39,One year,UPI,955.5,36928.5,Yes
1722-LDZJS,Male,0,53,One year,Credit card (automatic),202,10681.5,No
1818-ESQMW,Female,0,27,Month-to-month,UPI,892,23836,No
4871-JTKJF,Female,1,1,Month-to-month,UPI,696.5,696.5,Yes
1415-YFWLT,Female,1,1,Month-to-month,UPI,893,893,Yes
7401-RUBNK,Female,0,18,Month-to-month,UPI,748,14380.5,No
0506-YLVKJ,Male,0,46,Two year,Debit Card,202,9174.5,No
8661-BOYNW,Female,0,72,Two year,Credit card (automatic),844,60964.5,No
6711-VTNRE,Female,0,36,Month-to-month,UPI,875.5,30781,Yes
4815-GBTCD,Female,0,4,Month-to-month,UPI,251.5,999.5,No
2805-AUFQN,Female,0,25,Two year,Credit card (automatic),198,4752,No
0980-PVMRC,Female,0,40,Month-to-month,UPI,508.5,20365.5,No
7233-DRTRF,Male,0,63,Month-to-month,UPI,1024,64440.5,No
3500-RMZLT,Female,1,15,Month-to-month,Debit Card,963,14267.5,Yes
3873-NFTGI,Male,0,14,Month-to-month,Credit card (automatic),555,7675.5,No
1162-ECVII,Male,1,72,Two year,UPI,1097.5,79325,No
7048-GXDAY,Male,0,39,Month-to-month,UPI,1064,40406.5,No
8571-ZCMCX,Female,0,47,Two year,Credit card (automatic),600,27686.5,No
1169-WCVAK,Male,0,19,Month-to-month,Credit card (automatic),888,16723.5,No
4548-SDBKE,Female,0,5,Month-to-month,UPI,852,4748,Yes
8066-POXGX,Female,0,13,Month-to-month,UPI,351,4461,Yes
7129-CAKJW,Female,0,17,Month-to-month,UPI,800.5,13456.5,No
8695-ARGXZ,Male,1,34,Month-to-month,UPI,755.5,24254,No
3570-YUEKJ,Female,0,42,Month-to-month,UPI,495.5,20779.5,No
4143-OOBWZ,Male,0,5,Month-to-month,UPI,813,4163,Yes
1555-HAPSU,Female,0,71,Two year,Credit card (automatic),239,16635,No
1697-NVVGY,Male,1,19,Month-to-month,UPI,664,12860.5,No
7854-EKTJL,Female,0,2,Month-to-month,UPI,196,358.5,Yes
8464-EETCQ,Male,0,57,Two year,Credit card (automatic),188,10943.5,No
2419-FSORS,Male,0,72,Two year,UPI,1084,77195,No
8132-YPVBX,Female,0,6,Month-to-month,Debit Card,859.5,5146,No
9102-IAYHT,Female,0,17,Month-to-month,UPI,854.5,14516,Yes
6754-LZUKA,Male,0,61,Two year,UPI,809,49325,No
3422-LYEPQ,Male,0,1,Month-to-month,UPI,710,710,Yes
8099-MZPUJ,Male,0,48,Two year,Credit card (automatic),1118,54436.5,No
0787-LHDYT,Male,0,16,Month-to-month,Credit card (automatic),206,3302.5,No
2642-DTVCO,Male,1,9,Month-to-month,UPI,850.5,7465,Yes
0374-IOEGQ,Female,0,3,Month-to-month,UPI,446,1227,No
4361-JEIVL,Male,0,1,Month-to-month,UPI,444,444,Yes
3197-NNYNB,Male,0,65,Two year,Credit card (automatic),1051,66318.5,No
3396-DKDEL,Female,0,70,Two year,Credit card (automatic),1151.5,82500,No
1752-OZXFY,Male,0,60,One year,Debit Card,598,35611.5,No
9066-QRSDU,Female,0,69,One year,UPI,263,17635.5,No
9112-WSNPU,Female,1,35,Month-to-month,UPI,705.5,24190,No
9867-NNXLC,Female,0,22,Month-to-month,Debit Card,200.5,4702,No
5321-NTRKC,Male,0,66,Two year,UPI,798.5,52349.5,No
1363-TXLSL,Male,1,1,Month-to-month,UPI,703,703,Yes
9507-EXLTT,Female,0,1,Month-to-month,UPI,793.5,793.5,Yes
3161-GETRM,Male,0,34,Month-to-month,Credit card (automatic),900.5,30970,No
0402-OAMEN,Female,0,72,Two year,UPI,244.5,17091,No
6933-VLYFX,Male,0,31,One year,UPI,599.5,18488,No
6754-WKSHP,Male,0,30,One year,UPI,253.5,7233,No
9846-GKXAS,Female,0,9,Month-to-month,UPI,908,8097.5,Yes
6017-PPLPX,Male,0,20,Month-to-month,UPI,704.5,14709.5,Yes
4976-LNFVV,Male,1,19,Month-to-month,Credit card (automatic),343,5771.5,No
5055-MGMGF,Female,0,65,Month-to-month,UPI,1050.5,69149.5,No
4641-FROLU,Female,0,30,Two year,Debit Card,193,6029,No
2862-JVEOY,Male,0,6,One year,Debit Card,191.5,1244,No
2969-QWUBZ,Female,0,2,Month-to-month,UPI,514,968,No
9822-BIIGN,Male,0,53,Month-to-month,UPI,718.5,38279,No
2077-MPJQO,Male,1,7,Month-to-month,UPI,754,5330.5,No
1534-OULXE,Female,0,61,One year,UPI,497,29614,No
7136-RVDTZ,Male,1,70,One year,UPI,452.5,32644.5,Yes
2971-SGAFL,Female,0,13,Month-to-month,UPI,787.5,9953.5,No
1480-IVEVR,Male,1,35,One year,UPI,816,28152.5,No
2905-KFQUV,Female,0,2,Month-to-month,Credit card (automatic),704,1548,No
4581-SSPWD,Female,0,3,Month-to-month,UPI,758,2463,Yes
3370-HXOPH,Female,0,3,Month-to-month,UPI,761,2576,No
9391-YZEJW,Female,0,62,One year,UPI,940,57572,No
9958-MEKUC,Male,0,72,Two year,Credit card (automatic),1039.5,75177,No
0281-CNTZX,Male,0,63,Two year,UPI,199.5,12348,No
6927-WTFIV,Male,1,20,Month-to-month,Credit card (automatic),713,13892,Yes
4118-CEVPF,Female,1,35,One year,UPI,1108,38363,No
3398-ZOUAA,Male,1,21,Month-to-month,UPI,691,14747.5,Yes
9114-VEPUF,Male,0,62,One year,UPI,961,60014.5,No
7876-BEUTG,Female,0,15,Month-to-month,Debit Card,488,7201,No
2338-BQEZT,Female,0,55,Month-to-month,Credit card (automatic),505.5,28327.5,No
9873-MNDKV,Female,0,11,Month-to-month,Debit Card,446.5,4722.5,No
0378-NHQXU,Female,0,17,Month-to-month,UPI,882.5,14606.5,Yes
8241-JUIQO,Female,0,61,One year,UPI,194.5,13363.5,No
2194-IIQOF,Female,0,71,Two year,Credit card (automatic),893,63886.5,No
4512-ZUIYL,Female,0,2,Month-to-month,UPI,700,1530.5,Yes
9631-RXVJM,Male,0,35,Two year,Debit Card,192.5,6779,No
9584-EXCDZ,Female,0,17,Month-to-month,UPI,705,11656,No
7969-AULMZ,Female,0,21,Month-to-month,UPI,973.5,21195,Yes
5093-FEGLU,Female,0,47,Two year,UPI,196.5,9215.5,No
2621-UDNLU,Female,0,3,Month-to-month,Debit Card,208.5,720,No
7526-IVLYU,Male,0,3,Month-to-month,Debit Card,196.5,683.5,No
2428-HYUNX,Male,1,44,Two year,Credit card (automatic),193.5,8472.5,No
9214-EKVXR,Female,0,1,Month-to-month,Debit Card,440,440,No
3410-MHHUM,Female,0,44,One year,UPI,944,42953.5,No
0568-ONFPC,Male,0,5,Month-to-month,UPI,259,1350,Yes
0733-VUNUW,Male,0,24,Month-to-month,UPI,556.5,14005.5,Yes
4550-EVXNY,Female,0,1,Month-to-month,UPI,696.5,696.5,Yes
2122-YWVYA,Female,0,18,Month-to-month,UPI,754,13804,No
2968-SSGAA,Female,0,10,Month-to-month,UPI,1006,10602,Yes
2296-DKZFP,Female,0,65,Two year,UPI,710,43862,No
4844-JJWUY,Female,1,1,Month-to-month,UPI,860,860,Yes
6777-TGHTM,Female,0,53,One year,Credit card (automatic),1069.5,57855,Yes
8909-BOLNL,Male,0,3,One year,Debit Card,212,520.5,No
6603-YRDCJ,Male,0,33,Two year,Debit Card,610.5,20184,No
3538-WZPHD,Male,0,3,Month-to-month,UPI,296,794.5,Yes
3229-USWAR,Female,0,34,One year,UPI,799.5,27273,No
2138-VFAPZ,Female,0,14,Two year,Debit Card,197,2636.5,No
6131-JLWZM,Female,0,13,Month-to-month,Debit Card,203,2754,No
4785-QRJHC,Male,1,46,One year,UPI,599,28166.5,Yes
0269-XFESX,Male,0,23,One year,Debit Card,243.5,5385,No
1709-EJDOX,Female,0,47,Two year,Debit Card,197.5,9489,No
4316-XCSLJ,Male,0,17,Month-to-month,Debit Card,503,8468,No
8610-WFCJF,Female,0,49,Month-to-month,UPI,956,47835,Yes
9693-XMUOB,Male,1,59,Month-to-month,UPI,502.5,29974.5,No
0383-CLDDA,Female,0,69,Two year,Credit card (automatic),853.5,58974,No
4905-JEFDW,Male,0,11,One year,UPI,416,4706,Yes
2709-UQGNP,Male,0,10,Month-to-month,Debit Card,516.5,5245,No
3549-ZTMNH,Male,0,12,Two year,UPI,240,2696.5,No
7881-INRLC,Male,0,45,Month-to-month,Credit card (automatic),1008.5,47400,Yes
8033-ATFAS,Female,0,39,Month-to-month,Debit Card,598.5,23415,No
1635-NZATJ,Male,1,71,Two year,Credit card (automatic),254.5,17896.5,No
0562-HKHML,Male,0,71,Two year,Credit card (automatic),239,16264,No
8277-RVRSV,Female,0,33,One year,Credit card (automatic),241.5,8003,No
9943-VSZUV,Male,1,67,Month-to-month,Debit Card,757,50608.5,No
0117-LFRMW,Male,0,37,Month-to-month,UPI,402,14488,Yes
6172-FECYY,Male,0,49,Month-to-month,UPI,845,42548.5,Yes
7054-ENNGU,Female,0,9,Month-to-month,Debit Card,508.5,4666,No
1455-HFBXA,Male,0,52,Two year,Credit card (automatic),916,46278,No
9402-CXWPL,Female,0,70,One year,UPI,989,68386,No
1628-BIZYP,Male,0,1,Month-to-month,UPI,850,850,No
1965-AKTSX,Female,1,14,Month-to-month,UPI,789.5,11018.5,Yes
0082-LDZUE,Male,0,1,Month-to-month,Debit Card,443,443,No
4786-UKSNZ,Male,0,1,Month-to-month,Debit Card,202,202,Yes
5343-SGUBI,Female,0,52,One year,Debit Card,802,42976,No
0856-NAOES,Male,0,6,Month-to-month,Debit Card,609,4141,No
1976-AZZPJ,Male,0,7,Month-to-month,Debit Card,342,2566,No
7248-VZQLC,Female,1,47,Month-to-month,UPI,852,39693.5,Yes
6156-UZDLF,Female,0,26,One year,Credit card (automatic),871.5,22741,No
3099-OONVS,Male,0,25,Month-to-month,UPI,543,12968,No
9500-WBGRP,Male,0,69,Two year,Debit Card,191,12688.5,No
5183-KLYEM,Female,0,72,Two year,Credit card (automatic),1127.5,81926,No
5144-PQCDZ,Male,0,4,Month-to-month,Debit Card,199.5,592.5,No
8514-VZHEB,Male,0,59,Two year,Debit Card,195,11478.5,No
6625-IUTTT,Male,0,67,Two year,UPI,655.5,43615.5,No
9355-NPPFS,Female,1,26,Month-to-month,UPI,788,20061,No
0068-FIGTF,Female,0,27,One year,Debit Card,782,20789.5,No
5965-GGPRW,Male,0,72,Two year,UPI,1052.5,76097.5,No
8035-PWSEV,Female,0,6,Month-to-month,UPI,892.5,4870.5,No
2236-HILPA,Male,0,62,Two year,Credit card (automatic),206.5,12184.5,No
1840-BIUOG,Male,0,20,One year,UPI,687,14162,No
1356-MKYSK,Male,0,6,Month-to-month,Credit card (automatic),786.5,4833,No
6080-LNESI,Male,0,51,Two year,Debit Card,247.5,12346,No
1830-IPXVJ,Female,0,61,Two year,Credit card (automatic),197.5,13116,No
5828-DWPIL,Male,1,62,Month-to-month,UPI,891,56183,No
8398-TBIYD,Female,0,72,Two year,UPI,847,61851.5,No
0011-IGKFF,Male,1,13,Month-to-month,UPI,980,12378.5,Yes
4192-GORJT,Male,0,5,Month-to-month,UPI,944.5,4981,Yes
6496-SLWHQ,Male,1,3,Month-to-month,UPI,1050,2944.5,Yes
9912-GVSEQ,Female,1,26,Month-to-month,UPI,938.5,23815.5,Yes
2931-FSOHN,Male,1,13,Month-to-month,UPI,599,7883.5,No
9418-RUKPH,Female,0,38,Two year,Debit Card,199.5,7564,No
5383-MMTWC,Female,1,8,Month-to-month,UPI,840,6134,Yes
9971-ZWPBF,Male,1,34,Month-to-month,UPI,1089,36252,No
4712-AUQZO,Male,0,18,Month-to-month,Debit Card,336,5503.5,No
9711-FJTBX,Male,0,56,One year,Debit Card,858.5,47938,No
2908-ZTPNF,Female,0,36,Month-to-month,UPI,348.5,12672,No
7240-ETPTR,Female,0,9,Month-to-month,UPI,487.5,4422,Yes
2202-CUYXZ,Male,0,1,Month-to-month,UPI,848.5,848.5,Yes
5995-OIGLP,Male,0,12,Month-to-month,Debit Card,566.5,6548.5,Yes
8421-WZOOW,Female,1,57,Month-to-month,Credit card (automatic),953,55674.5,No
6261-RCVNS,Female,0,42,One year,Credit card (automatic),739,31605.5,Yes
7951-QKZPL,Female,0,33,Two year,Debit Card,245,7403,Yes
1414-YADCW,Male,0,70,Two year,UPI,846,57062,No
8756-RDDLT,Female,0,68,Month-to-month,UPI,449.5,30853.5,No
2862-PFNIK,Male,0,1,Month-to-month,UPI,247,247,No
5816-QVHRX,Female,0,37,Month-to-month,Credit card (automatic),1003,35414,No
4430-YHXGG,Female,0,4,Month-to-month,Debit Card,254.5,842,No
6888-SBYAI,Male,0,1,Month-to-month,Debit Card,507,507,No
7395-XWZOY,Male,0,20,Month-to-month,Credit card (automatic),550,11655.5,No
7169-YWAMK,Male,0,72,Two year,UPI,684,48553.5,No
3640-PHQXK,Female,0,31,Month-to-month,UPI,899,28069,Yes
6877-LGWXO,Male,1,18,Month-to-month,UPI,785.5,14226.5,Yes
6859-RKMZJ,Male,0,11,Month-to-month,UPI,550.5,6081.5,No
2729-VNVAP,Female,0,33,Two year,Credit card (automatic),198,6413.5,No
2957-JIRMN,Female,1,62,One year,UPI,844.5,49591.5,No
2049-BAFNW,Female,0,1,Month-to-month,Debit Card,359,359,No
3842-QTGDL,Male,0,16,Month-to-month,UPI,807.5,13213,No
7163-OCEQI,Male,0,22,One year,Debit Card,786.5,16637.5,No
9782-LGXMC,Female,0,49,Month-to-month,UPI,617.5,30241.5,No
5975-BAICR,Male,0,36,One year,Credit card (automatic),637,21885,No
8019-ENHXU,Male,0,42,Month-to-month,UPI,994.5,41380.5,Yes
5167-GBFRE,Male,1,4,Month-to-month,UPI,252,1025,Yes
9033-EOXWV,Female,0,12,One year,Debit Card,740.5,8726.5,Yes
4673-KKSLS,Female,0,31,Month-to-month,UPI,876,27242.5,No
4853-OITSN,Male,0,5,Month-to-month,UPI,891.5,4132.5,No
9800-OUIGR,Male,0,66,Two year,Credit card (automatic),200,13742,No
1324-NLTJE,Female,1,15,Month-to-month,Credit card (automatic),550,7571,Yes
2324-EFHVG,Male,0,64,Two year,UPI,1044,66926.5,No
7094-MSZAO,Male,0,10,Month-to-month,Credit card (automatic),200.5,2185,No
1522-VVDMG,Male,0,7,Month-to-month,UPI,897.5,6088,Yes
6907-CQGPN,Male,0,29,Month-to-month,UPI,343,10047.5,No
0780-XNZFN,Male,0,57,Two year,UPI,206.5,11256,No
0239-OXEXL,Female,0,46,Month-to-month,Debit Card,842.5,38476,No
2675-IJRGJ,Male,0,53,Two year,UPI,196.5,9780,No
7049-GKVZY,Female,0,17,One year,Credit card (automatic),798.5,13873.5,No
8577-QSOCG,Female,0,38,Two year,Debit Card,202,7460.5,No
3721-CNZHX,Male,0,15,One year,Debit Card,198,3046,No
0212-ISBBF,Female,0,22,Month-to-month,UPI,503.5,10988.5,No
9185-TQCVP,Male,0,14,Month-to-month,UPI,851.5,11392,Yes
3585-YNADK,Female,0,57,One year,UPI,746,43689.5,No
5271-DBYSJ,Male,1,11,Month-to-month,Credit card (automatic),791.5,8277,No
1099-GODLO,Female,0,1,Two year,Debit Card,203.5,203.5,No
6828-HMKWP,Male,0,12,Two year,UPI,210.5,2620.5,No
5567-WSELE,Male,1,3,Month-to-month,UPI,946,2795.5,Yes
1472-TNCWL,Male,0,36,Month-to-month,UPI,947,35125,No
8063-RJYNF,Male,0,16,Month-to-month,UPI,942.5,14832.5,Yes
0687-ZVTHB,Male,0,65,One year,Credit card (automatic),724.5,46538.5,Yes
2080-GKCWQ,Male,0,2,Month-to-month,UPI,749.5,1517.5,No
9661-ACXBS,Female,0,42,Month-to-month,UPI,1052,44007.5,Yes
2193-SFWQW,Male,0,72,Two year,UPI,1119.5,80331,No
5656-JAMLX,Male,0,62,Two year,UPI,198.5,12536.5,No
3462-BJQQA,Female,0,6,Month-to-month,UPI,897.5,5526.5,No
0442-TDYUO,Male,0,48,Two year,Debit Card,200.5,10360,No
6733-LRIZX,Male,0,35,Two year,UPI,1089.5,40255,No
9503-XJUME,Male,0,52,One year,Credit card (automatic),196.5,9284,No
4367-NHWMM,Female,0,1,Month-to-month,Debit Card,249,249,No
3727-RJMEO,Male,0,6,Month-to-month,UPI,828.5,4602.5,Yes
3779-OSWCF,Female,0,71,Two year,Credit card (automatic),932,65061.5,No
6736-DHUQI,Female,0,67,One year,UPI,848,55983,No
3915-ODIYG,Male,1,60,One year,UPI,717.5,43745.5,No
1360-RCYRT,Male,0,23,Month-to-month,UPI,303.5,6787.5,No
2724-FJDYW,Male,0,39,One year,UPI,548.5,21917,No
4451-RWASJ,Male,0,15,One year,Debit Card,195,2397.5,No
6646-VRFOL,Male,1,53,Month-to-month,UPI,1038.5,54855,Yes
3460-TJBWI,Male,0,24,Two year,Debit Card,242,6090.5,No
5917-HBSDW,Female,0,37,Month-to-month,UPI,193.5,6837.5,No
5685-IIXLY,Female,0,5,Month-to-month,UPI,836,4042,Yes
5671-UUNXD,Female,1,50,One year,UPI,1006.5,51897.5,No
0956-ACVZC,Female,0,54,One year,Credit card (automatic),941,50609,No
2325-NBPZG,Female,0,3,Month-to-month,UPI,745.5,2336.5,No
4250-ZBWLV,Male,0,68,One year,UPI,1084.5,71765.5,Yes
4482-FTFFX,Male,0,5,Month-to-month,UPI,561.5,2914.5,No
8859-DZTGQ,Male,0,33,Two year,Debit Card,203.5,6897.5,No
0440-MOGPM,Female,0,41,One year,UPI,805.5,32639,No
0020-JDNXP,Female,0,34,One year,Debit Card,612.5,19932,No
3752-CQSJI,Female,0,13,Month-to-month,Debit Card,204.5,2545,No
5025-GOOKI,Female,0,20,Month-to-month,Credit card (automatic),189,3476.5,No
4698-KVLLG,Female,1,51,Two year,Credit card (automatic),196,9679,No
5095-AESKG,Female,0,3,Month-to-month,Credit card (automatic),915,2429.5,Yes
2887-JPYLU,Female,0,41,Month-to-month,UPI,452,18419,No
4770-QAZXN,Female,0,13,Month-to-month,Credit card (automatic),194.5,2321,No
4896-CPRPF,Male,0,35,Two year,UPI,254.5,8092.5,No
1871-MOWRM,Male,0,12,Month-to-month,UPI,808.5,8664.5,Yes
9714-EDSUC,Male,0,4,Month-to-month,Debit Card,949,3605.5,No
2027-OAQQC,Female,0,43,Month-to-month,UPI,490.5,20762,Yes
0282-NVSJS,Female,1,12,Month-to-month,Debit Card,293,3559,No
9090-SGQXL,Male,1,68,Month-to-month,UPI,1053,72996.5,Yes
6595-YGXIT,Male,1,25,Month-to-month,UPI,889.5,22912,Yes
7353-YOWFP,Female,0,7,One year,Debit Card,202.5,1291.5,No
9835-ZIITK,Male,1,66,One year,UPI,1108.5,74917.5,Yes
8008-ESFLK,Female,0,53,One year,UPI,1105,58355,No
7537-CBQUZ,Male,1,63,Month-to-month,UPI,1094,70314.5,No
1555-DJEQW,Female,0,70,Two year,UPI,1142,77239,Yes
5649-TJHOV,Male,1,27,Month-to-month,UPI,365,10320,Yes
0519-XUZJU,Female,0,1,Month-to-month,Debit Card,707.5,707.5,Yes
3363-EWLGO,Female,0,5,Month-to-month,Debit Card,199.5,1096,No
4750-UKWJK,Female,1,37,One year,Debit Card,196,7278,No
6338-AVWCY,Male,0,3,Month-to-month,Debit Card,401.5,1307.5,Yes
1689-YQBYY,Female,0,12,Month-to-month,UPI,766,8930,No
4487-ZYJZK,Female,0,38,One year,Credit card (automatic),196,7631,No
2959-FENLU,Female,0,9,Month-to-month,Credit card (automatic),853,7814,No
0708-LGSMF,Male,0,13,Month-to-month,UPI,658.5,9022.5,No
9253-QXKBE,Male,1,29,Month-to-month,UPI,944.5,26536.5,Yes
7634-HLQJR,Female,0,47,Two year,Credit card (automatic),200.5,10167,No
0487-RPVUM,Male,0,61,Month-to-month,UPI,994,59436.5,No
4079-ULGFR,Male,0,16,Month-to-month,Debit Card,200,2757,No
2516-XSJKX,Female,0,41,Two year,UPI,784.5,31264.5,No
0057-QBUQH,Female,0,43,Two year,UPI,251,10701.5,No
9445-SZLCH,Female,0,36,Month-to-month,UPI,973.5,34579,Yes
6599-SFQVE,Female,0,6,Month-to-month,UPI,550,3404,No
8331-ZXFOE,Female,0,58,One year,Credit card (automatic),711,42992,No
4003-FUSHP,Male,0,19,Month-to-month,Credit card (automatic),615.5,10932,No
0356-ERHVT,Male,0,11,Month-to-month,UPI,459,5219,No
7325-ENZFI,Female,0,39,One year,UPI,403,16304,No
4884-ZTHVF,Female,1,8,Month-to-month,UPI,871,7136,No
3920-HIHMQ,Female,0,26,Month-to-month,Debit Card,495,12656.5,No
3055-OYMSE,Female,1,53,Month-to-month,Credit card (automatic),738,40038.5,No
0613-WUXUM,Female,0,70,Two year,Debit Card,192,14014,No
7568-PODML,Male,0,1,Month-to-month,Debit Card,453,453,Yes
4458-KVRBJ,Male,0,59,Two year,Debit Card,250,15105,No
5349-IECLD,Male,0,2,Month-to-month,UPI,949.5,1781,Yes
1397-XKKWR,Male,0,7,One year,Debit Card,353,2648,No
3945-GFWQL,Female,0,12,Month-to-month,UPI,445.5,4806,Yes
8097-OMULG,Male,0,59,One year,Credit card (automatic),767.5,45419,No
6013-BHCAW,Male,0,61,Two year,UPI,810,49761.5,No
0401-WDBXM,Male,0,72,Two year,UPI,1055.5,75422.5,No
3387-PLKUI,Female,0,13,Month-to-month,Debit Card,188,2512.5,No
6096-EGVTU,Female,0,64,One year,Debit Card,249,15955,No
3797-VTIDR,Male,0,1,Month-to-month,UPI,234.5,234.5,Yes
5081-NWSUP,Female,0,10,One year,Debit Card,649,6855.5,No
2580-ATZSQ,Female,0,65,One year,UPI,613.5,38741,No
8085-MSNLK,Female,0,62,Two year,Debit Card,1139.5,68914,No
9691-HKOVS,Female,0,55,One year,UPI,901.5,49169.5,No
9881-VCZEP,Female,0,25,Month-to-month,UPI,541,13730,No
9526-BIHHD,Male,0,1,Month-to-month,Debit Card,297,297,Yes
8757-TFHHJ,Male,0,1,Month-to-month,Credit card (automatic),498,498,No
4523-WXCEF,Female,0,59,Month-to-month,UPI,1011,60399,Yes
1468-DEFNC,Male,1,64,Two year,UPI,244,15486.5,No
5119-KEPFY,Male,0,36,Month-to-month,UPI,950,34402.5,No
8364-TRMMK,Female,0,3,Month-to-month,Debit Card,506.5,1513,Yes
0916-KNFAJ,Male,0,61,Two year,Debit Card,699,42267,No
8319-QBEHW,Male,0,26,One year,UPI,399.5,10237.5,No
3063-QFSZL,Female,0,1,Month-to-month,UPI,554,554,Yes
8775-LHDJH,Female,1,1,Month-to-month,UPI,906,906,Yes
9625-QNLUX,Male,0,68,Two year,Credit card (automatic),1032.5,70744,No
3097-NQYSN,Male,1,2,Month-to-month,Debit Card,868.5,1563.5,Yes
4024-CSNBY,Female,0,72,Two year,UPI,942.5,68497.5,No
7110-BDTWG,Female,0,71,Two year,UPI,470.5,32636,No
7493-GVFIO,Male,0,57,Two year,Credit card (automatic),205.5,12528.5,No
0690-SRQID,Male,0,4,Month-to-month,Debit Card,196.5,675.5,No
9605-WGJVW,Female,1,1,Month-to-month,UPI,702,702,No
9114-DPSIA,Male,0,72,Two year,Credit card (automatic),810,57500,No
4700-UBQMV,Male,0,21,One year,UPI,759,15497.5,No
7711-GQBZC,Female,0,71,Two year,UPI,247,18105.5,No
3565-UNOCC,Female,1,29,Month-to-month,UPI,990.5,29528.5,Yes
4627-MIHJH,Female,1,69,Two year,Credit card (automatic),1102.5,74675.5,No
9795-NREXC,Female,0,64,Two year,Credit card (automatic),850,54844,No
8573-CGOCC,Male,0,16,Month-to-month,Credit card (automatic),197.5,2949,No
7356-AYNJP,Female,0,4,One year,UPI,239,975,No
9249-FXSCK,Female,0,52,One year,Credit card (automatic),1112.5,59164.5,Yes
5493-SDRDQ,Male,0,2,Month-to-month,Debit Card,551,1133.5,Yes
6286-SUUWT,Male,0,1,Month-to-month,Debit Card,199.5,199.5,No
4819-HJPIW,Male,0,18,Month-to-month,Debit Card,251.5,4768,No
8654-DHAOW,Female,0,2,Month-to-month,Debit Card,541.5,1016.5,No
5438-QMDDL,Female,0,19,Month-to-month,Debit Card,598,11308.5,No
9812-GHVRI,Female,0,40,Month-to-month,UPI,838.5,35322.5,No
5553-AOINX,Female,1,66,One year,UPI,1049,68914.5,No
1228-ZLNBX,Male,0,21,Month-to-month,Debit Card,753,15707,No
4226-KKDON,Male,0,8,Month-to-month,UPI,666.5,5209.5,No
3831-YCPUO,Female,0,72,Two year,Credit card (automatic),1095,78549,No
7445-WMRBW,Female,0,48,One year,UPI,738.5,35814,No
3308-DGHKL,Male,0,69,Two year,UPI,193,14479,No
9924-JPRMC,Male,0,72,Two year,UPI,1182,85471.5,No
0080-EMYVY,Female,0,14,One year,Credit card (automatic),514.5,7278.5,No
6218-KNUBD,Male,0,6,Month-to-month,UPI,594.5,3576,No
7337-CINUD,Female,0,8,Two year,UPI,195,1593.5,No
7609-NRNCA,Female,0,17,One year,Debit Card,195.5,2808.5,No
0623-EJQEG,Male,0,65,One year,UPI,935.5,60692.5,No
7153-CHRBV,Female,0,57,One year,Debit Card,593,32743.5,No
0871-URUWO,Male,0,13,Month-to-month,Credit card (automatic),1022.5,13590,Yes
9190-MFJLN,Male,1,19,Month-to-month,Credit card (automatic),959,17779,Yes
6198-PNNSZ,Female,0,56,One year,UPI,1098,61096.5,No
3317-VLGQT,Female,0,14,Month-to-month,UPI,781,11224,No
4132-POCZS,Male,0,52,Month-to-month,UPI,399,20209,No
5614-DNZCE,Female,0,58,Two year,Credit card (automatic),649,37954.5,No
1095-JUDTC,Female,1,47,Month-to-month,UPI,950.5,45045.5,Yes
3896-RCYYE,Female,0,67,Month-to-month,Credit card (automatic),534,35791.5,No
9638-JIQYA,Male,0,2,Month-to-month,Credit card (automatic),249,497,No
3258-SANFR,Male,1,6,Month-to-month,Credit card (automatic),447,2765,No
3726-TBHQT,Male,0,71,Two year,UPI,1140,81759,No
3190-ITQXP,Female,0,46,Two year,UPI,202.5,8903.5,No
0870-VEMYL,Female,0,5,Month-to-month,Credit card (automatic),538.5,2598,Yes
4833-QTJNO,Male,1,67,Month-to-month,UPI,838.5,55888,No
3039-MJSLN,Male,0,3,Month-to-month,UPI,202,506,No
0178-CIIKR,Female,0,3,Month-to-month,Debit Card,199.5,580,No
5385-SUIRI,Male,1,52,Month-to-month,UPI,1042,55683.5,Yes
3982-XWFZQ,Female,0,42,Month-to-month,UPI,502.5,22036.5,Yes
5774-QPLTF,Male,0,50,One year,Debit Card,203.5,9389.5,No
2322-VCZHZ,Male,1,23,Month-to-month,UPI,900,20241,No
5010-IPEAQ,Female,0,67,Two year,Credit card (automatic),542,36239.5,No
4009-ALQFH,Female,0,25,Month-to-month,UPI,995,23690.5,Yes
6383-ZTSIW,Female,1,39,One year,Debit Card,991,38779.5,No
8990-YOZLV,Female,0,69,Two year,Debit Card,669,45779,No
3069-SSVSN,Female,0,1,One year,Debit Card,258.5,258.5,No
5222-IMUKT,Male,0,32,Month-to-month,UPI,910.5,28715,No
3627-FCRDW,Female,0,9,Month-to-month,UPI,710,6725.5,Yes
7562-GSUHK,Female,0,16,Month-to-month,Credit card (automatic),932,15737,Yes
6685-XSHHU,Male,0,60,Two year,UPI,209.5,12705.5,No
8901-UPRHR,Female,0,72,Two year,UPI,1092,77114.5,No
4903-UYAVB,Male,0,5,Month-to-month,Debit Card,193.5,1260.5,Yes
0118-JPNOY,Female,1,26,Month-to-month,Credit card (automatic),858,21936.5,No
6776-TLWOI,Male,0,3,Month-to-month,Debit Card,198.5,645.5,Yes
3845-FXCYS,Male,0,2,Month-to-month,UPI,196.5,312,No
5857-XRECV,Female,0,2,One year,UPI,205,382.5,No
0725-CXOTM,Female,0,36,One year,Credit card (automatic),896.5,33481,No
4343-EJVQB,Male,0,7,Month-to-month,Debit Card,743.5,5336,No
9000-PLFUZ,Female,1,60,Two year,Credit card (automatic),494.5,29075.5,No
3427-GGZZI,Female,0,19,Month-to-month,UPI,891,16208,No
7779-ORAEL,Male,1,45,Two year,Credit card (automatic),751.5,34803.5,No
0644-OQMDK,Male,1,4,Month-to-month,UPI,706.5,2938.5,No
4077-CROMM,Female,0,31,Month-to-month,UPI,1042,32434.5,Yes
3154-CFSZG,Male,0,47,Month-to-month,UPI,900.5,41372,No
2868-MZAGQ,Male,0,1,Month-to-month,UPI,792.5,792.5,Yes
4847-QNOKA,Female,0,1,Month-to-month,UPI,449,449,Yes
2220-IAHLS,Female,0,1,Month-to-month,Credit card (automatic),194,194,No
1658-XUHBX,Female,1,59,Month-to-month,Credit card (automatic),887.5,53486.5,No
6379-RXJRQ,Male,0,10,Month-to-month,UPI,701,6596.5,Yes
2378-HTWFW,Male,1,35,Month-to-month,Credit card (automatic),910,31805,No
8650-RHRKE,Male,0,4,Month-to-month,UPI,296.5,1185,Yes
4377-VDHYI,Male,0,32,One year,UPI,908,30238.5,No
0475-RIJEP,Male,0,43,Month-to-month,UPI,778.5,33658.5,Yes
1260-TTRXI,Male,0,4,Month-to-month,UPI,543,1953,Yes
3719-TDVQB,Female,1,54,Two year,Debit Card,189.5,10311,No
6328-ZPBGN,Female,1,11,Month-to-month,UPI,951.5,9976.5,Yes
0201-MIBOL,Female,1,66,Two year,UPI,1024,64718.5,No
4937-QPZPO,Male,0,61,One year,UPI,999,62413.5,No
2925-VDZHY,Male,0,72,Two year,Credit card (automatic),887,65013.5,No
6981-TDRFT,Male,0,44,One year,UPI,543,23171,No
3413-CSSTH,Male,0,41,Month-to-month,UPI,557,22375.5,No
8033-VCZGH,Male,0,50,One year,UPI,1039.5,52313,No
4789-KWMXN,Male,0,47,One year,Credit card (automatic),1108.5,52758,Yes
0224-NIJLP,Male,0,8,Two year,Debit Card,201.5,1655,No
7542-CYDDM,Male,0,18,Month-to-month,Debit Card,200.5,3585,No
4718-WXBGI,Male,0,72,Two year,Credit card (automatic),919.5,66149,No
2867-UIMSS,Male,0,1,Month-to-month,UPI,805,805,Yes
8495-PRWFH,Female,1,42,Month-to-month,UPI,556.5,24217.5,No
0439-IFYUN,Female,1,18,Month-to-month,UPI,747,12946,No
5716-LIBJC,Female,0,13,One year,Credit card (automatic),1041.5,12991,No
2868-LLSKM,Female,0,68,One year,UPI,836.5,57334,No
8111-RKSPX,Male,0,4,Month-to-month,UPI,722,3055.5,Yes
2988-QRAJY,Male,0,69,Two year,Credit card (automatic),1100.5,74307.5,No
1585-MQSSU,Male,0,17,Month-to-month,Debit Card,515,9005,Yes
0071-NDAFP,Male,0,25,Two year,Credit card (automatic),255,6306,No
2856-NNASM,Male,1,43,Month-to-month,Debit Card,895.5,38567.5,Yes
7328-ZJAJO,Female,0,59,Two year,Credit card (automatic),195,12226.5,No
6458-CYIDZ,Female,1,5,Month-to-month,UPI,807,3748,No
8559-CIZFV,Male,0,21,One year,Debit Card,775,16250,Yes
1090-PYKCI,Female,0,69,One year,Credit card (automatic),1051,72348,No
3058-WQDRE,Male,0,13,Month-to-month,UPI,251.5,3318.5,No
7547-EKNFS,Male,0,42,Month-to-month,UPI,952.5,39593.5,Yes
2279-AXJJK,Male,0,52,Month-to-month,Credit card (automatic),956.5,50884,No
6769-DYBQN,Male,1,46,Month-to-month,UPI,850,39694,Yes
0909-SELIE,Male,0,61,Two year,UPI,808,48608.5,No
3417-TSCIC,Male,0,29,One year,Debit Card,248.5,7880.5,No
1042-HFUCW,Female,0,25,One year,Credit card (automatic),547.5,12663.5,No
4439-JMPMT,Female,0,5,Month-to-month,UPI,857.5,4709.5,Yes
6537-OTKMY,Male,0,15,One year,UPI,507.5,6882,No
8999-EXMNO,Female,0,19,Two year,Debit Card,201.5,3877,No
6725-TPKJO,Male,0,44,Two year,Debit Card,200.5,8452.5,No
2446-BEGGB,Female,1,6,Month-to-month,UPI,982.5,5606,Yes
7162-WPHPM,Male,0,58,Two year,Credit card (automatic),716,42302.5,No
1599-MMYRQ,Male,0,62,One year,Credit card (automatic),814.5,49830.5,No
8821-KVZKQ,Female,0,70,One year,UPI,584,41131.5,No
1496-GGSUK,Female,1,1,Month-to-month,Debit Card,257,257,Yes
6434-TTGJP,Male,0,10,Two year,Credit card (automatic),537,5210,No
0042-JVWOJ,Male,0,26,One year,UPI,196,4718.5,No
0130-SXOUN,Male,0,66,Month-to-month,Credit card (automatic),894,59769,No
2575-GFSOE,Female,0,7,Month-to-month,UPI,690,5069,Yes
2330-PQGDQ,Male,0,51,One year,UPI,842,42997.5,No
1452-UZOSF,Male,0,72,Two year,Credit card (automatic),1061,75486,No
2097-YVPKN,Male,0,65,Two year,Debit Card,257.5,16547.5,No
2842-JTCCU,Male,0,2,Month-to-month,UPI,460.5,803.5,Yes
8597-CTXVJ,Male,0,70,One year,UPI,649.5,45515,No
6631-HMANX,Male,0,72,Two year,Credit card (automatic),854.5,62275,No
9962-BFPDU,Female,0,1,Month-to-month,Debit Card,200.5,200.5,No
3296-SILRA,Female,1,1,Month-to-month,Debit Card,764,764,Yes
9681-OXGVC,Female,0,5,Month-to-month,UPI,1005,5140,Yes
6394-HHHZM,Male,0,3,Month-to-month,Debit Card,207,575,No
5995-LFTLE,Male,0,58,Two year,Credit card (automatic),253,14743.5,No
5180-UCIIQ,Male,1,22,Month-to-month,Debit Card,400.5,8802,Yes
1932-UEDCX,Male,1,33,Month-to-month,UPI,1006,32702.5,No
7153-OANIO,Male,0,1,Month-to-month,UPI,699.5,699.5,Yes
5188-HGMLP,Male,1,54,Month-to-month,UPI,740,39191.5,No
0665-XHDJU,Male,0,72,Two year,UPI,994,72857,No
6521-YYTYI,Male,0,1,Month-to-month,UPI,933,933,Yes
8878-HMWBV,Male,0,3,Month-to-month,UPI,491.5,1690.5,Yes
8265-HKSOW,Female,0,72,Two year,Credit card (automatic),1074.5,76583,No
3544-FBCAS,Female,0,72,Two year,Credit card (automatic),836,59593,No
5331-RGMTT,Male,1,54,Month-to-month,Credit card (automatic),990.5,52957,No
4759-PXTAN,Female,0,59,One year,UPI,801,46932,No
7054-DMVAS,Male,0,54,Two year,UPI,653,35129,No
3428-MMGUB,Male,0,60,Two year,UPI,895.5,52312,No
6549-BTYPG,Female,0,60,Two year,Credit card (automatic),608,36034.5,No
7823-JSOAG,Male,0,3,Month-to-month,UPI,745,2174.5,No
3705-RHRFR,Female,0,69,Two year,UPI,991.5,68753.5,No
9374-YOLBJ,Female,0,1,Month-to-month,UPI,192.5,192.5,No
9074-KGVOX,Male,0,50,Month-to-month,Credit card (automatic),394.5,20213.5,No
6128-DAFVY,Female,0,56,Month-to-month,Credit card (automatic),448.5,25649.5,No
9933-QRGTX,Female,0,60,Two year,UPI,972,56117.5,No
4476-OSWTN,Male,1,69,One year,Debit Card,1105.5,76101,No
3751-KTZEL,Female,0,1,Month-to-month,Debit Card,350.5,350.5,Yes
1977-STDKI,Female,1,1,Month-to-month,UPI,730,730,Yes
5066-GFJMM,Female,0,3,Month-to-month,Debit Card,199,457.5,No
2661-GKBTK,Male,0,60,Two year,UPI,769.5,45439.5,No
0458-HEUZG,Female,0,13,Two year,Debit Card,354,4504,No
7268-WNTCP,Male,0,62,Two year,UPI,204.5,12973.5,No
0824-VWDPO,Female,0,45,One year,UPI,967.5,44427.5,No
8409-WQJUX,Female,0,25,One year,UPI,542,14231.5,No
2578-JQPHZ,Male,0,44,Two year,UPI,1001,43783.5,No
3278-FSIXX,Female,0,2,Month-to-month,Debit Card,452.5,742,No
5813-UECBU,Male,1,33,Month-to-month,Credit card (automatic),838.5,27163,Yes
0328-GRPMV,Female,0,1,Month-to-month,UPI,701,701,Yes
9746-UGFAC,Female,0,22,One year,UPI,208.5,4506.5,No
2946-KIQSP,Female,0,35,Month-to-month,Debit Card,334.5,11758.5,No
0625-AFOHS,Female,0,29,Two year,Debit Card,202,5588,No
6726-WEXXK,Male,1,27,One year,UPI,859,22201,No
4636-OLWOE,Male,0,54,One year,UPI,610,32830.5,No
4342-HENTK,Female,1,2,Month-to-month,UPI,706.5,1423.5,Yes
4685-ERGHK,Male,0,57,One year,UPI,869,49392.5,No
0885-HMGPY,Male,0,62,Two year,UPI,694,42375,No
5003-OKNNK,Female,0,15,One year,Credit card (automatic),203.5,3359.5,No
4195-SMMNX,Male,0,2,Month-to-month,Debit Card,203.5,332,Yes
7208-PSIHR,Female,0,70,Two year,UPI,1043,71885,No
4012-ZTHBR,Female,0,21,Month-to-month,UPI,449.5,9262.5,No
0489-WMEMG,Female,0,23,One year,UPI,494.5,11193.5,No
7435-ZNUYY,Male,0,6,One year,Debit Card,206,1166,No
1354-YZFNB,Male,0,4,Two year,Credit card (automatic),195.5,688,No
6956-SMUCM,Female,0,3,Month-to-month,Credit card (automatic),990,2874,Yes
2985-FMWYF,Female,0,23,Month-to-month,UPI,935,23415.5,No
2812-ENYMO,Male,0,26,One year,Credit card (automatic),545.5,13628.5,No
2717-HVIZY,Female,0,8,Month-to-month,Debit Card,200.5,1636,No
3223-WZWJM,Male,0,26,Month-to-month,UPI,839.5,22542,Yes
3422-GALYP,Male,0,2,Month-to-month,UPI,794.5,1451.5,No
9053-JZFKV,Male,0,67,Two year,Credit card (automatic),1162,77523,Yes
2530-ENDWQ,Female,0,71,Two year,UPI,937,65853.5,Yes
2890-WFBHU,Female,0,59,One year,Credit card (automatic),798.5,47861,No
0327-WFZSY,Male,0,39,One year,UPI,1000,38355.5,No
7977-HXJKU,Male,0,21,Two year,Debit Card,196,3970,No
6615-ZGEDR,Male,0,1,Month-to-month,Debit Card,197,197,Yes
7033-CLAMM,Female,0,48,Two year,UPI,202,10272.5,No
4023-RTIQM,Female,1,31,One year,Credit card (automatic),504,15801,No
0864-FVJNJ,Female,0,64,One year,UPI,1133.5,72227.5,No
7356-IWLFW,Male,0,46,Month-to-month,UPI,800,37697,No
9541-PWTWO,Female,0,52,Two year,UPI,809.5,42339.5,No
3967-VQOGC,Female,0,67,Two year,Debit Card,249,16802.5,No
7872-RDDLZ,Female,1,67,Month-to-month,UPI,549,37255,No
9250-WYPLL,Female,0,5,Month-to-month,UPI,755.5,4136.5,Yes
6308-CQRBU,Female,0,71,Two year,UPI,1092.5,77077,No
2754-XBHTB,Female,0,9,Month-to-month,UPI,776.5,7141.5,Yes
1597-LHYNC,Female,1,26,Month-to-month,UPI,950,24972,Yes
0186-CAERR,Male,0,71,One year,UPI,1163,83095.5,No
3043-SUDUA,Female,0,32,Month-to-month,UPI,199,6015.5,No
5442-BHQNG,Female,0,2,Month-to-month,UPI,703.5,1392.5,No
2169-RRLFW,Female,0,71,Two year,Credit card (automatic),256,18882.5,No
5872-OEQNH,Female,0,60,One year,UPI,444.5,27739,No
3162-KKZXO,Female,1,55,One year,UPI,1001.5,54097.5,No
7055-VKGDA,Male,0,54,One year,Credit card (automatic),1054,56434,Yes
0754-UKWQP,Male,0,2,Month-to-month,UPI,958.5,1977,Yes
8873-GLDMH,Female,0,6,Month-to-month,Debit Card,738.5,4013,No
5696-JVVQY,Female,0,48,Two year,Credit card (automatic),701,32384,No
8946-BFWSG,Male,0,63,Two year,Debit Card,252.5,15730.5,No
7493-TPUWZ,Male,0,1,Month-to-month,UPI,791.5,791.5,Yes
0547-HURJB,Male,0,12,Month-to-month,Credit card (automatic),210.5,2358,No
8904-OPDCK,Male,1,54,Month-to-month,UPI,249.5,13647.5,No
8845-LWKGE,Female,0,30,One year,UPI,645,19851.5,No
1577-HKTFG,Female,0,30,Month-to-month,UPI,196.5,6558.5,Yes
8752-STIVR,Female,0,4,Month-to-month,UPI,790,3031.5,Yes
0691-NIKRI,Female,0,40,One year,Credit card (automatic),1059.5,43352,No
5022-JNQEQ,Female,0,9,Month-to-month,UPI,758.5,6475,No
4558-FANTW,Female,0,17,Month-to-month,UPI,918.5,15744.5,Yes
3249-VHRIP,Female,0,62,Two year,Credit card (automatic),436,27487,No
3736-BLEPA,Male,0,28,One year,UPI,912.5,24836.5,No
4701-LKOZD,Female,0,70,Two year,Credit card (automatic),897.5,63672,No
6603-QWSPR,Female,0,46,Two year,UPI,1044,49042,No
9921-QFQUL,Female,0,23,Month-to-month,Debit Card,901.5,20449.5,No
1929-ZCBHE,Male,0,47,One year,UPI,403,17948,No
4378-MYPGO,Male,0,68,Two year,UPI,1052.5,71731.5,No
8651-ENBZX,Female,1,60,One year,UPI,1060,64414,Yes
4129-LYCOI,Female,0,67,Two year,UPI,1040,70390.5,No
7798-JVXYM,Female,0,14,Month-to-month,UPI,696.5,9214,No
8647-SDTWQ,Male,0,57,Month-to-month,UPI,743,40183.5,No
2696-ECXKC,Female,0,55,One year,Debit Card,1009,54486,No
2081-KJSQF,Male,0,1,Month-to-month,Debit Card,202.5,202.5,No
7623-TRNQN,Male,0,1,Month-to-month,Debit Card,499,499,Yes
3323-CPBWR,Male,0,23,Month-to-month,Credit card (automatic),969,20854.5,No
9330-IJWIO,Female,0,13,Month-to-month,UPI,1003.5,13588.5,Yes
3384-CTMSF,Male,0,47,Month-to-month,UPI,1041,51351.5,No
0902-RFHOF,Male,0,38,One year,Debit Card,201,7301,No
9286-DOJGF,Female,1,38,Month-to-month,UPI,749.5,28698.5,Yes
6048-QBXKL,Female,1,2,Month-to-month,Credit card (automatic),565.5,1182.5,No
9661-MHUMO,Male,1,1,Month-to-month,Credit card (automatic),492.5,492.5,Yes
7718-RXDGG,Male,0,15,Month-to-month,UPI,686,11086,No
1025-FALIX,Female,0,26,Month-to-month,Credit card (automatic),690.5,18156.5,No
3451-VAWLI,Female,0,35,Two year,Credit card (automatic),197,7304,No
3407-QGWLG,Male,0,3,Month-to-month,Debit Card,200.5,754.5,No
1842-EZJMK,Male,0,50,Month-to-month,UPI,1037,50710.5,Yes
2347-WKKAE,Male,0,42,Month-to-month,UPI,944,40146,No
8735-DCXNF,Male,0,10,Month-to-month,Credit card (automatic),549.5,5688.5,No
3214-IYUUQ,Female,0,61,One year,UPI,937,58607,No
1936-UAFEH,Female,0,68,Two year,Credit card (automatic),1102.5,72793.5,No
3587-PMCOY,Male,0,10,One year,UPI,989,10649.5,No
8079-XRJRS,Male,0,65,One year,UPI,897.5,57696,Yes
1027-LKKQQ,Female,0,72,Two year,UPI,804.5,58868.5,No
7148-XZPHA,Male,0,55,Month-to-month,UPI,794,42384.5,No
8073-IJDCM,Female,0,1,Month-to-month,Debit Card,203,203,Yes
5309-TAIKL,Female,0,7,Month-to-month,UPI,628,4183,No
6856-RAURS,Female,0,2,Month-to-month,Debit Card,749,1360.5,No
8778-LMWTJ,Female,0,9,Month-to-month,UPI,748.5,7082,No
9717-IOAAF,Male,0,27,Two year,Credit card (automatic),258.5,7885.5,No
8884-ADFVN,Male,1,7,Month-to-month,UPI,1019.5,7008.5,Yes
2845-KDHVX,Female,0,64,Two year,Debit Card,683,43788,No
0848-SOMKO,Male,0,70,Two year,UPI,484,34428,No
2720-WGKHP,Male,1,2,Month-to-month,UPI,940,1817,Yes
6734-FQAJX,Male,1,67,Two year,UPI,1050.5,71717,No
2869-ADAWR,Female,0,45,Month-to-month,Credit card (automatic),893,40168.5,Yes
1535-VTJOQ,Female,0,24,Two year,Credit card (automatic),251.5,5530,No
6368-TZZDT,Male,0,4,Two year,Credit card (automatic),195,968.5,No
0943-ZQPXH,Male,0,44,Month-to-month,UPI,929.5,41229,No
1293-BSEUN,Female,0,72,Two year,Debit Card,207,14823,No
9894-EZEWG,Female,0,1,Month-to-month,Credit card (automatic),743,743,Yes
1302-TPUBN,Male,0,66,Two year,UPI,193.5,12408,No
7851-FLGGQ,Male,0,1,Month-to-month,Debit Card,446.5,446.5,Yes
0637-UBJRP,Male,0,13,Month-to-month,UPI,840.5,10953,Yes
0940-OUQEC,Male,0,10,Month-to-month,UPI,807,7888,Yes
2378-VTKDH,Male,1,65,Month-to-month,UPI,1043.5,65785.5,No
0927-CNGRH,Male,0,1,Month-to-month,Debit Card,195.5,195.5,No
8608-OZTLB,Male,0,38,One year,UPI,740.5,28023,No
2335-GSODA,Male,0,23,Two year,Debit Card,401,8577.5,No
1952-DVVSW,Female,0,10,One year,Debit Card,201,1844,No
0702-PGIBZ,Male,0,4,Month-to-month,UPI,1017,3645.5,Yes
6656-GULJQ,Male,0,72,Two year,Credit card (automatic),835.5,60933,No
9853-JFZDU,Female,0,35,Month-to-month,UPI,568.5,18611,No
1963-VAUKV,Female,0,1,Month-to-month,Debit Card,204,204,Yes
3777-XROBG,Female,0,58,Two year,Credit card (automatic),195.5,10796.5,No
6994-FGRHH,Male,0,70,One year,UPI,1061.5,74751,No
4000-VGMQP,Male,0,38,One year,Credit card (automatic),789.5,28625.5,No
3999-WRNGR,Female,0,60,Month-to-month,UPI,497.5,30694.5,No
3466-RITXD,Male,0,26,Month-to-month,Credit card (automatic),924,23498,No
2680-XKKNJ,Female,0,8,One year,UPI,582,4692.5,No
3058-HJCUY,Male,0,41,One year,UPI,1026,42133.5,Yes
2974-GGUXS,Female,1,36,Month-to-month,Credit card (automatic),919.5,33010.5,No
7994-XIRTR,Male,1,54,One year,UPI,652.5,35299.5,No
3259-FDWOY,Male,0,71,Two year,UPI,1060,77237,Yes
2101-RANCD,Female,0,55,Month-to-month,UPI,731,41449,No
7921-BEPCI,Female,0,72,Two year,UPI,597.5,42650,No
0807-ZABDG,Female,0,3,Month-to-month,Debit Card,551,1546.5,Yes
8510-TMWYB,Female,0,54,Two year,UPI,598,32464.5,No
3258-ZKPAI,Male,0,72,Two year,UPI,1166,83374.5,No
1428-IEDPR,Male,0,52,Two year,UPI,1093,57314,No
5298-GSTLM,Female,1,60,One year,UPI,1014,61766,No
4450-YOOHP,Female,0,39,Month-to-month,Credit card (automatic),506.5,19054,No
6728-CZFEI,Female,0,15,One year,Debit Card,561.5,9319,No
5748-RNCJT,Male,0,69,Two year,UPI,1065,73488,Yes
3653-NCRDJ,Male,0,43,One year,Debit Card,192,7762.5,No
6121-TNHBO,Female,1,63,One year,UPI,830,52430.5,No
5119-NZPTV,Male,1,2,Month-to-month,UPI,701,1416.5,No
6519-ZHPXP,Female,0,72,Two year,UPI,1083,76796.5,No
7739-LAXOG,Female,0,32,Month-to-month,UPI,910.5,29545,Yes
3472-QPRCH,Male,0,40,Two year,Credit card (automatic),252.5,10069,No
8224-UAXBZ,Female,0,58,One year,UPI,453.5,25401,No
9610-WCESF,Male,0,67,Two year,UPI,439,30972,No
9776-CLUJA,Female,1,51,Month-to-month,UPI,775,38073.5,Yes
2486-WYVVE,Male,0,31,One year,Debit Card,793,24840,No
3865-ZYKAD,Male,1,69,Month-to-month,Credit card (automatic),849,57856.5,No
1422-DGUBX,Male,0,32,One year,UPI,792.5,26191.5,No
2999-AANRQ,Female,0,21,Two year,Credit card (automatic),710.5,15248.5,No
8668-KNZTI,Male,0,52,One year,UPI,537.5,27906.5,No
0480-KYJVA,Female,0,72,Two year,Credit card (automatic),242.5,17845,No
6034-ZRYCV,Female,0,72,Two year,UPI,542,39374.5,Yes
9746-YKGXB,Male,0,52,One year,UPI,442.5,22761,No
3926-YZVVX,Female,0,41,One year,UPI,500.5,20290.5,No
6000-UKLWI,Male,0,41,Two year,Debit Card,201.5,8023.5,No
2079-FBMZK,Female,0,6,Month-to-month,Debit Card,692.5,4184,Yes
6332-FBZRI,Male,0,67,One year,Credit card (automatic),693.5,46532.5,No
2096-XOTMO,Female,0,16,Month-to-month,Debit Card,193.5,2759,No
3266-FTKHB,Male,0,17,Two year,Debit Card,191.5,3434.5,No
8221-EQDGL,Male,0,35,Month-to-month,Debit Card,610,21304.5,No
2346-LOCWC,Female,0,58,Two year,Credit card (automatic),205,11914,No
6608-QQLVK,Male,0,1,Month-to-month,UPI,505,505,Yes
0298-XACET,Male,0,52,Two year,Debit Card,502,25540,No
7560-QJAVJ,Female,0,70,Two year,UPI,796,55894.5,No
2995-YWTCD,Female,0,19,Two year,UPI,249,4677,No
3551-HUAZH,Male,1,1,Month-to-month,UPI,744,744,Yes
9137-UIYPG,Female,0,35,Month-to-month,UPI,1069,37564.5,No
2809-ZMYOQ,Female,0,32,Month-to-month,UPI,1013.5,33349,No
5084-OOVCJ,Female,0,17,Month-to-month,Credit card (automatic),553.5,9205,No
0254-WWRKD,Female,0,67,One year,Credit card (automatic),505.5,34317.5,No
7727-SHVZV,Female,0,9,Month-to-month,UPI,195,1503.5,No
6302-JGYRJ,Male,0,31,One year,Debit Card,794.5,25877,Yes
5339-PXDVH,Male,0,4,Month-to-month,UPI,906.5,3679.5,No
2205-LPVGL,Male,1,58,One year,UPI,898.5,51257.5,No
8782-NUUOL,Male,0,60,One year,Debit Card,790,48011,No
3685-YLCMQ,Male,0,58,One year,UPI,1046.5,62196,Yes
7601-WFVZV,Male,0,1,Month-to-month,Debit Card,195.5,195.5,No
4609-KNNWG,Female,0,27,Two year,Debit Card,199,5501,No
4868-AADLV,Male,1,66,One year,UPI,1162.5,78622.5,No
9529-OFXHY,Male,0,15,Month-to-month,UPI,877.5,12422,No
8634-MPHTR,Male,1,47,Month-to-month,UPI,1000.5,48710.5,Yes
2669-QVCRG,Female,0,41,Month-to-month,Credit card (automatic),813,31906.5,No
2478-EEWWM,Male,0,59,Month-to-month,UPI,443,26667.5,No
9174-IHETN,Female,0,50,Two year,Credit card (automatic),703.5,35336,No
2233-TXSIU,Male,0,17,One year,Credit card (automatic),444.5,7921.5,No
9644-UMGQA,Male,0,6,Month-to-month,UPI,491.5,2956.5,No
3256-EZDBI,Male,1,51,Month-to-month,Credit card (automatic),294.5,14593.5,No
8761-NSOBC,Male,0,44,Month-to-month,UPI,1005.5,43981.5,Yes
0419-YAAPX,Male,0,49,Month-to-month,Credit card (automatic),853,42979.5,No
8413-VONUO,Male,0,2,Month-to-month,UPI,956.5,1673,Yes
0872-CASZJ,Male,0,59,One year,Debit Card,691,40969,No
4726-DLWQN,Male,1,50,Month-to-month,UPI,703.5,34546,No
8164-OCKUJ,Female,0,59,Two year,Debit Card,206,12860,No
3094-JOJAI,Male,0,18,Month-to-month,Debit Card,741.5,13870,No
9494-MRNYX,Male,0,10,Month-to-month,UPI,750.5,7863,No
2599-CZABP,Male,0,14,One year,UPI,446,6412.5,No
7945-PRBVF,Male,0,35,Two year,UPI,214.5,7054.5,No
4544-RXFMG,Male,0,8,One year,Debit Card,434.5,3455,No
0859-YGKFW,Male,0,18,One year,UPI,200.5,3459,No
1150-FTQGN,Female,0,60,One year,UPI,941.5,58118,No
9223-UCPVT,Female,0,1,Month-to-month,UPI,944,944,Yes
7196-LIWRH,Female,0,6,Two year,Debit Card,195.5,1244.5,No
5448-VWNAM,Female,0,19,Month-to-month,Debit Card,759,13756,No
1177-XZBJL,Male,0,53,One year,UPI,641.5,34915.5,No
3518-FSTWG,Male,1,72,Two year,UPI,1095.5,79207,No
9330-VOFSZ,Female,0,60,Two year,Credit card (automatic),1108,66407,No
4351-QLCSU,Female,0,1,Month-to-month,Credit card (automatic),550,550,Yes
0939-EREMR,Female,0,13,Month-to-month,Debit Card,534.5,7181,No
9389-ACWBI,Female,0,5,Month-to-month,Credit card (automatic),699.5,3204,No
5419-JPRRN,Male,0,1,Month-to-month,UPI,1014.5,1014.5,Yes
3644-QXEHN,Male,0,13,Month-to-month,UPI,970,13344.5,No
2911-IJORQ,Male,0,37,One year,UPI,906,33586.5,No
5921-NGYRH,Male,0,64,Month-to-month,Debit Card,735.5,47640,No
2100-BDNSN,Female,0,5,Month-to-month,UPI,679.5,3503,Yes
5998-DZLYR,Female,0,61,Two year,UPI,943.5,57030,No
0488-GSLFR,Female,0,1,Month-to-month,UPI,695,695,Yes
9318-NKNFC,Male,0,1,Month-to-month,Debit Card,188.5,188.5,Yes
3985-HOYPM,Male,0,26,One year,Debit Card,194,5255.5,No
9728-FTTVZ,Female,0,1,Month-to-month,UPI,692,692,Yes
9548-LERKT,Male,0,24,Two year,Debit Card,197.5,4831.5,No
6576-FBXOJ,Male,0,17,One year,UPI,546,9348,No
4310-KEDTB,Female,0,26,Month-to-month,Debit Card,298,7865,No
7254-IQWOZ,Male,0,1,Month-to-month,UPI,696.5,696.5,Yes
2474-BRUCM,Male,1,40,Month-to-month,UPI,1018.5,40863,Yes
4062-HBMOS,Male,0,52,Month-to-month,UPI,1030.5,53648,No
0742-NXBGR,Female,0,1,Month-to-month,UPI,823,823,Yes
2676-ISHSF,Male,0,1,Month-to-month,Debit Card,203,203,No
9236-NDUCW,Female,0,21,Two year,Debit Card,351,7704,No
4753-PADAS,Female,0,67,One year,UPI,1057,68169.5,No
6103-QCKFX,Female,0,44,Month-to-month,UPI,562.5,24195.5,No
7781-EWARA,Male,0,70,One year,UPI,603.5,41387,No
6110-OHIHY,Male,0,3,Month-to-month,UPI,792.5,2676,Yes
7018-FPXHH,Male,0,56,Two year,UPI,598,34574.5,No
5889-LFOLL,Female,0,13,Month-to-month,UPI,846,11152,Yes
5708-EVONK,Female,0,58,Month-to-month,UPI,934,54356,Yes
8708-XPXHZ,Female,0,42,Month-to-month,UPI,942,41863,Yes
0616-ATFGB,Male,1,1,Month-to-month,UPI,250.5,250.5,Yes
0572-ZJKLT,Female,0,46,Two year,Debit Card,996.5,46302,No
5135-RDDQL,Female,0,63,Two year,UPI,506.5,32212.5,No
1353-LJWEM,Male,0,11,Month-to-month,UPI,609,6885,No
1794-SWWKL,Male,0,15,Month-to-month,UPI,596.5,8671,No
6166-YIPFO,Male,0,72,Two year,UPI,647,47460.5,No
7016-BPGEU,Female,0,29,Month-to-month,Credit card (automatic),251,7128.5,Yes
6876-ADESB,Male,0,1,Month-to-month,UPI,489.5,489.5,Yes
9332-GYWLO,Female,0,6,Month-to-month,UPI,548.5,3551,No
1963-SVUCV,Male,0,1,Month-to-month,UPI,453,453,Yes
4184-VODJZ,Male,0,63,One year,UPI,913.5,57647,No
0220-EBGCE,Male,0,2,Month-to-month,UPI,858.5,1673,Yes
1092-WPIVQ,Female,0,18,Two year,Debit Card,251,4284.5,No
7233-IOQNP,Female,0,43,Month-to-month,UPI,340,15053.5,No
2834-JKOOW,Female,0,15,One year,Debit Card,459,6934.5,No
2754-VDLTR,Male,0,10,Month-to-month,UPI,952,9304,Yes
2400-FEQME,Male,0,55,Two year,Debit Card,205,11779.5,No
3190-XFANI,Male,0,49,One year,UPI,1006,50696.5,Yes
7551-DACSP,Male,0,6,Month-to-month,Debit Card,553,3242.5,Yes
4957-SREEC,Male,0,70,Two year,Credit card (automatic),203.5,14581,No
7235-NXZCP,Male,1,2,Month-to-month,Debit Card,748.5,1564,Yes
0230-UBYPQ,Male,1,63,One year,UPI,361,22989,No
4923-ADWXJ,Female,0,25,Month-to-month,UPI,658,16796.5,No
1763-KUAAW,Female,1,18,One year,UPI,203.5,3696,No
1104-TNLZA,Male,1,28,Month-to-month,UPI,1058,29980,No
5195-KPUNQ,Female,1,53,One year,Debit Card,967.5,52065.5,No
0520-FDVVT,Male,0,35,One year,UPI,1023.5,36261,Yes
3439-GVUSX,Male,0,1,Month-to-month,Debit Card,244,244,No
1444-VVSGW,Male,0,70,One year,Credit card (automatic),1156.5,79688.5,Yes
5712-PTIWW,Male,0,2,Month-to-month,UPI,798.5,1524.5,Yes
5949-HGVJL,Female,0,26,Month-to-month,UPI,730.5,19595,No
5203-XEHAX,Female,0,34,One year,UPI,643.5,20530.5,No
1635-HDGFT,Female,0,19,Two year,Debit Card,205,3985.5,No
3315-TOTBP,Male,0,15,Month-to-month,Debit Card,760,11308.5,Yes
8050-XGRVL,Female,0,62,One year,Credit card (automatic),547.5,34253.5,No
6661-HBGWL,Female,1,42,Month-to-month,UPI,1047.5,43234.5,Yes
1518-VOWAV,Female,0,9,Month-to-month,UPI,746.5,7035.5,Yes
9828-QHFBK,Male,0,24,Month-to-month,UPI,511.5,12757,No
3908-MKIMJ,Male,1,68,Two year,UPI,419.5,29657.5,No
5012-YSPJJ,Male,0,31,Month-to-month,Debit Card,543.5,16470,No
5909-ECHUI,Female,0,1,Month-to-month,UPI,562.5,562.5,Yes
1309-BXVOQ,Male,0,21,Month-to-month,UPI,1061,22499.5,Yes
6728-VOIFY,Female,0,63,One year,UPI,960,61097.5,No
9317-WZPGV,Female,1,2,Month-to-month,UPI,797.5,1594,Yes
4891-NLUBA,Female,0,61,Two year,UPI,614.5,37511.5,No
2856-HYAPG,Female,0,1,Month-to-month,UPI,686.5,686.5,Yes
8969-PRHFK,Male,0,18,One year,Debit Card,196.5,4112.5,No
0661-KQHNK,Female,0,6,One year,Credit card (automatic),190,1055,No
8709-KRDVL,Female,0,33,Month-to-month,UPI,1000,33206,No
4488-PSYCG,Male,0,16,Month-to-month,UPI,202.5,3274.5,Yes
1427-VERSM,Female,0,56,Month-to-month,UPI,987,56695,No
9801-NOSHQ,Male,0,23,One year,Debit Card,198,4654.5,No
6339-YPSAH,Male,0,9,Month-to-month,UPI,738,7043,No
3621-CEOVK,Female,1,14,Month-to-month,UPI,1002,13698,Yes
6906-ANDWJ,Male,0,15,Month-to-month,UPI,749,11072.5,Yes
2159-TURXX,Male,0,5,Month-to-month,Credit card (automatic),200.5,955.5,No
1548-FEHVL,Male,0,61,Month-to-month,UPI,1062,63752,No
3795-CAWEX,Male,0,70,Two year,Credit card (automatic),1165.5,81523,No
6215-NQCPY,Male,0,15,Month-to-month,UPI,997,15667.5,No
5647-URDKA,Male,0,8,Two year,Debit Card,197,1302.5,No
2229-DPMBI,Female,0,8,Two year,Debit Card,195,1621.5,No
9626-WEQRM,Female,0,4,Month-to-month,Debit Card,291.5,1100.5,No
2188-SXWVT,Female,0,34,One year,Debit Card,550,18851.5,No
6258-PVZWJ,Male,0,68,Two year,Credit card (automatic),908,63028.5,No
1094-BKOSX,Female,0,45,One year,UPI,510,22645,No
6969-MVBAI,Female,1,9,Month-to-month,UPI,901,8168,No
2978-XXSOG,Female,0,22,Month-to-month,Debit Card,590.5,12535,No
2342-CKIAO,Female,0,2,Month-to-month,Debit Card,203,412,No
6953-PBDIN,Male,0,70,Two year,UPI,729.5,52655.5,No
3898-BSJYF,Female,0,10,One year,Credit card (automatic),735.5,6933,No
3938-YFPXD,Male,0,72,Two year,Credit card (automatic),843,59971,No
7696-AMHOD,Female,0,49,One year,Credit card (automatic),780,38242,No
2453-SAFNS,Female,1,54,One year,Debit Card,721,38860.5,No
9558-IHEZX,Female,0,71,Two year,Credit card (automatic),1067.5,72832.5,No
9617-UDPEU,Female,0,22,One year,Debit Card,192.5,4125.5,No
6340-DACFT,Female,0,50,Two year,Credit card (automatic),205.5,10702.5,No
4955-VCWBI,Female,0,43,One year,Debit Card,200,8179.5,No
6813-GZQCG,Female,0,45,Two year,Credit card (automatic),246.5,11713,No
7426-GSWPO,Male,1,64,Month-to-month,UPI,1035,65486.5,No
3389-KTRXV,Female,0,23,Two year,Debit Card,238.5,6256.5,No
3118-UHVVQ,Female,0,68,Two year,Credit card (automatic),258,19115,No
1031-IIDEO,Female,0,1,Month-to-month,UPI,708.5,708.5,Yes
5832-XKAES,Male,0,2,Month-to-month,Credit card (automatic),698,1347,Yes
3205-MXZRA,Male,0,26,One year,Credit card (automatic),594.5,15070,No
4701-AHWMW,Male,0,55,Month-to-month,UPI,545.5,29783,Yes
8317-BVKSO,Male,0,14,Month-to-month,UPI,200.5,2993,No
5702-KVQRD,Male,0,71,Two year,UPI,825.5,58326.5,No
0083-PIVIK,Male,0,64,One year,UPI,812.5,55675.5,No
9210-IAHGH,Female,0,7,Month-to-month,Credit card (automatic),707.5,4508,Yes
6169-PGNCD,Female,0,57,Two year,Credit card (automatic),743,41663.5,No
0023-XUOPT,Female,0,13,Month-to-month,UPI,941,12156,Yes
4592-IWTJI,Female,0,3,Month-to-month,Credit card (automatic),297,917,Yes
4909-JOUPP,Male,1,72,Two year,Credit card (automatic),1097,78984.5,No
4657-FWVFY,Female,0,40,Month-to-month,Credit card (automatic),963.5,39154,No
2257-BOVXD,Male,0,14,Month-to-month,Credit card (automatic),666,9795,No
7729-JTEEC,Male,0,2,Month-to-month,UPI,445,900.5,No
7632-MNYOY,Male,1,66,One year,Credit card (automatic),1109,74320.5,Yes
6518-LGAOV,Female,0,38,Month-to-month,UPI,1050,40264,Yes
7242-QZLXF,Male,0,1,Month-to-month,UPI,253,253,Yes
4576-CSAJH,Male,0,22,One year,Credit card (automatic),551.5,11930.5,Yes
1000-AJSLD,Male,0,1,Month-to-month,Debit Card,201,201,Yes
9696-RMYBA,Male,0,5,Month-to-month,Debit Card,801,3985.5,No
8690-UPCZI,Male,0,29,One year,UPI,690.5,19584.5,No
1062-LHZOD,Male,0,1,Month-to-month,Debit Card,699,699,Yes
9770-LXDBK,Female,0,3,Month-to-month,Debit Card,204,631.5,No
4086-WITJG,Male,0,71,Two year,Credit card (automatic),197,13011,No
8344-WFMFH,Male,0,9,Month-to-month,UPI,501,4840.5,No
9600-NAXZN,Male,0,43,Month-to-month,UPI,1014,45280,Yes
8822-KNBHV,Female,0,48,One year,Credit card (automatic),834.5,38878.5,No
8404-FYDIB,Male,0,26,Month-to-month,Credit card (automatic),866.5,22087.5,No
2791-SFVEW,Female,0,9,Month-to-month,UPI,201.5,2381.5,No
6457-USBER,Male,0,1,Month-to-month,UPI,808,808,Yes
6762-NSODU,Female,0,46,Two year,Credit card (automatic),194,9581.5,No
4662-EKDPQ,Male,0,2,Month-to-month,UPI,620.5,1183,Yes
9248-OJYKK,Male,1,1,Month-to-month,UPI,764.5,764.5,Yes
9888-ZCUMM,Male,0,64,Two year,UPI,600.5,38454.5,No
3398-FSHON,Female,1,12,Month-to-month,UPI,913,10945,Yes
3319-DWOEP,Male,1,6,Month-to-month,UPI,957.5,5737.5,Yes
1074-WVEVG,Female,0,59,One year,Debit Card,203.5,12670,No
9979-RGMZT,Female,0,7,One year,Debit Card,940.5,6334.5,No
6437-UDQJM,Female,1,72,Two year,Credit card (automatic),841,61296.5,No
1226-IENZN,Male,1,16,Month-to-month,UPI,787.5,12182.5,No
2108-GLPQB,Male,0,25,Month-to-month,Credit card (automatic),555.5,14053,No
9259-PACGQ,Female,0,34,Month-to-month,UPI,626.5,22749,Yes
4415-IJZTP,Female,0,1,Month-to-month,UPI,745,745,Yes
1465-VINDH,Female,0,10,Month-to-month,Credit card (automatic),1021,10688.5,Yes
5474-LAMUQ,Male,0,24,One year,Debit Card,201,5339,No
3468-DRVQJ,Female,0,10,One year,UPI,703,6761.5,No
1122-YJBCS,Male,0,69,One year,Credit card (automatic),536.5,38044,No
4990-ALDGW,Male,0,57,Two year,Debit Card,207.5,11188,No
4816-OKWNX,Male,0,50,One year,UPI,1034,52364,No
3315-IKYZQ,Male,0,28,One year,Debit Card,508,13868,No
2810-FTLEM,Female,0,16,Month-to-month,UPI,501.5,7622.5,Yes
4747-LCAQL,Male,0,25,Month-to-month,Debit Card,790,19020,No
3411-WLRSQ,Female,1,3,Month-to-month,UPI,746,2390.5,No
0898-XCGTF,Male,0,61,One year,UPI,965,56737,No
8006-PYCSW,Female,0,2,Month-to-month,Debit Card,201,398,No
8249-THVEC,Male,0,51,One year,Debit Card,194,9977.5,No
8722-PRFDV,Female,0,71,Two year,Credit card (automatic),775.5,55743.5,No
2164-SOQXL,Female,0,20,Month-to-month,Debit Card,200.5,4060.5,No
4020-KIUDI,Male,0,6,Month-to-month,Credit card (automatic),198.5,1388.5,No
5850-BDWCY,Female,0,6,Month-to-month,Debit Card,202,1236.5,No
2038-YSEZE,Female,0,29,Month-to-month,Debit Card,674.5,18011,No
0827-ITJPH,Male,0,36,Two year,Credit card (automatic),185.5,6890,No
8799-OXZMD,Female,0,28,Month-to-month,Debit Card,297.5,7907,No
1925-TIBLE,Female,0,7,Month-to-month,UPI,865,5825,Yes
1705-GUHPV,Female,0,63,Two year,Debit Card,242,16182,No
4779-ZGICK,Male,0,48,Two year,Debit Card,235.5,11733.5,No
0048-PIHNL,Female,0,49,One year,UPI,204.5,9009,No
0818-OCPZO,Male,1,27,Month-to-month,UPI,814.5,21220.5,Yes
3967-KXAPS,Male,0,72,Two year,Credit card (automatic),923,67199,No
1447-GIQMR,Male,0,1,Month-to-month,UPI,691.5,691.5,Yes
3704-IEAXF,Female,0,72,Two year,Credit card (automatic),536.5,37840,No
6810-VCAEX,Female,0,47,One year,Credit card (automatic),396.5,17986.5,No
0674-EYYZV,Female,0,1,Month-to-month,UPI,546.5,546.5,No
4480-MBMLB,Female,0,36,One year,UPI,1048,38864.5,No
1395-OFUWC,Male,0,43,Month-to-month,Credit card (automatic),293,12240.5,No
0822-QGCXA,Female,1,27,Month-to-month,UPI,838.5,23102,No
0872-NXJYS,Female,0,9,Month-to-month,UPI,795.5,7234,Yes
2832-KJCRD,Female,0,38,Month-to-month,UPI,1036.5,39885,No
3588-WSTTJ,Female,1,35,Month-to-month,UPI,990.5,35546,No
4075-WKNIU,Female,0,1,Two year,Debit Card,733.5,0,No
5090-EMGTC,Female,0,59,Two year,Debit Card,1000.5,60348.5,No
2346-CZYIL,Male,0,27,Two year,Credit card (automatic),203.5,5316,No
3798-EPWRR,Female,1,2,Month-to-month,UPI,439.5,851,No
6258-NGCNG,Male,0,7,Month-to-month,Debit Card,235,1730,No
4186-ZBUEW,Female,0,36,One year,Debit Card,707,25119.5,No
5274-XHAKY,Female,0,41,Month-to-month,UPI,943,38936,No
1442-BQPVU,Female,0,13,Month-to-month,UPI,291.5,3571.5,No
3978-YNKDD,Male,0,19,Two year,Credit card (automatic),208.5,4675,No
4940-KHCWD,Female,0,60,Two year,UPI,377,22887,No
9412-ARGBX,Female,0,48,Two year,Debit Card,955,46278.5,Yes
1389-CXMLU,Male,1,3,Month-to-month,UPI,910.5,2891,Yes
9589-ABEPT,Male,0,69,Two year,Debit Card,924.5,64605.5,No
9388-ZEYVT,Male,0,43,One year,UPI,441.5,19313,No
0305-SQECB,Female,0,11,One year,Debit Card,360.5,4026,No
7605-SNLQG,Female,0,45,Month-to-month,Credit card (automatic),502.5,22215.5,No
4670-TABXH,Male,0,72,Two year,Credit card (automatic),1097.5,77589,No
5561-NWEVX,Female,1,2,Month-to-month,UPI,792,1728.5,Yes
0064-SUDOG,Female,0,12,Two year,UPI,203,2245,No
8561-NMTBD,Female,0,67,One year,Credit card (automatic),1123.5,73884.5,No
5161-XEUVX,Male,0,37,Two year,Debit Card,943,34609.5,No
8292-FRFZQ,Female,0,39,One year,UPI,411.5,17009,No
8591-NXRCV,Female,0,41,Month-to-month,UPI,746.5,30906.5,No
7895-VONWT,Female,0,25,Month-to-month,UPI,482.5,12938,No
4526-RMTLL,Male,0,8,Two year,Credit card (automatic),761.5,6458,No
6253-GNHWH,Female,0,71,Two year,Debit Card,711,52249.5,No
4566-NECEV,Male,0,5,Month-to-month,UPI,965.5,5001,No
8080-POTJR,Female,0,30,One year,Credit card (automatic),793,24271,No
6906-MPARY,Male,0,40,One year,Credit card (automatic),896,34881.5,No
3662-FXJFO,Female,0,54,Two year,Debit Card,205,10357,No
8107-RZLNV,Male,0,72,Two year,UPI,1063,75653.5,No
0516-OOHAR,Male,0,28,One year,UPI,1003.5,27990,No
2027-CWDNU,Male,0,18,Month-to-month,UPI,856,16015,No
2737-WFVYW,Female,0,2,Month-to-month,UPI,452.5,855,Yes
9912-OMZDS,Female,0,59,One year,UPI,1061.5,62562,No
3733-ZEECP,Male,0,22,Month-to-month,UPI,511,12329,No
7878-RTCZG,Female,0,1,Month-to-month,Debit Card,199,199,No
2452-MRMZF,Female,1,72,Two year,Credit card (automatic),257,19374,No
2272-QAGFO,Female,1,14,Month-to-month,UPI,743,10962.5,Yes
7103-IPXPJ,Male,0,50,One year,UPI,994,50597.5,No
4342-HFXWS,Female,0,48,One year,UPI,697,30236.5,No
3545-CNWRG,Female,0,49,Month-to-month,UPI,983.5,48892,No
1785-BPHTP,Male,0,28,Month-to-month,UPI,854.5,22899,No
4989-LIXVT,Male,1,68,Month-to-month,UPI,959,65032,No
7315-WYOAW,Male,0,13,Month-to-month,UPI,1007.5,13132.5,No
1173-XZPYF,Female,0,11,Month-to-month,UPI,892,9903,No
9850-OWRHQ,Female,0,3,Month-to-month,Credit card (automatic),741,2280,Yes
3768-NLUBH,Male,1,57,Month-to-month,UPI,1006,57461.5,Yes
8676-TRMJS,Male,0,3,Month-to-month,Debit Card,750,2091,Yes
2509-TFPJU,Male,0,72,Two year,Credit card (automatic),257.5,18642,No
9530-GRMJG,Male,0,70,Two year,UPI,841,59797,No
6898-RBTLU,Female,0,49,Two year,UPI,793,39024.5,No
5481-NTDOH,Female,1,67,One year,Credit card (automatic),1070.5,71425,No
2068-WWXQZ,Male,0,46,Two year,UPI,200.5,9020,No
7359-SSBJK,Female,1,64,Two year,Credit card (automatic),702,44810,Yes
2061-VVFST,Female,0,37,Month-to-month,UPI,195,8052,No
0685-MLYYM,Female,1,2,Month-to-month,UPI,707.5,1548.5,Yes
0749-IRGQE,Female,1,13,Month-to-month,UPI,453,5284.5,No
2380-DAMQP,Female,0,72,Two year,UPI,1151.5,83497,No
2256-YLYLP,Male,0,68,Two year,UPI,729.5,49532.5,No
1272-ILHFG,Male,0,15,One year,Debit Card,196.5,3326.5,No
0164-XAIRP,Female,0,24,Two year,UPI,195.5,4702,No
5666-CYCYZ,Female,0,24,Month-to-month,UPI,895.5,22593.5,No
4011-ARPHK,Male,0,27,Month-to-month,Debit Card,503.5,14113.5,No
8182-PNAGI,Male,0,12,Month-to-month,UPI,502.5,5937.5,Yes
6365-HITVU,Female,0,71,Two year,Credit card (automatic),872.5,63287,No
7558-IMLMT,Male,0,67,Two year,Debit Card,208,14119,No
9488-FYQAU,Female,0,63,Two year,UPI,1092.5,68414,No
3590-TCXTB,Male,0,1,Month-to-month,Debit Card,203.5,203.5,No
6994-KERXL,Male,0,4,Month-to-month,UPI,559,2385,No
7957-RYHQD,Female,1,40,Month-to-month,Credit card (automatic),792,32338.5,Yes
2180-DXNEG,Female,0,12,Month-to-month,UPI,960,10621,Yes
1960-UOTYM,Male,0,52,Two year,UPI,792,40163,No
2740-JFBOK,Male,0,10,Month-to-month,UPI,240,2265.5,No
6500-JVEGC,Male,0,68,One year,UPI,1013.5,71107.5,No
5515-AKOAJ,Female,0,54,Month-to-month,UPI,1001,54409,Yes
8976-OQHGT,Female,0,4,Month-to-month,Debit Card,565,2351,Yes
5245-VDBUR,Female,0,52,One year,Debit Card,354.5,19589.5,No
6230-BSUXY,Female,1,1,Month-to-month,UPI,850,850,Yes
8469-SNFFH,Male,0,70,One year,UPI,794,55289,No
2144-ESWKO,Male,0,43,One year,Credit card (automatic),352,14637,No
1241-FPMOF,Male,0,52,Two year,Debit Card,196.5,10250.5,No
9928-BZVLZ,Female,0,12,Two year,Debit Card,498.5,5521,No
4114-QMKVN,Female,0,56,One year,UPI,687.5,38154,No
2775-SEFEE,Male,0,1,Two year,UPI,619,0,No
9003-CPATH,Male,0,42,Month-to-month,UPI,799,33134,No
1754-GKYPY,Male,1,22,Month-to-month,UPI,897.5,19389,No
5294-CDGWY,Male,0,51,One year,UPI,593,30146.5,Yes
7956-XQWGU,Male,0,27,Month-to-month,Credit card (automatic),194,4602.5,No
1591-MQJTP,Male,1,51,One year,UPI,936.5,48391.5,No
5295-PCJOO,Male,0,4,Month-to-month,UPI,494,1844,Yes
2369-FEVNO,Male,0,1,Month-to-month,Debit Card,199,199,No
9863-JZAIC,Male,0,35,Month-to-month,Debit Card,550,20105.5,Yes
7471-MQPOS,Male,1,71,One year,UPI,729,51396.5,No
7660-HDPJV,Female,0,1,Month-to-month,UPI,692,692,Yes
5115-SQAAU,Female,0,69,Two year,UPI,256,16734,No
9845-QOMAD,Male,0,14,One year,Debit Card,197.5,3093.5,No
7672-VFMXZ,Male,0,57,Month-to-month,UPI,557,31716,No
9739-JLPQJ,Female,0,72,Two year,Credit card (automatic),1175,86701,No
9916-AYHTC,Male,0,48,Two year,Credit card (automatic),198.5,9160,No
3855-ONCAR,Female,0,4,Month-to-month,Debit Card,789,2997.5,No
1488-SYSFC,Male,0,31,Month-to-month,UPI,206.5,7020.5,No
7931-PXHFC,Male,0,38,One year,Debit Card,623,23548,Yes
3990-QYKBE,Male,1,37,Month-to-month,UPI,925,34734,Yes
0970-QXPXW,Female,0,1,Month-to-month,Debit Card,196.5,196.5,No
3259-KNMRR,Male,1,57,Two year,UPI,797.5,44382,No
6120-RJKLU,Female,1,62,Two year,Credit card (automatic),799.5,48197.5,No
9572-WUKSB,Male,0,3,Month-to-month,UPI,299,922.5,No
5893-KCLGT,Female,0,72,Two year,Debit Card,197.5,15670,No
0076-LVEPS,Male,0,29,Month-to-month,Debit Card,450,12424.5,No
3640-JQGJG,Male,0,13,Month-to-month,UPI,448,5592,No
4919-MOAVT,Male,0,3,Month-to-month,UPI,696.5,2201,Yes
1596-OQSPS,Female,0,11,Month-to-month,UPI,511,5311.5,No
9867-XOBQA,Female,0,21,Two year,Debit Card,531.5,11832,No
9546-KDTRB,Female,0,19,Month-to-month,UPI,247,4658.5,No
3090-HAWSU,Male,0,61,Two year,Credit card (automatic),1116,68760.5,Yes
9820-RMCQV,Female,0,11,Month-to-month,Credit card (automatic),485.5,5010,Yes
3174-RKMOW,Male,0,35,Month-to-month,UPI,1099.5,37824,No
1760-CAZHT,Male,0,25,Month-to-month,Debit Card,208,4602,No
7839-QRKXN,Female,0,1,Month-to-month,Debit Card,202,202,Yes
8441-SHIPE,Female,0,67,Two year,UPI,256,17903.5,No
5204-QZXPU,Male,0,19,Month-to-month,UPI,396.5,7333.5,Yes
4597-ELFTS,Male,0,56,One year,UPI,249,13340,Yes
1320-GVNHT,Male,0,72,Two year,Credit card (automatic),1084,77672.5,No
1047-RNXZV,Male,0,43,Two year,Debit Card,195.5,8761.5,No
3541-ZNUHK,Female,0,55,Month-to-month,UPI,851,46009.5,No
8450-JOVAH,Male,0,2,Month-to-month,Debit Card,567,1135.5,Yes
8725-JEDFD,Male,0,27,Month-to-month,Debit Card,690.5,17932.5,No
7562-UXTPG,Female,0,13,Month-to-month,Debit Card,701.5,8867,No
8071-SBTRN,Female,0,70,Two year,Debit Card,1111.5,77375.5,No
1113-IUJYX,Female,0,14,One year,Debit Card,1059.5,13489,Yes
6668-CNMFP,Female,0,19,One year,UPI,893.5,16868.5,No
5626-MGTUK,Female,0,20,Month-to-month,UPI,891,18792.5,No
5681-LLOEI,Male,0,43,One year,Credit card (automatic),912.5,40138,No
8212-DJRCH,Male,0,5,Month-to-month,Debit Card,903.5,4345,No
4323-OHFOW,Female,1,70,One year,UPI,1055.5,71953.5,No
4933-BSAIP,Female,0,40,Two year,Debit Card,191,7801,No
2030-BTZRO,Male,0,6,Two year,Credit card (automatic),204,1076,No
1116-DXXDF,Male,0,39,Two year,UPI,1004.5,38017,No
9274-CNFMO,Male,1,4,Month-to-month,UPI,749.5,3087,Yes
7758-XKCBS,Male,0,15,Month-to-month,UPI,297,4382.5,Yes
8992-JQYUN,Male,0,1,Month-to-month,UPI,503.5,503.5,Yes
6563-VNPMN,Female,1,45,Month-to-month,UPI,857,37781,No
0617-AQNWT,Female,0,64,Two year,UPI,478.5,31475,Yes
2267-WTPYD,Female,1,57,Month-to-month,Credit card (automatic),940,54389.5,No
0270-THENM,Male,0,72,Two year,UPI,698.5,51023.5,No
2446-PLQVO,Male,0,1,Month-to-month,UPI,703,703,Yes
4707-MAXGU,Male,0,72,Two year,Credit card (automatic),258.5,18722,No
2710-WYVXG,Female,0,3,Two year,Debit Card,711,2133.5,No
3005-NFMTA,Male,1,55,Month-to-month,UPI,988,56177.5,Yes
6300-BWMJX,Female,0,59,Month-to-month,UPI,933.5,53865,No
8784-CGILN,Female,0,18,Month-to-month,UPI,998.5,17769.5,Yes
5389-FFVKB,Male,1,32,Month-to-month,Credit card (automatic),803,24830.5,Yes
7009-LGECI,Female,0,4,Month-to-month,UPI,505.5,2356.5,No
8444-WRIDW,Female,1,66,Month-to-month,Credit card (automatic),804.5,52243.5,Yes
5022-KVDQT,Male,0,27,Month-to-month,UPI,813,22728,No
7976-CICYS,Male,0,4,Month-to-month,Credit card (automatic),207,837.5,No
1036-GUDCL,Male,0,60,Month-to-month,Credit card (automatic),790.5,46634,No
2005-DWQZJ,Female,0,8,Two year,Debit Card,190.5,2017,No
8148-WOCMK,Male,0,8,Two year,Credit card (automatic),196,1250,No
7815-PDTHL,Male,0,35,Two year,Debit Card,202,6844,No
9451-LPGOO,Male,0,7,Month-to-month,UPI,868,6203.5,Yes
9173-IVZVP,Female,0,53,Two year,Debit Card,209,11460.5,No
9129-UXERG,Female,1,18,Month-to-month,Credit card (automatic),1036,18063.5,No
3635-JBPSG,Female,0,15,Two year,Debit Card,388,6030,No
7964-ZRKKG,Male,0,67,One year,UPI,884,57983,No
5868-YWPDW,Male,1,6,Month-to-month,UPI,842,5191.5,Yes
6229-LSCKB,Male,1,6,Month-to-month,UPI,797,4976,No
2025-JKFWI,Male,0,13,Month-to-month,Debit Card,990,13017,Yes
4078-SAYYN,Female,0,11,Month-to-month,UPI,1007.5,11297.5,Yes
1724-IQWNM,Male,0,1,Month-to-month,Debit Card,193,193,No
8217-QYOHV,Male,0,5,Month-to-month,Debit Card,557.5,2669.5,No
5546-QUERU,Male,0,13,One year,Debit Card,199.5,2570,No
9940-HPQPG,Female,0,9,Month-to-month,UPI,917.5,8658,Yes
6897-UUBNU,Male,0,29,Month-to-month,Debit Card,896.5,26236.5,No
6127-IYJOZ,Male,1,1,Month-to-month,Debit Card,458.5,458.5,No
6618-RYATB,Female,0,1,Month-to-month,Debit Card,795.5,795.5,Yes
8930-XOTDP,Female,0,18,Month-to-month,Debit Card,559.5,10828,No
5916-QEWPT,Female,0,2,Month-to-month,Credit card (automatic),690,1478,No
5060-TQUQN,Male,0,30,Month-to-month,UPI,835.5,25702,No
0531-XBKMM,Male,0,66,Two year,UPI,657,43789,No
8465-SBRXP,Male,0,38,Two year,UPI,949,36162.5,No
2408-PSJVE,Male,0,44,Month-to-month,Debit Card,619,29240.5,No
9079-YEXQJ,Female,0,54,Month-to-month,UPI,1111,60148.5,Yes
9700-ZCLOT,Male,0,2,Month-to-month,Debit Card,200,327,No
8738-JOKAR,Female,0,42,One year,Debit Card,677,28822.5,No
4534-WGCIR,Female,0,58,Two year,Credit card (automatic),251.5,15099,No
1930-WNXSB,Male,0,58,Month-to-month,UPI,928.5,53050.5,No
2685-SREOM,Female,0,25,Month-to-month,UPI,891,23684,Yes
3508-CFVZL,Female,0,71,Two year,Debit Card,1113,79859,No
0402-CQAJN,Female,0,37,Month-to-month,UPI,1019,35453.5,Yes
6692-UDPJC,Female,0,14,Month-to-month,UPI,916.5,13010,Yes
1273-MTETI,Female,1,4,Month-to-month,UPI,888.5,3724.5,Yes
0657-DOGUM,Female,0,48,One year,UPI,606,29852.5,No
5480-HPRRX,Female,1,3,Month-to-month,UPI,253,777.5,Yes
8792-AOROI,Female,0,8,Two year,Debit Card,655,5643.5,No
0295-PPHDO,Male,0,1,Month-to-month,UPI,954.5,954.5,Yes
5146-YYFRZ,Male,0,67,Two year,UPI,199.5,13117.5,No
1195-OIYEJ,Male,0,13,Month-to-month,UPI,911,11357,Yes
5906-CVLHP,Female,0,45,One year,Credit card (automatic),541.5,23198,Yes
3452-SRFEG,Male,0,49,Month-to-month,UPI,746,37203.5,No
4070-OKWVH,Female,0,52,Month-to-month,UPI,946,50258,No
5297-MDOIR,Female,0,63,One year,Credit card (automatic),811.5,52245,No
6369-MCAKO,Female,0,68,Two year,UPI,890.5,61858,No
4926-UMJZD,Female,0,31,Month-to-month,Debit Card,492,14985.5,No
6848-HJTXY,Female,0,64,Two year,Credit card (automatic),194.5,12086,No
6341-AEVKX,Female,0,62,One year,UPI,1043,66136.5,No
4501-EQDRN,Female,0,1,Month-to-month,UPI,697,697,Yes
2990-HWIML,Female,0,6,Month-to-month,UPI,895,5733,Yes
0682-USIXD,Female,0,21,Month-to-month,UPI,860.5,18189,No
6976-BWGLQ,Female,0,72,Two year,UPI,252,17873.5,No
7078-NVFAM,Female,0,32,Month-to-month,UPI,351.5,10510.5,No
8065-QBYTO,Female,1,71,One year,Credit card (automatic),996.5,71812.5,No
2133-TSRRM,Female,0,34,Month-to-month,UPI,1053.5,36886,No
7384-GHBPI,Male,0,3,Month-to-month,UPI,351.5,997.5,Yes
7603-USHJS,Male,0,12,Month-to-month,Credit card (automatic),737.5,8714,Yes
7234-FECYN,Female,1,8,Month-to-month,UPI,1013.5,7805,Yes
2511-ALLCS,Female,0,35,Two year,UPI,243,8216,No
3191-CSNMG,Female,0,3,Month-to-month,UPI,807,2394.5,No
7952-OBOYL,Male,0,3,Month-to-month,Debit Card,898.5,2444.5,No
7470-DYNOE,Male,0,53,One year,UPI,611,33579,No
7853-OETYL,Female,0,4,Month-to-month,UPI,290.5,1296,No
1545-ACTAS,Female,0,48,One year,UPI,997,49772,No
5876-HZVZM,Female,0,6,Month-to-month,Credit card (automatic),559,3653.5,Yes
1400-MMYXY,Male,1,3,Month-to-month,UPI,1059,3346.5,Yes
5126-RCXYW,Male,0,54,Two year,Credit card (automatic),460,24240.5,No
3085-QUOZK,Female,0,1,Month-to-month,Debit Card,439.5,439.5,Yes
2363-BJLSL,Male,0,62,Month-to-month,UPI,804,49811.5,No
1956-YIFGE,Male,0,22,One year,Debit Card,1000.5,20902.5,No
3926-CUQZX,Male,0,1,Month-to-month,UPI,451,451,Yes
7921-LMDFQ,Male,1,51,One year,UPI,940,49057.5,No
2925-MXLSX,Female,0,30,One year,Credit card (automatic),689.5,20387,No
5820-PTRYM,Female,1,56,One year,Credit card (automatic),684.5,40140,No
9609-BENEA,Male,0,35,One year,UPI,690,24417,No
6211-WHMYA,Female,1,64,Month-to-month,UPI,438.5,27510,No
4459-BBGHE,Male,0,30,Month-to-month,UPI,445,13078,No
9945-PSVIP,Female,0,25,Two year,Debit Card,187,3836.5,No
1041-RXHRA,Female,0,41,Month-to-month,UPI,702.5,28680.5,Yes
1750-CSKKM,Male,0,9,Month-to-month,UPI,553.5,4497.5,Yes
9108-EJFJP,Female,0,1,Month-to-month,Debit Card,535.5,535.5,No
0530-IJVDB,Male,0,70,Two year,UPI,1146,78825,No
0508-SQWPL,Female,0,57,Two year,UPI,201,10877,No
2215-ZAFGX,Male,0,9,Month-to-month,UPI,855,7917,No
8213-TAZPM,Female,0,69,One year,UPI,1087.5,74930.5,No
7142-HVGBG,Male,1,43,Month-to-month,UPI,1030,44143,Yes
1304-SEGFY,Female,0,72,Two year,UPI,978.5,68413,No
7242-EDTYC,Male,0,44,Two year,UPI,195.5,8199.5,No
2904-GGUAZ,Female,0,72,Two year,UPI,840.5,60522.5,No
8267-ZNYVZ,Female,0,33,One year,UPI,1037.5,33610.5,Yes
5136-GFPMB,Male,0,54,Month-to-month,Credit card (automatic),894,48695,No
2595-KIWPV,Male,0,27,Two year,Credit card (automatic),197,5093,No
5243-SAOTC,Male,0,54,Month-to-month,UPI,798.5,43082.5,No
9398-MMQTO,Male,0,3,Month-to-month,Credit card (automatic),744.5,2211,No
7619-PLRLP,Female,0,53,One year,UPI,741,38339.5,No
6457-GIRWB,Male,0,1,Month-to-month,UPI,693.5,693.5,Yes
6508-NJYRO,Male,0,15,One year,Debit Card,188,2949.5,No
1450-SKCVI,Female,0,56,Month-to-month,UPI,738.5,40928.5,Yes
4710-NKCAW,Male,0,5,Month-to-month,Credit card (automatic),644,3169,No
5306-BVTKJ,Male,0,48,One year,Credit card (automatic),558,26512,No
0357-NVCRI,Female,0,25,Month-to-month,Credit card (automatic),200.5,4717,No
5570-PTWEH,Female,0,3,Month-to-month,Credit card (automatic),751.5,2167.5,Yes
2371-KFUOG,Male,0,58,One year,UPI,991.5,57209.5,No
0463-ZSDNT,Male,0,10,Month-to-month,UPI,567.5,5032.5,No
6502-MJQAE,Male,0,1,Month-to-month,UPI,696,696,Yes
6257-DTAYD,Male,0,71,Two year,Credit card (automatic),1041.5,73653,No
4616-ULAOA,Female,0,65,Two year,Credit card (automatic),1108,72459,No
7693-LCKZL,Male,0,5,Month-to-month,UPI,801.5,3850,Yes
7746-AWNQW,Female,0,28,Month-to-month,Debit Card,357.5,9614,No
5996-EBTKM,Female,0,67,Two year,UPI,699,46159,No
2758-RNWXS,Male,0,35,One year,UPI,892,32513,No
2314-TNDJQ,Female,0,72,Two year,Credit card (automatic),556.5,38800.5,No
2405-LBMUW,Female,0,61,One year,UPI,507,30887.5,No
3454-JFUBC,Male,1,68,Two year,Credit card (automatic),200,13960,No
0032-PGELS,Female,0,1,Month-to-month,UPI,305,305,Yes
9039-ZVJDC,Male,0,3,Month-to-month,Debit Card,191,530.5,No
6797-LNAQX,Male,0,70,Two year,UPI,983,68595,Yes
9013-AQORL,Female,0,48,Month-to-month,Credit card (automatic),455.5,21083.5,No
2898-MRKPI,Male,0,68,One year,Credit card (automatic),1010.5,67705,No
2750-BJLSB,Female,0,47,One year,UPI,1037,47306,No
3648-GZPHF,Male,0,32,One year,Debit Card,362.5,11510.5,No
2075-RMJIK,Female,0,5,Month-to-month,Debit Card,494,2325.5,No
9588-YRFHY,Male,0,49,Two year,Credit card (automatic),199,10226,No
6394-MFYNG,Female,0,48,Month-to-month,UPI,1074,51213,Yes
1564-NTYXF,Female,1,13,Month-to-month,UPI,820,11272,Yes
9364-YKUVW,Male,0,15,Month-to-month,Debit Card,198,3094,No
5392-AKEMH,Female,0,12,Month-to-month,UPI,450.5,5231,No
2451-YMUXS,Male,1,67,Two year,UPI,645.5,42501,No
3914-FDRHP,Male,0,9,Month-to-month,UPI,862.5,7705,No
3078-ZKNTS,Female,0,13,Two year,UPI,197.5,2467,No
1024-KPRBB,Female,0,38,One year,Debit Card,891,33420,No
4690-PKDQG,Female,1,42,Month-to-month,UPI,955.5,39306,No
8155-IBNHG,Female,0,24,Month-to-month,Credit card (automatic),754,17478.5,Yes
0886-QGENL,Female,1,27,Month-to-month,UPI,1012.5,27544.5,Yes
9547-ITEFG,Male,0,9,Month-to-month,Credit card (automatic),1026,8977.5,No
1264-FUHCX,Female,0,49,One year,Credit card (automatic),563,27806,No
7789-CRUVC,Female,1,61,Month-to-month,Credit card (automatic),942,58954.5,No
6598-KELSS,Male,0,50,One year,UPI,430.5,22080.5,No
8739-WWKDU,Male,1,25,Month-to-month,UPI,895,21961.5,Yes
8685-WHQPW,Female,1,22,Month-to-month,UPI,744,16926,Yes
4745-LSPLO,Male,0,1,Month-to-month,Debit Card,205,205,Yes
8083-YTZES,Male,0,4,Month-to-month,UPI,743.5,2653.5,Yes
7240-FQLHE,Female,1,18,Month-to-month,UPI,997.5,18362.5,Yes
6664-FPDAC,Female,1,56,One year,UPI,1119.5,64189,Yes
9972-VAFJJ,Female,1,53,One year,UPI,940,48714.5,No
0422-UXFAP,Female,0,51,One year,UPI,988.5,49475.5,No
1904-WAJAA,Female,0,24,Two year,UPI,643.5,15586.5,No
5130-YPIRV,Female,0,62,Two year,Credit card (automatic),720,42842,No
2843-CQMEG,Male,0,24,Month-to-month,Debit Card,497,12182.5,No
6439-PKTRR,Female,0,70,Two year,UPI,807,56179.5,No
5351-QESIO,Male,0,1,Month-to-month,Debit Card,242,242,No
0786-VSSUD,Male,1,16,Month-to-month,Debit Card,390,6798.5,Yes
5568-DMXZS,Female,0,8,Month-to-month,UPI,654.5,5544.5,No
8468-FZTOE,Female,0,72,Two year,UPI,743.5,52374,No
6633-SYEUS,Female,0,23,Month-to-month,UPI,832,20323,No
6447-GORXK,Male,0,31,Month-to-month,Credit card (automatic),250,7892,No
6967-PEJLL,Male,0,37,One year,UPI,402,15253.5,No
3976-BWUCK,Female,0,30,Month-to-month,Credit card (automatic),941,28044.5,Yes
5981-ZVXOT,Female,1,35,One year,UPI,1083.5,37261.5,No
1684-FLBGS,Female,0,23,Month-to-month,Credit card (automatic),695,16521,No
1389-WNUIB,Female,0,20,One year,UPI,760,15887.5,No
0376-OIWME,Male,0,36,Month-to-month,UPI,936,33660.5,No
3585-ISXZP,Female,0,8,Month-to-month,UPI,956.5,7781,Yes
0218-QNVAS,Male,0,71,One year,UPI,1005.5,71137.5,No
6583-QGCSI,Female,1,50,Month-to-month,UPI,880.5,43673.5,Yes
0804-YGEQV,Female,0,43,One year,UPI,244.5,9931.5,No
7164-BPTUT,Male,0,57,Two year,Debit Card,895.5,50123.5,No
4174-LPGTI,Female,0,41,One year,UPI,665,27286,Yes
2523-EWWZL,Female,0,27,Month-to-month,UPI,761,20934,No
0928-XUTSN,Female,0,13,Month-to-month,UPI,805,10118,No
2108-XWMPY,Male,0,3,Month-to-month,Debit Card,354.5,1068.5,Yes
0052-YNYOT,Female,0,67,One year,UPI,205.5,13434,No
6304-IJFSQ,Male,0,3,Month-to-month,Debit Card,499,1301,Yes
9586-JGQKH,Female,0,64,Two year,UPI,1054,67947.5,No
4501-VCPFK,Male,0,26,Month-to-month,UPI,357.5,10225,No
6075-SLNIL,Male,0,38,Month-to-month,Credit card (automatic),951,36912,No
9347-AERRL,Male,0,23,One year,Credit card (automatic),193,4862,No
0093-XWZFY,Male,0,40,Month-to-month,Credit card (automatic),1045,40368.5,Yes
2274-XUATA,Male,1,72,Two year,UPI,631,46855.5,No
1980-KXVPM,Female,1,3,Month-to-month,Credit card (automatic),750.5,2562.5,Yes
7703-ZEKEF,Male,0,23,Month-to-month,UPI,810,19171,Yes
0723-DRCLG,Female,1,1,Month-to-month,UPI,744.5,744.5,Yes
5482-NUPNA,Female,0,4,Month-to-month,Debit Card,604,2721.5,Yes
6691-CCIHA,Female,0,62,Two year,UPI,849.5,51505.5,No
1685-BQULA,Female,0,40,Month-to-month,UPI,934,37564,No
9053-EJUNL,Male,0,41,Month-to-month,UPI,892,36457.5,No
0666-UXTJO,Male,1,34,Month-to-month,Credit card (automatic),852,28744.5,No
1471-GIQKQ,Female,0,1,Month-to-month,UPI,499.5,499.5,No
4807-IZYOZ,Female,0,51,Two year,UPI,206.5,10207.5,No
1122-JWTJW,Male,0,1,Month-to-month,Debit Card,706.5,706.5,Yes
9710-NJERN,Female,0,39,Two year,Debit Card,201.5,8260,No
9837-FWLCH,Male,0,12,Month-to-month,UPI,192,2390,No
1699-HPSBG,Male,0,12,One year,UPI,598,7278,Yes
7203-OYKCT,Male,0,72,One year,UPI,1049.5,75443,No
1035-IPQPU,Female,1,63,Month-to-month,UPI,1035,64794,No
7398-LXGYX,Male,0,44,Month-to-month,Credit card (automatic),848,36263.5,No
2823-LKABH,Female,0,18,Month-to-month,UPI,950.5,16794,No
8775-CEBBJ,Female,0,9,Month-to-month,UPI,442,4033.5,Yes
0550-DCXLH,Male,0,13,Month-to-month,Debit Card,733.5,9315.5,No
9281-CEDRU,Female,0,68,Two year,UPI,641,43262.5,No
2235-DWLJU,Female,1,6,Month-to-month,UPI,444,2630.5,No
0871-OPBXW,Female,0,2,Month-to-month,Debit Card,200.5,392.5,No
3605-JISKB,Male,1,55,One year,Credit card (automatic),600,33161,No
6894-LFHLY,Male,1,1,Month-to-month,UPI,757.5,757.5,Yes
9767-FFLEM,Male,0,38,Month-to-month,Credit card (automatic),695,26252.5,No
0639-TSIQW,Female,0,67,Month-to-month,Credit card (automatic),1029.5,68862.5,Yes
8456-QDAVC,Male,0,19,Month-to-month,UPI,787,14951,No
7750-EYXWZ,Female,0,12,One year,UPI,606.5,7433,No
2569-WGERO,Female,0,72,Two year,UPI,211.5,14194,No
6840-RESVB,Male,0,24,One year,Debit Card,848,19905,No
2234-XADUH,Female,0,72,One year,Credit card (automatic),1032,73629,No
4801-JZAZL,Female,0,11,Month-to-month,UPI,296,3464.5,No
8361-LTMKD,Male,1,4,Month-to-month,Debit Card,744,3066,Yes
3186-AJIEK,Male,0,66,Two year,UPI,1056.5,68445,No